# format	twist_snake_sector_blocks_v2
# status	NON-CANONICAL floating-point engineering diagnostic
# L	4
# k	1
# chain	0
# kind	0
# kind_name	main
# base	0
# restriction	-1
# schedule	round_trip
# seed	202609304100
# seam_size	16
# start_twist	0
# chain_initial	cold0
# warmup_sweeps	512
# dwell_sweeps	16384
# dwell_long_sweeps	32768
# visit_sweeps	2048
# equilibration_sweeps	32
# post_forcing_sweeps	512
# block_length	512
# segments	32
# seam_order	x2_fastest_then_x3
# class_rule	class0_if_2W_ge_minus_n_else_classMinus
# action_density	minus_sum_logW_divided_by_6L4
# sampling	every_production_sweep_after_full_heatbath_sweep
L	k	chain	kind	segment	n	phase	block	count	sumFn	sumFn2	sumFi	sumFi2	sumBn	sumBn2	sumBi	sumBi2	sumPFi	sumPFi2	sumY	sumY2	sumS	sumS2	hF0	hF1	hF2	hF3	hF4	hB0	hB1	hB2	hB3	hB4	sec0	secMinus	secPlus	secOther	untMinus	untPlus	untOther	pure0	pureMinus	purePlus	flips	classMinus	sumW	minW	maxW	forced
4	1	0	0	0	0	dwell	0	512	383.502852327261	471.271469750862	401.027976908819	399.566139121514	0	0	0	0	512	512	10.4130848373099	53.3998393632986	-594.805889022302	691.091527513949	285	115	3	2	107	0	0	0	0	0	0	0	0	0	122	156	3	0	0	0	0	0	0	0	0	0
4	1	0	0	0	0	dwell	1	512	407.668003942574	622.029342945178	404.968732609621	415.520383899262	0	0	0	0	512	512	3.20125750261684	40.4324490673012	-595.327118734639	692.301170553789	280	113	1	5	113	0	0	0	0	0	0	0	0	0	101	101	1	0	0	0	0	0	0	0	0	0
4	1	0	0	0	0	dwell	2	512	411.045904644446	587.034219663758	407.46827166364	410.867126252014	0	0	0	0	512	512	-1.82900907857282	38.0850125333201	-595.007894463176	691.554741863394	286	101	6	4	115	0	0	0	0	0	0	0	0	0	110	93	0	0	0	0	0	0	0	0	0	0
4	1	0	0	0	0	dwell	3	512	418.425838001008	782.48255275145	402.568824063304	436.54734242414	0	0	0	0	512	512	-10.7699592106261	38.5463220481593	-595.763452075481	693.315599832192	277	121	5	9	100	0	0	0	0	0	0	0	0	0	109	94	1	0	0	0	0	0	0	0	0	0
4	1	0	0	0	0	dwell	4	512	438.839253521955	788.909171289146	435.284461027972	514.92310968513	0	0	0	0	512	512	-3.25619123524013	52.0833232552892	-594.453449541792	690.273753427586	258	114	6	8	126	0	0	0	0	0	0	0	0	0	145	132	0	0	0	0	0	0	0	0	0	0
4	1	0	0	0	0	dwell	5	512	403.52317887415	668.131791220512	397.015008710801	412.173391575261	0	0	0	0	512	512	-12.9332087199217	53.7031499763874	-594.073225925986	689.390730219726	239	145	3	6	119	0	0	0	0	0	0	0	0	0	172	147	1	0	0	0	0	0	0	0	0	0
4	1	0	0	0	0	dwell	6	512	402.063125571321	646.149959441694	399.426552264056	402.043825344691	0	0	0	0	512	512	-5.93844474119636	44.8999950423978	-593.803402096609	688.763839721822	284	118	2	6	102	0	0	0	0	0	0	0	0	0	136	119	1	0	0	0	0	0	0	0	0	0
4	1	0	0	0	0	dwell	7	512	430.835188212577	735.791652149275	416.181556993802	440.137982303061	0	0	0	0	512	512	8.57275878744038	42.0150262270695	-594.108775426657	689.480516223397	268	110	5	7	122	0	0	0	0	0	0	0	0	0	116	139	0	0	0	0	0	0	0	0	0	0
4	1	0	0	0	0	dwell	8	512	407.725764687264	550.647084505291	416.982751600875	427.956016586995	0	0	0	0	512	512	7.25709521987982	49.8220840307804	-594.475909664144	690.326160163734	277	106	4	3	122	0	0	0	0	0	0	0	0	0	113	119	2	0	0	0	0	0	0	0	0	0
4	1	0	0	0	0	dwell	9	512	402.408617074133	535.528675684453	406.565453000427	400.099706223114	0	0	0	0	512	512	-1.7231489751144	44.5202864534359	-594.864653457369	691.235068821744	291	101	4	3	113	0	0	0	0	0	0	0	0	0	135	99	1	0	0	0	0	0	0	0	0	0
4	1	0	0	0	0	dwell	10	512	409.097567425069	692.725124397617	397.438179161751	405.870230467081	0	0	0	0	512	512	-0.548632212165067	45.6400056638821	-594.546532088508	690.487157572716	280	117	8	7	100	0	0	0	0	0	0	0	0	0	124	135	0	0	0	0	0	0	0	0	0	0
4	1	0	0	0	0	dwell	11	512	406.343798676014	585.389433731217	408.679195076841	417.533129639245	0	0	0	0	512	512	6.43481479526358	48.7094666235518	-593.632399226807	688.367434684973	273	113	5	4	117	0	0	0	0	0	0	0	0	0	123	150	2	0	0	0	0	0	0	0	0	0
4	1	0	0	0	0	dwell	12	512	413.867597411636	557.36016515637	417.299990596983	424.55205376339	0	0	0	0	512	512	0.757365507958981	49.4056684099782	-594.621254392374	690.665339443844	283	97	6	3	123	0	0	0	0	0	0	0	0	0	133	116	1	0	0	0	0	0	0	0	0	0
4	1	0	0	0	0	dwell	13	512	411.468410473512	628.370363434012	409.001543490033	420.376354077544	0	0	0	0	512	512	4.21097306769633	49.1399426598837	-593.821820465865	688.811347993497	277	111	4	5	115	0	0	0	0	0	0	0	0	0	141	143	0	0	0	0	0	0	0	0	0	0
4	1	0	0	0	0	dwell	14	512	390.019593409454	524.995642492236	398.118499216329	402.372299312615	0	0	0	0	512	512	4.63676971945794	47.3846675979662	-594.185072232093	689.65386093998	266	125	6	3	112	0	0	0	0	0	0	0	0	0	115	141	1	0	0	0	0	0	0	0	0	0
4	1	0	0	0	0	dwell	15	512	385.614308507262	513.637767645246	392.452387477202	382.249635334408	0	0	0	0	512	512	-1.21546194975049	45.5148671676916	-594.88594166732	691.283211962683	277	122	4	3	106	0	0	0	0	0	0	0	0	0	145	107	0	0	0	0	0	0	0	0	0	0
4	1	0	0	0	0	dwell	16	512	378.963865319453	432.380121002856	389.527067991951	366.429376194933	0	0	0	0	512	512	-8.26115229931096	45.2998128095878	-595.004924735583	691.55374781271	274	121	4	1	112	0	0	0	0	0	0	0	0	0	126	116	0	0	0	0	0	0	0	0	0	0
4	1	0	0	0	0	dwell	17	512	415.230309841323	595.82801338175	413.509969651527	414.72431538646	0	0	0	0	512	512	9.20595294773318	51.0105248659328	-594.098392052044	689.456660623519	284	100	4	4	120	0	0	0	0	0	0	0	0	0	119	143	0	0	0	0	0	0	0	0	0	0
4	1	0	0	0	0	dwell	18	512	396.228277186634	564.016479756319	395.490109930397	388.477368737084	0	0	0	0	512	512	17.5220389796674	41.0098003665205	-594.744363662075	690.941395684913	283	114	5	4	106	0	0	0	0	0	0	0	0	0	82	131	0	0	0	0	0	0	0	0	0	0
4	1	0	0	0	0	dwell	19	512	397.245498113509	601.886101559274	391.492242710351	382.831180132431	0	0	0	0	512	512	11.0506016959883	45.719069151677	-594.499461805726	690.373351524331	281	118	6	5	102	0	0	0	0	0	0	0	0	0	123	133	1	0	0	0	0	0	0	0	0	0
4	1	0	0	0	0	dwell	20	512	422.1786470607	609.247971707247	419.049735788945	426.069586874303	0	0	0	0	512	512	-2.08568183407895	46.7408608473785	-594.055914591658	689.359998980772	282	97	2	4	127	0	0	0	0	0	0	0	0	0	136	121	0	0	0	0	0	0	0	0	0	0
4	1	0	0	0	0	dwell	21	512	396.198860331626	554.632437822812	401.913129127586	401.139274695292	0	0	0	0	512	512	12.4551499100622	44.840162901677	-594.402620718992	690.145152502522	303	101	6	4	98	0	0	0	0	0	0	0	0	0	115	141	1	0	0	0	0	0	0	0	0	0
4	1	0	0	0	0	dwell	22	512	423.569703380069	715.197853473261	411.804702536644	422.878992113825	0	0	0	0	512	512	5.4250992301841	46.084510097284	-594.242497712813	689.777307778577	288	103	4	7	110	0	0	0	0	0	0	0	0	0	119	142	0	0	0	0	0	0	0	0	0	0
4	1	0	0	0	0	dwell	23	512	373.983118901016	425.362825935901	385.743978366922	358.702576923252	0	0	0	0	512	512	-0.884208430150593	45.7190371332172	-594.29354259363	689.895656958763	269	127	6	1	109	0	0	0	0	0	0	0	0	0	126	123	0	0	0	0	0	0	0	0	0	0
4	1	0	0	0	0	dwell	24	512	400.710576415079	579.056840421461	398.260166315309	390.741074644066	0	0	0	0	512	512	9.14536072946155	50.2908946874213	-594.191075214541	689.657666834564	264	122	7	4	115	0	0	0	0	0	0	0	0	0	123	136	0	0	0	0	0	0	0	0	0	0
4	1	0	0	0	0	dwell	25	512	438.320479785073	705.934444563011	424.361450727551	438.518398590381	0	0	0	0	512	512	-12.3126673181883	45.9713730711107	-594.512866624434	690.409325195787	284	91	4	6	127	0	0	0	0	0	0	0	0	0	141	106	0	0	0	0	0	0	0	0	0	0
4	1	0	0	0	0	dwell	26	512	396.209023605071	488.978343293596	404.540480901156	393.533971954755	0	0	0	0	512	512	13.0940025560034	49.0918087059756	-594.405704340141	690.172393140395	292	101	4	2	113	0	0	0	0	0	0	0	0	0	127	148	0	0	0	0	0	0	0	0	0	0
4	1	0	0	0	0	dwell	27	512	411.919260192259	551.884775301194	413.655911752055	417.556696504105	0	0	0	0	512	512	7.06235046990804	53.4299551029511	-594.624840912423	690.670027764487	289	95	5	3	120	0	0	0	0	0	0	0	0	0	130	160	1	0	0	0	0	0	0	0	0	0
4	1	0	0	0	0	dwell	28	512	400.73892030476	609.536658023047	399.297644501654	395.763444075811	0	0	0	0	512	512	-4.19965609639963	48.1481706484552	-594.335294768857	689.999978744276	281	117	2	5	107	0	0	0	0	0	0	0	0	0	146	140	2	0	0	0	0	0	0	0	0	0
4	1	0	0	0	0	dwell	29	512	435.882785683822	812.172135358913	410.918290484761	423.887320489532	0	0	0	0	512	512	-6.29531911451256	50.6162133319516	-594.071168942069	689.384338060747	280	108	1	9	114	0	0	0	0	0	0	0	0	0	130	132	1	0	0	0	0	0	0	0	0	0
4	1	0	0	0	0	dwell	30	512	413.157360824448	629.427125353456	411.471070016223	421.4137808065	0	0	0	0	512	512	-1.3213220532089	41.4657317219902	-594.142972812005	689.556276405847	282	107	3	5	115	0	0	0	0	0	0	0	0	0	137	120	0	0	0	0	0	0	0	0	0	0
4	1	0	0	0	0	dwell	31	512	410.528203872891	557.101188124215	410.307667037659	412.911529367466	0	0	0	0	512	512	4.76094106712412	43.6585526049975	-594.074302083822	689.383124290577	271	107	6	3	125	0	0	0	0	0	0	0	0	0	109	117	0	0	0	0	0	0	0	0	0	0
4	1	0	0	1	1	up	0	512	410.835188212577	592.9269070649	416.871795929392	427.59500228063	663.379313495089	1785.43646700361	662.105326221875	1108.19625749717	512	512	22.5442575463104	47.9155607378684	-594.438193336651	690.240754826048	276	109	2	4	121	224	216	25	10	37	488	21	3	0	108	122	0	312	15	3	207	21	-18	-1	1	0
4	1	0	0	1	1	up	1	512	416.948677047267	569.213385705022	427.275850539922	451.334811450641	634.109876629166	1460.4426906387	639.42323595027	992.309724758206	512	512	25.9908708331367	52.8508002921669	-594.421477955369	690.204111467831	273	103	1	3	132	211	244	17	1	39	489	15	8	0	131	138	0	284	4	5	232	15	-7	-1	1	0
4	1	0	0	1	1	up	2	512	425.240473114768	657.202742586896	430.635722813291	470.465930158983	673.350969605407	1845.00986499266	658.326403954141	1089.80829225912	512	512	15.0165010251023	46.4795909565213	-594.973200507142	691.479700826542	265	109	3	5	130	215	226	26	3	42	496	9	7	0	134	106	0	314	6	4	222	9	-2	-1	1	0
4	1	0	0	1	1	up	3	512	459.463385474771	789.496318016331	447.762614562493	508.765560368819	660.385411459156	1674.58281400953	659.92633888136	1093.04871147585	512	512	23.5160148357117	50.2937482160923	-594.577869589173	690.569482503784	257	97	3	7	148	223	230	22	8	29	492	13	7	0	139	120	1	294	10	5	216	13	-6	-1	1	0
4	1	0	0	2	2	up	0	512	433.944611737889	666.878572324534	438.462476895533	479.991579884783	593.081419463521	1334.67992006738	597.306863042372	886.358175939607	512	512	37.0460772731377	57.4666230365838	-594.402825389109	690.14663603943	275	96	4	5	132	253	200	16	7	36	994	24	6	0	146	119	1	291	0	0	215	1	-18	-2	1	0
4	1	0	0	2	2	up	1	512	433.455254856016	704.45418212094	432.744583250182	463.843831008602	579.799786669465	1284.31141036563	577.65548254347	824.539821565078	512	512	52.3456103125006	53.0258314279867	-594.90434232045	691.321621377583	269	104	4	6	129	242	203	15	1	51	987	30	7	0	97	114	2	315	1	0	209	1	-23	-2	1	0
4	1	0	0	2	2	up	2	512	436.401559420704	635.70562578667	440.735421749567	472.561605364103	610.615381472589	1479.24489087734	596.112202291523	885.714248861978	512	512	51.9394606922095	56.541035211779	-594.413112081779	690.178384646591	274	91	4	4	139	240	206	19	2	45	974	33	16	1	104	119	1	308	0	0	203	1	-19	-2	1	0
4	1	0	0	2	2	up	3	512	455.652815670389	811.753960527036	443.895011372981	489.769331260941	601.104738354462	1351.69588887625	594.935622839418	859.102573893965	512	512	43.2891342295525	46.0670536235938	-594.890706005155	691.283909644975	275	93	1	8	135	250	210	16	2	34	990	26	8	0	105	93	1	326	0	0	222	0	-18	-1	1	0
4	1	0	0	3	3	up	0	512	457.092542426329	779.766823715895	455.880690158451	508.685010325979	583.657953945093	1256.35221173957	585.928607004402	831.998987569682	512	512	83.6883353989904	56.9069293920536	-594.415729586495	690.187450493469	272	90	1	7	142	236	211	14	4	47	1490	32	14	0	98	113	0	308	0	0	202	1	-18	-2	1	0
4	1	0	0	3	3	up	1	512	455.922365812275	676.381023078879	468.540755056827	529.165405040754	625.318560406347	1549.76729334649	620.630106663028	990.02987140977	512	512	75.8093629901145	65.2120964175447	-593.041531543989	687.003600817236	257	88	3	4	160	212	219	20	7	54	1456	59	21	0	103	131	2	281	0	0	227	7	-38	-2	1	0
4	1	0	0	3	3	up	2	512	455.317487441021	745.501639575394	457.816310477185	524.244896226408	583.407657384771	1281.43291241143	595.190167089995	882.608462341007	512	512	51.2193150548906	55.0727155359017	-593.559990798011	688.21855380221	261	94	2	6	149	257	197	15	6	37	1458	67	11	0	117	82	0	315	0	0	189	6	-56	-2	2	0
4	1	0	0	3	3	up	3	512	508.004405137268	936.844435294478	498.340822120571	618.619729936906	609.848457106037	1416.26796060721	594.982131829775	872.591177940899	512	512	64.9548418313606	56.6356401323881	-594.435432411491	690.236307920387	265	63	7	9	168	217	223	17	3	52	1484	39	13	0	118	105	0	312	0	0	209	2	-26	-2	1	0
4	1	0	0	4	4	up	0	512	457.23640780539	704.537555967385	459.498118588974	515.596979933462	536.114901627907	1034.75354047666	547.10203615788	742.65007614923	512	512	87.1818344038933	62.1390958519436	-595.045522714533	691.650641342485	279	77	3	5	148	235	197	10	3	67	1974	57	17	0	112	100	0	308	0	0	209	0	-40	-2	2	0
4	1	0	0	4	4	up	1	512	444.961832664764	831.777017861852	439.188294388734	504.231120804812	548.734968271346	1093.3628548577	559.493462045986	791.701526393016	512	512	96.8841574056937	61.9134570041873	-593.78410278815	688.719260489417	265	109	6	9	123	228	202	11	6	65	1972	51	25	0	83	89	0	318	0	0	212	0	-26	-2	2	0
4	1	0	0	4	4	up	2	512	451.084411807573	726.396530520529	460.84112849646	542.246265411893	532.72683765259	1024.18324810763	548.614609895539	756.935421354039	512	512	93.3459878978286	65.502942541978	-594.590614927558	690.589601701712	284	81	6	6	135	244	190	10	5	63	1978	56	14	0	95	90	1	313	0	0	193	0	-42	-2	1	0
4	1	0	0	4	4	up	3	512	424.184745024767	654.560613302201	427.322867746758	446.822386274401	561.757214196961	1176.42138374402	559.441857511573	763.792438532957	512	512	104.262437062117	58.7676267068257	-595.031290950711	691.608874213247	269	108	1	5	129	254	194	13	3	48	1999	33	16	0	75	96	0	333	0	0	197	0	-17	-2	1	0
4	1	0	0	5	5	up	0	512	462.812942286962	649.937121869282	481.393949207962	571.270805266601	589.454295166653	1299.57571308853	586.061091045058	839.982788491027	512	512	126.231421091881	81.7856183110675	-593.800470501715	688.756950190952	258	77	7	3	167	243	209	15	2	43	2470	65	25	0	83	99	0	307	0	0	177	1	-40	-3	1	0
4	1	0	0	5	5	up	1	512	445.336741022584	619.373481449083	468.408343919896	523.522678341624	616.316527751658	1496.76285733671	598.438178737354	911.206701935124	512	512	113.224967395128	76.6260996130153	-593.681232819885	688.47846671251	264	87	4	3	154	219	216	19	5	53	2464	75	21	0	97	80	0	298	0	0	210	0	-54	-2	2	0
4	1	0	0	5	5	up	2	512	502.02569137352	929.966831152928	490.909636587802	601.975454548414	564.291176206028	1111.87549149463	575.09677015045	809.100707779252	512	512	119.043563487044	76.4995407561813	-594.355304428454	690.050222351582	261	71	4	9	167	249	208	11	2	42	2479	53	28	0	114	82	0	298	0	0	208	0	-25	-2	2	0
4	1	0	0	5	5	up	3	512	492.697420797582	840.23601059441	494.200832814517	592.96029073869	579.051042919151	1317.44178443099	573.645518337596	840.835778405439	512	512	109.469419194698	75.5290590373395	-593.550496122712	688.190307267872	268	66	3	7	168	243	196	16	3	54	2437	82	41	0	101	88	0	282	0	0	202	1	-41	-3	2	0
4	1	0	0	6	6	up	0	512	449.463385474771	625.41206275229	468.397060533569	532.059169429284	559.943652048527	1103.24622126711	570.117774545625	798.586185443988	512	512	146.691332591375	92.409699391214	-593.808337104188	688.775742820092	269	82	1	3	157	249	203	11	5	44	2956	79	36	1	68	87	0	303	0	0	204	0	-45	-2	2	0
4	1	0	0	6	6	up	1	512	502.341766021325	995.291878701202	500.869136155171	646.333062630776	535.508950291328	1087.88789331626	530.555081906284	693.826954237697	512	512	137.247018132343	89.1950547940455	-594.253786575507	689.810875514981	276	69	4	11	152	276	173	12	1	50	2960	71	41	0	88	75	0	299	0	0	209	0	-30	-3	2	0
4	1	0	0	6	6	up	2	512	458.897014266644	712.169931814921	465.903364986138	531.388544207632	599.9051448854	1424.25641954475	574.619054623024	821.495521750285	512	512	140.322768500031	96.5758117288116	-593.47921421804	688.023959297047	263	84	8	5	152	243	202	18	2	47	2940	84	48	0	87	75	1	298	0	0	203	0	-36	-2	2	0
4	1	0	0	6	6	up	3	512	444.607250853833	542.238226533458	477.800079616812	546.112520525171	532.04601792041	957.385916324198	544.169252720339	717.398324825868	512	512	134.281450566499	90.5706751630846	-593.916011820571	689.021432791338	272	74	6	1	159	235	205	8	1	63	2942	96	33	1	96	77	1	299	0	0	215	0	-65	-3	2	0
4	1	0	0	7	7	up	0	512	533.388403803207	1090.10652207833	523.392782365072	674.055615135395	521.430976275712	1002.16062734993	543.545507157742	748.1615249545	512	512	167.646278357673	101.858027183486	-594.188060098662	689.661466031007	262	60	2	12	176	250	179	10	6	67	3449	92	43	0	70	80	1	294	0	0	210	0	-49	-2	1	0
4	1	0	0	7	7	up	1	512	554.281012932584	1272.88656705818	532.974876177039	724.02889211272	536.027724028209	985.532246803377	554.808802526848	765.17369328419	512	512	180.94201993656	114.898850040509	-594.285197136602	689.889574718355	252	67	1	16	176	262	190	9	6	45	3465	84	34	1	54	71	1	317	0	0	196	0	-52	-2	2	0
4	1	0	0	7	7	up	2	512	510.519113564772	945.535348291707	522.156273827103	673.192658429541	517.044944955084	991.730025906307	516.751069944837	661.532967410318	512	512	161.449825073708	100.833027446373	-594.334293526205	689.99796876215	261	66	1	9	175	260	174	10	3	65	3449	102	33	0	74	70	1	300	0	0	207	0	-69	-2	2	0
4	1	0	0	7	7	up	3	512	522.274914968517	994.709180378853	529.379484204236	704.625701800137	552.486704365713	1200.63867798464	536.104705955636	728.600073991604	512	512	171.21274029378	112.633745692375	-593.532328316384	688.140908089099	273	53	3	10	173	246	186	14	2	64	3434	84	65	1	84	77	0	283	0	0	204	0	-21	-3	4	0
4	1	0	0	8	8	up	0	512	472.908137229452	839.726912022922	475.758387290495	585.754228783625	512.495794673831	1018.49277168752	510.045936772788	674.174213365232	512	512	193.618837946602	124.534721663378	-593.964526345449	689.147240245944	274	80	4	8	146	260	164	11	6	71	3944	107	45	0	52	72	0	299	0	0	200	0	-62	-2	2	0
4	1	0	0	8	8	up	1	512	490.64372536227	911.791219703847	483.030226385879	584.577579563018	504.213088914449	1034.16682206322	494.331245138146	630.425262787413	512	512	203.336800618085	132.00850644609	-594.119675283993	689.50294451946	257	81	6	9	159	278	149	12	2	71	3946	107	43	0	65	88	1	289	0	0	217	1	-64	-5	2	0
4	1	0	0	8	8	up	2	512	474.223252187894	809.758845508985	478.171499215443	568.942446774966	485.05810057258	788.617383485016	487.646169919083	565.659188707658	512	512	185.260470940604	115.197813657124	-594.541902988155	690.474370402837	267	80	3	7	155	276	165	6	2	63	3953	112	31	0	67	75	0	303	0	0	187	0	-81	-2	2	0
4	1	0	0	8	8	up	3	512	484.376207875074	928.166377222737	472.387739920992	561.388389046434	518.705551416338	962.306970224165	518.67777389445	663.37860131446	512	512	184.412884998869	118.46848254775	-593.935861693796	689.078657784967	280	76	3	10	143	248	182	9	7	66	3932	116	48	0	61	63	0	311	0	0	204	0	-68	-2	2	0
4	1	0	0	9	9	up	0	512	486.55558807321	870.551753677695	501.335102666774	629.540469903737	579.473548748216	1321.72249667157	561.470900451868	795.864877702781	512	512	205.377811949202	138.287227439867	-594.334923056789	689.995035817248	254	82	6	8	162	238	200	16	0	58	4432	140	36	0	56	58	0	300	0	0	200	3	-104	-5	2	0
4	1	0	0	9	9	up	1	512	480.480606401646	747.871487930276	493.506850665388	590.044036097501	549.971995938209	1117.86350972337	552.508027695716	743.390727766302	512	512	217.140511267962	141.81709144504	-594.694386756113	690.831498622576	267	67	5	5	168	262	188	12	2	48	4442	128	37	1	48	68	0	300	0	0	204	0	-93	-3	2	0
4	1	0	0	9	9	up	2	512	501.066231191336	894.852421764757	506.56383289785	637.512148926387	553.561686037277	1055.95974675867	558.647874732368	754.153437423309	512	512	208.419611403	135.648363829811	-593.769900046696	688.691140440522	256	71	4	8	173	253	203	10	3	43	4454	113	39	2	69	66	0	293	0	0	213	0	-78	-4	2	0
4	1	0	0	9	9	up	3	512	525.989216865083	1116.11672035598	513.220349520778	672.779121566373	576.632602399463	1239.27637539124	569.630616057093	803.398271497208	512	512	226.842834269763	147.031603273655	-594.594616774911	690.598340098395	256	73	2	13	168	250	202	14	2	44	4454	108	45	1	40	60	0	330	0	0	188	0	-61	-3	2	0
4	1	0	0	10	10	up	0	512	509.617414127277	913.149543523006	518.760976902662	676.343193924751	521.622439126018	1069.50474519541	519.176034252564	685.713763343156	512	512	244.990019395176	169.354277683182	-593.485674711115	688.03377703695	245	71	6	8	182	261	166	12	5	68	4914	124	82	0	67	52	1	281	0	0	213	0	-42	-3	2	0
4	1	0	0	10	10	up	1	512	560.461352820082	1281.454194516	538.584515256605	736.964986887161	477.965897974142	813.37126137835	490.757286937229	589.040178191612	512	512	231.749526885511	162.466120356708	-593.533831107741	688.13554409713	256	60	1	16	179	275	156	7	1	73	4939	136	44	1	73	47	2	296	0	0	199	0	-94	-4	1	0
4	1	0	0	10	10	up	2	512	549.521146219461	1268.45996091554	527.043951686249	712.749804903256	542.265824660398	1145.13002838532	528.768326789386	710.629618654622	512	512	242.481212483861	160.77083752781	-594.00918244342	689.243810210446	242	76	3	16	175	251	181	13	3	64	4964	112	44	0	37	43	0	333	0	0	204	0	-68	-4	2	0
4	1	0	0	10	10	up	3	512	513.840326487281	886.742452518053	521.199007095004	660.749069720504	547.170629717908	1164.42449349572	534.47182182557	727.816184478284	512	512	250.41511862536	167.147396384645	-594.081047140189	689.405430689842	245	66	1	7	193	223	193	13	6	77	4955	104	60	1	39	49	0	309	0	0	221	0	-46	-2	2	0
4	1	0	0	11	11	up	0	512	525.999380138528	939.269723442408	540.373979482302	717.086810271128	517.899046921333	992.708739670055	523.488011965481	691.574659021474	512	512	256.904128748209	182.403795603749	-594.033037791797	689.300067160023	253	56	1	8	194	260	174	10	4	64	5434	147	50	1	58	36	0	304	0	0	203	0	-99	-3	2	0
4	1	0	0	11	11	up	1	512	565.269889969776	1296.13890040488	567.87943122485	831.942657472101	493.742985614138	908.558842203637	494.199891955259	601.652417625205	512	512	255.62775924359	184.222506806104	-594.126429873533	689.511665974749	237	67	5	16	187	279	155	9	3	66	5421	154	55	2	52	53	0	280	0	0	195	0	-99	-3	2	0
4	1	0	0	11	11	up	2	512	557.746091234153	1175.94644286101	546.872572821624	738.8783771398	527.054035263202	1111.20274671858	531.460687608221	746.517600760044	512	512	265.160958349134	188.583503666936	-594.208949347239	689.701239399373	243	59	0	13	197	266	162	13	7	64	5423	149	59	1	38	40	0	304	0	0	214	0	-92	-3	2	0
4	1	0	0	11	11	up	3	512	500.749083578205	887.651973618926	517.572712327838	662.679097759157	508.388403803207	976.352640053314	510.21831986474	652.774264224085	512	512	264.821059432763	189.832811185984	-594.201421806671	689.689917233954	270	62	5	8	167	262	167	10	3	70	5437	141	54	0	51	55	0	288	0	0	200	0	-87	-2	2	0
4	1	0	0	12	12	up	0	512	523.407657384771	1001.00718768638	533.320166353818	719.987431474658	482.620406471329	894.828466485603	479.696702854253	578.899509645498	512	512	282.659309644573	209.772756343506	-594.03243095535	689.295647156449	257	60	9	10	176	268	151	9	3	81	5927	143	72	2	45	36	0	291	0	0	207	0	-71	-3	3	0
4	1	0	0	12	12	up	1	512	547.08345211821	1078.20098388339	544.247418885599	730.854817100351	478.176614406011	844.560613302201	481.636658800434	587.07713939764	512	512	304.488200611361	235.460582537256	-593.764604210426	688.682982505498	262	47	0	11	192	285	147	8	2	70	5905	150	89	0	26	62	0	277	0	0	190	0	-61	-3	2	0
4	1	0	0	12	12	up	2	512	550.02066637478	1128.14821726493	538.268805664597	712.219380292014	471.901079576022	736.20319569075	477.100937906071	553.256877681856	512	512	295.955051223459	225.206548213416	-593.952214473329	689.112173081513	237	63	4	12	196	265	165	5	1	76	5920	153	69	2	44	52	0	277	0	0	210	0	-84	-3	3	0
4	1	0	0	12	12	up	3	512	510.547457454454	938.87991097767	526.889809785337	710.493949399621	491.718707033834	915.387230187224	485.058637291478	589.900932749616	512	512	291.308300319967	220.109227265081	-593.521098507476	688.11524737671	270	58	7	9	168	256	162	9	3	82	5917	154	73	0	38	44	0	286	0	0	208	0	-81	-3	3	0
4	1	0	0	13	13	up	0	512	574.876800995718	1242.99389618378	569.432193040164	803.054868148126	464.799786669465	768.486568710858	475.229270891198	556.398795896679	512	512	301.634433680251	232.587040643995	-593.782966730862	688.717137344361	234	55	3	14	206	246	162	6	1	97	6418	181	57	0	27	24	0	295	0	0	216	0	-124	-4	2	0
4	1	0	0	13	13	up	1	512	546.49782732852	1148.22226598795	547.142942641613	745.800286626818	532.764271850391	1158.29986517148	516.597065486842	676.829780145832	512	512	308.912511718864	241.749651797813	-594.19786658656	689.673854143913	261	55	2	13	181	267	164	14	2	65	6424	160	71	1	30	35	0	298	0	0	197	0	-91	-5	2	0
4	1	0	0	13	13	up	2	512	558.610356473848	1074.18902277055	565.291427287203	753.023888450567	500.394501767274	894.636457913905	498.922658646424	611.676787025239	512	512	325.281016754315	252.342723119491	-594.053496779056	689.353187113734	232	53	2	10	215	257	174	8	1	72	6464	125	66	1	20	30	0	331	0	0	188	0	-57	-4	2	0
4	1	0	0	13	13	up	3	512	534.117893971959	981.911403754934	552.602745130724	742.645775263718	490.019593409454	831.736228882967	497.760664031858	608.10044564194	512	512	319.633195682515	248.989086838427	-593.352463929667	687.72740540973	266	45	3	9	189	274	162	7	6	63	6422	163	71	0	26	26	0	292	0	0	219	0	-92	-3	3	0
4	1	0	0	14	14	up	0	512	569.080459774158	1199.79700263013	571.196467976409	806.342520158886	438.963865319453	638.668374873228	448.5931580177	483.825204290075	512	512	356.157000002242	303.174948151551	-594.051548287833	689.338562961049	231	58	1	13	209	278	140	4	3	87	6906	160	100	2	11	20	0	302	0	0	218	0	-64	-4	2	0
4	1	0	0	14	14	up	1	512	568.907177540089	1191.50475759046	576.67627116824	822.306397229134	447.82203259508	766.902078631519	449.089398033406	506.032900731804	512	512	340.602129994636	275.411402660251	-594.308963985995	689.938013177969	248	47	2	13	202	264	137	7	3	101	6945	154	68	1	19	30	0	311	0	0	180	0	-88	-4	2	0
4	1	0	0	14	14	up	2	512	539.147310826967	999.186798568133	564.730888923888	789.957115735706	425.384338493829	544.944651104023	446.788275114257	482.848527367862	512	512	327.595676297883	256.001929783289	-593.935931630963	689.068988532094	242	55	7	9	199	280	141	2	0	89	6915	197	56	0	13	28	1	296	0	0	206	0	-141	-3	2	0
4	1	0	0	14	14	up	3	512	586.767377470406	1261.54999497419	587.633734314978	851.155782932168	432.399526766015	664.756621306567	442.277518058943	479.81072003712	512	512	350.948964128026	297.428110371873	-593.505177843994	688.080931198334	235	45	5	14	213	277	132	5	1	97	6909	160	98	1	11	25	1	303	0	0	198	0	-64	-3	2	0
4	1	0	0	15	15	up	0	512	659.780533087902	1817.84090136072	624.645611491943	1002.53171235061	453.369150221644	740.026249720218	455.388425262527	518.261386834956	512	512	367.093693580226	316.257831655613	-594.75239410155	690.963038410328	223	46	5	26	212	267	146	6	1	92	7428	174	78	0	10	16	0	297	0	0	194	0	-96	-3	3	0
4	1	0	0	15	15	up	1	512	619.214161879775	1528.92249584523	611.787296323367	959.461723777912	462.534301836958	792.866162239528	458.963840805164	528.244498200772	512	512	355.820370042621	303.239195419675	-593.784446828071	688.726543280843	241	42	2	20	207	262	149	7	2	92	7368	223	88	1	5	14	0	264	0	0	223	0	-133	-4	3	0
4	1	0	0	15	15	up	2	512	612.160466444463	1444.33801816095	595.178050438164	864.617678302213	464.184745024767	755.012945822561	460.707332399397	517.84423833313	512	512	372.284753997497	320.24081493315	-594.251293847724	689.816780567856	246	37	0	18	211	273	151	6	2	80	7425	165	89	1	7	4	0	308	0	0	232	0	-78	-3	4	0
4	1	0	0	15	15	up	3	512	590.923438777601	1165.77971582655	603.957061667158	866.434842229111	464.137147553522	797.769933467595	464.297907732312	555.303670136159	512	512	350.49680821751	290.445252783142	-594.044571734881	689.320342475794	228	36	2	11	235	257	152	7	2	94	7411	208	59	2	9	11	0	304	0	0	208	0	-149	-3	2	0
4	1	0	0	16	16	dwell	0	512	0	0	0	0	417.054035263202	566.267042004451	428.19242547897	443.98868069285	0	0	380.258551584162	330.99896277249	-594.096254752097	689.444438387962	0	0	0	0	0	278	129	3	3	99	7887	213	92	0	0	0	0	288	0	0	191	0	-121	-4	2	0
4	1	0	0	16	16	dwell	1	512	0	0	0	0	423.714641724457	618.926025647303	425.384223843827	441.516173802385	0	0	380.880428773158	334.207922546806	-594.149699729395	689.576049007621	0	0	0	0	0	266	134	4	2	106	7922	188	80	2	0	0	0	304	0	0	208	0	-112	-3	2	0
4	1	0	0	16	16	dwell	2	512	0	0	0	0	448.425838001008	830.043532392118	429.651123108457	463.324130461301	0	0	393.554293163048	351.177396013297	-594.576378608569	690.552798643128	0	0	0	0	0	285	120	9	3	95	7883	213	96	0	0	0	0	280	0	0	209	0	-117	-3	2	0
4	1	0	0	16	16	dwell	3	512	0	0	0	0	410.604145233818	507.741978755774	425.40273808039	433.450600937468	0	0	390.073728962332	344.903789031568	-594.858595553466	691.211668988151	0	0	0	0	0	304	119	2	4	83	7944	171	76	1	0	0	0	311	0	0	209	0	-97	-3	2	0
4	1	0	0	16	16	dwell	4	512	0	0	0	0	427.811869321636	689.69142807636	423.523257830455	445.621803583389	0	0	395.287423322196	353.288494657145	-593.801221685967	688.747213386166	0	0	0	0	0	283	121	6	2	100	7938	179	75	0	0	0	0	313	0	0	195	0	-104	-3	3	0
4	1	0	0	16	16	dwell	5	512	0	0	0	0	422.648750361011	570.718480712158	426.301969149865	442.056109333539	0	0	383.813696548972	331.038296537235	-594.513124442953	690.406067424029	0	0	0	0	0	285	128	3	7	89	7941	176	74	1	0	0	0	322	0	0	203	0	-104	-3	2	0
4	1	0	0	16	16	dwell	6	512	0	0	0	0	413.925358156326	671.33488775082	421.245728134892	446.740581026428	0	0	386.237941512159	345.086068898655	-594.837367242976	691.165198727841	0	0	0	0	0	272	115	6	2	117	7911	197	84	0	0	0	0	306	0	0	215	0	-113	-5	3	0
4	1	0	0	16	16	dwell	7	512	0	0	0	0	455.077354154143	816.121148102386	443.621931143825	497.9295763423	0	0	375.442676784414	331.578758834691	-593.820641720712	688.813911705904	0	0	0	0	0	263	139	8	1	101	7885	224	82	1	0	0	0	291	0	0	219	0	-144	-5	2	0
4	1	0	0	16	16	dwell	8	512	0	0	0	0	456.017560754765	850.30828408719	440.59417537772	489.562570181036	0	0	399.18380299064	352.713416291821	-594.506308099199	690.387688887514	0	0	0	0	0	269	132	9	2	100	7928	169	94	1	0	0	0	298	0	0	201	0	-77	-2	2	0
4	1	0	0	16	16	dwell	9	512	0	0	0	0	438.253628732264	710.708727275	439.452527373575	496.934980872162	0	0	402.151021680344	363.6934799756	-593.802982718671	688.767168395548	0	0	0	0	0	273	131	6	4	98	7895	194	101	2	0	0	0	282	0	0	238	0	-93	-2	2	0
4	1	0	0	16	16	dwell	10	512	0	0	0	0	426.698380486945	684.267478581565	426.947643915235	457.889894973834	0	0	402.761581898044	365.439233729221	-594.249101626325	689.80601120827	0	0	0	0	0	290	117	6	3	96	7906	181	105	0	0	0	0	304	0	0	186	0	-76	-4	3	0
4	1	0	0	16	16	dwell	11	512	0	0	0	0	417.524138563513	527.764158804678	430.524613852216	444.463827616085	0	0	368.975246862523	316.191013334995	-594.038097153472	689.308955771744	0	0	0	0	0	285	131	2	4	90	7907	203	79	3	0	0	0	305	0	0	212	0	-130	-4	3	0
4	1	0	0	16	16	dwell	12	512	0	0	0	0	428.301226203509	689.171249809631	429.739461805444	474.896884235033	0	0	382.420465306195	336.328631793773	-594.671599382601	690.776427010452	0	0	0	0	0	285	120	6	3	98	7911	200	78	3	0	0	0	304	0	0	183	0	-124	-4	2	0
4	1	0	0	16	16	dwell	13	512	0	0	0	0	389.779460122576	410.31138557552	408.93520424769	391.664513369482	0	0	396.763880725839	353.448405933224	-594.413654463593	690.175323721479	0	0	0	0	0	284	121	0	4	103	7945	168	79	0	0	0	0	314	0	0	225	0	-89	-3	2	0
4	1	0	0	16	16	dwell	14	512	0	0	0	0	417.831122903199	600.618701479726	422.665463301934	439.623161128344	0	0	375.30019419254	326.473394215064	-594.709904830415	690.867374168527	0	0	0	0	0	282	122	4	5	99	7909	208	75	0	0	0	0	309	0	0	213	0	-133	-3	2	0
4	1	0	0	16	16	dwell	15	512	0	0	0	0	428.406584419444	723.306945434054	426.939448250837	470.303591671369	0	0	396.335097162954	351.20098787796	-594.176734958014	689.622405728415	0	0	0	0	0	290	114	7	2	99	7914	171	104	3	0	0	0	286	0	0	230	0	-73	-5	2	0
4	1	0	0	16	16	dwell	16	512	0	0	0	0	415.191802678197	593.973466575016	423.953444611861	455.587537826718	0	0	381.376798827225	341.733591854326	-594.095848535133	689.450772126254	0	0	0	0	0	286	118	4	6	98	7873	210	108	1	0	0	0	276	0	0	220	0	-104	-4	3	0
4	1	0	0	16	16	dwell	17	512	0	0	0	0	414.223252187894	566.415160108935	422.827431468464	434.996236497184	0	0	392.994343979586	355.792912451096	-595.003306195942	691.557905262362	0	0	0	0	0	267	131	3	3	108	7904	193	95	0	0	0	0	284	0	0	213	0	-98	-3	2	0
4	1	0	0	16	16	dwell	18	512	0	0	0	0	465.806844322895	797.899421983672	451.613138493793	509.77532997634	0	0	384.678257947652	341.10202582004	-593.231358072642	687.440689123776	0	0	0	0	0	263	151	7	2	89	7884	211	94	3	0	0	0	285	0	0	220	0	-123	-5	2	0
4	1	0	0	16	16	dwell	19	512	0	0	0	0	440.365084912266	678.964162110026	439.994812902263	474.973705659002	0	0	391.269543880612	347.804969883039	-594.292068401804	689.89724351554	0	0	0	0	0	273	138	5	3	93	7920	175	96	1	0	0	0	307	0	0	214	0	-81	-3	2	0
4	1	0	0	16	16	dwell	20	512	0	0	0	0	445.96996328352	728.954408672867	435.544223897496	469.311499999108	0	0	380.873434500247	333.192868714476	-594.203247294012	689.693909977484	0	0	0	0	0	261	141	6	4	100	7909	204	79	0	0	0	0	300	0	0	195	0	-125	-5	2	0
4	1	0	0	16	16	dwell	21	512	0	0	0	0	427.457287510705	659.56726525103	423.734971440841	444.058807026834	0	0	389.661920856392	346.773710775124	-594.520458196785	690.426919330897	0	0	0	0	0	266	130	5	5	106	7952	165	74	1	0	0	0	327	0	0	200	0	-93	-5	3	0
4	1	0	0	16	16	dwell	22	512	0	0	0	0	427.888883647889	619.209835244524	425.222480437425	435.713525398859	0	0	398.890507746719	362.179449231173	-594.782685898648	691.038847538746	0	0	0	0	0	275	130	4	8	95	7905	186	101	0	0	0	0	294	0	0	211	0	-85	-3	3	0
4	1	0	0	16	16	dwell	23	512	0	0	0	0	439.35695429351	744.731339769333	445.36788484978	516.930527101448	0	0	389.863659879275	343.076737635274	-594.115154676339	689.482502862733	0	0	0	0	0	281	124	7	4	96	7935	182	74	1	0	0	0	306	0	0	216	0	-110	-4	2	0
4	1	0	0	16	16	dwell	24	512	0	0	0	0	406.189770023508	578.024462094914	413.313366279355	417.96557627785	0	0	399.611250766262	360.429973544833	-594.253237360941	689.803159012791	0	0	0	0	0	289	111	4	5	103	7926	185	79	2	0	0	0	311	0	0	217	0	-110	-3	2	0
4	1	0	0	16	16	dwell	25	512	0	0	0	0	439.875728030392	642.402301051761	441.04490648735	478.64236298487	0	0	385.042126593879	336.290290412906	-594.387776636192	690.128230281334	0	0	0	0	0	271	142	4	5	90	7926	196	69	1	0	0	0	302	0	0	184	0	-129	-4	3	0
4	1	0	0	16	16	dwell	26	512	0	0	0	0	424.654848325078	653.086553836791	425.073429607755	464.086142801641	0	0	379.521148444271	346.785708864862	-594.043830083798	689.334889046565	0	0	0	0	0	268	126	5	7	106	7884	231	75	2	0	0	0	315	0	0	204	0	-156	-7	2	0
4	1	0	0	16	16	dwell	27	512	0	0	0	0	431.151262860381	689.950405108515	427.247317579682	455.95033977649	0	0	396.562141702956	350.027117969367	-593.869207539262	688.919277850469	0	0	0	0	0	295	119	6	2	90	7930	167	95	0	0	0	0	307	0	0	200	0	-72	-3	2	0
4	1	0	0	16	16	dwell	28	512	0	0	0	0	452.831122903199	878.483446564102	437.251040957106	497.762793927997	0	0	378.263090183859	332.825254270632	-593.764636437742	688.685192832424	0	0	0	0	0	274	123	10	2	103	7847	235	109	1	0	0	0	269	0	0	221	0	-128	-3	2	0
4	1	0	0	16	16	dwell	29	512	0	0	0	0	418.253628732264	604.872805924987	423.237870941509	457.159694535583	0	0	387.724380099835	352.219900073357	-594.394265728785	690.134927885274	0	0	0	0	0	273	125	4	6	104	7907	201	82	2	0	0	0	297	0	0	211	0	-123	-5	2	0
4	1	0	0	16	16	dwell	30	512	0	0	0	0	430.575801344136	694.317592683865	429.878461070218	463.529652751	0	0	388.233402912462	343.901285959302	-594.200049274789	689.688803075358	0	0	0	0	0	283	123	6	2	98	7918	190	84	0	0	0	0	308	0	0	192	0	-106	-4	4	0
4	1	0	0	16	16	dwell	31	512	0	0	0	0	424.942579083201	576.792096989759	427.452093602491	442.004016936948	0	0	397.583174239332	356.742388663211	-594.086794581702	689.425028906932	0	0	0	0	0	282	132	3	5	90	7926	171	95	0	0	0	0	308	0	0	214	0	-76	-3	3	0
4	1	0	0	17	15	down	0	512	581.326691025103	1116.18858619344	599.808873881984	860.254756564839	450.182712370078	694.063941342458	463.052690338334	538.128230824733	512	512	365.292976929895	316.724790594566	-594.167298831971	689.605238275791	220	43	5	10	234	276	144	5	3	84	7394	207	78	1	6	10	0	297	0	0	198	0	-131	-4	2	0
4	1	0	0	17	15	down	1	512	589.598160545714	1224.37305313534	596.83120097696	855.718399648899	453.944611737889	735.632454349553	449.981620268236	493.078789001672	512	512	356.531131878131	295.866236149358	-594.504646448861	690.390687995306	254	29	0	13	216	275	141	6	5	85	7438	179	63	0	12	4	0	308	0	0	207	0	-116	-4	1	0
4	1	0	0	17	15	down	2	512	599.253742008228	1255.59701171984	613.142584225382	918.14206345316	473.369150221644	882.890994804594	464.072937729856	551.812399658838	512	512	367.581733574119	309.618227677672	-594.441611041694	690.236881915055	214	45	6	13	234	259	147	9	4	93	7441	178	61	0	6	11	0	315	0	0	211	0	-117	-3	2	0
4	1	0	0	17	15	down	3	512	618.677207526656	1498.035583107	612.022271898186	927.879108973046	428.225284842583	553.25330152968	446.770075841115	477.205935178392	512	512	375.194052043455	319.24106328735	-594.495053741409	690.369995749947	223	48	7	19	215	272	146	2	0	92	7386	185	108	1	8	13	0	287	0	0	195	0	-79	-3	3	0
4	1	0	0	18	14	down	0	512	586.30743744354	1271.45421517442	579.582896503518	827.984161275934	468.628537090085	768.225367476284	469.104905526087	536.554556598687	512	512	352.455049747173	294.201282334764	-594.134076367348	689.532707761186	213	60	3	14	222	260	159	6	2	85	6936	137	94	1	22	23	0	304	0	0	200	0	-41	-3	2	0
4	1	0	0	18	14	down	1	512	632.333748678533	1632.55043981467	597.945246977152	904.683077148797	425.32657774914	542.162830893923	444.335022622682	471.244739167429	512	512	335.848183200423	269.390156874318	-594.434356253665	690.220000796256	217	55	3	22	215	283	138	2	3	86	6951	146	71	0	19	22	0	313	0	0	195	0	-75	-3	2	0
4	1	0	0	18	14	down	2	512	587.418780347578	1393.1273634741	572.170339261926	831.924595002603	463.407657384771	720.634678551971	462.41364065335	518.071669050304	512	512	332.177512284718	266.868984514734	-594.069464181022	689.372809303686	264	42	4	18	184	265	157	5	4	81	6936	170	62	0	26	19	0	297	0	0	219	0	-108	-4	2	0
4	1	0	0	18	14	down	3	512	572.84235914197	1204.28347631223	582.905095572841	856.253576148722	518.081419463521	1030.52692111263	503.43768769487	639.390749460805	512	512	346.411060239115	288.779443015018	-593.328551382256	687.679919280618	230	54	6	13	209	257	171	11	3	70	6921	184	63	0	22	33	0	285	0	0	207	0	-121	-3	3	0
4	1	0	0	19	13	down	0	512	572.87979333977	1338.40009337608	566.67300868289	810.256458274351	509.9051448854	1059.24089144468	495.770711427818	613.697109180517	512	512	311.170304360321	236.792643458358	-593.611256714879	688.330749288966	253	56	3	17	183	243	166	12	2	89	6425	158	73	0	25	25	0	296	0	0	211	0	-85	-3	2	0
4	1	0	0	19	13	down	1	512	609.694428453531	1483.04045982558	584.240987845313	872.823902765696	470.85444179414	763.060395013645	480.88317126728	568.355396086658	512	512	314.138858837288	240.644835435312	-594.334289898408	689.998614062447	229	53	1	19	210	279	153	6	3	71	6422	152	80	2	30	22	0	297	0	0	191	0	-76	-3	2	0
4	1	0	0	19	13	down	2	512	591.786631051969	1344.53269990723	583.755620707066	853.305742656719	495.682232525397	810.397432596551	501.737337274462	607.056603513187	512	512	304.31802297347	232.955960895758	-594.045244376164	689.324206322281	230	53	3	16	210	267	176	6	2	61	6445	163	47	1	22	36	0	313	0	0	202	0	-118	-4	2	0
4	1	0	0	19	13	down	3	512	578.591102892285	1142.04223918752	576.273617382812	794.435131143552	503.379313495089	901.853311445724	506.518435161068	635.227065341824	512	512	308.839266742033	231.162137225149	-593.86481854129	688.893932779569	237	40	0	11	224	252	178	8	1	73	6422	174	60	0	23	31	0	296	0	0	207	0	-114	-3	1	0
4	1	0	0	20	12	down	0	512	539.933488775082	1174.28390462598	529.437672887329	709.03203528268	500.355994604148	855.726479577493	490.450955201629	579.187618472129	512	512	303.28539142017	230.549071277968	-594.232565520603	689.762311528333	256	66	4	14	172	263	176	7	2	64	5934	139	70	1	33	50	0	292	0	0	202	0	-71	-3	2	0
4	1	0	0	20	12	down	1	512	540.269889969776	1108.30076311582	535.270446463632	708.838363864314	477.150303171019	814.193878830705	476.736105898961	560.306631782429	512	512	287.581044547779	215.928665314205	-593.757977602777	688.665338570461	249	64	0	12	187	265	156	7	6	78	5912	163	68	1	30	47	1	287	0	0	199	0	-97	-3	2	0
4	1	0	0	20	12	down	2	512	527.371182876333	1081.34776333473	523.132786355872	706.430854664179	463.349896640081	717.879466137186	473.443556134495	550.355230047327	512	512	294.444642905927	226.387073451117	-594.168351368283	689.611930101631	256	67	5	12	172	272	155	5	3	77	5944	139	61	0	36	47	0	304	0	0	200	0	-78	-3	3	0
4	1	0	0	20	12	down	3	512	541.690363144153	1001.24888204664	546.770964623932	715.776043208856	457.571736034758	733.734445389348	461.723661000771	520.177548711279	512	512	300.173018564067	226.038291015763	-593.54851084901	688.175724362744	251	49	3	9	200	297	138	6	1	70	5932	143	68	1	34	50	0	289	0	0	206	0	-77	-4	3	0
4	1	0	0	21	11	down	0	512	565.85444179414	1284.24221770276	552.998604142909	774.577019129926	516.411722694148	956.286569537195	513.953082759841	644.398888547525	512	512	269.373267204094	196.804378996726	-593.64635503313	688.398069248455	267	48	4	16	177	259	180	9	1	63	5419	146	65	2	39	53	0	286	0	0	221	0	-85	-3	3	0
4	1	0	0	21	11	down	1	512	548.235448116027	1085.42626459428	553.844129291242	758.732655492784	502.44712423726	955.290103470953	508.902135135124	646.765715393271	512	512	273.74904146966	198.199390805138	-593.376807665779	687.769909141431	245	55	5	11	196	285	153	10	5	59	5442	121	68	1	39	70	0	291	0	0	212	0	-55	-3	2	0
4	1	0	0	21	11	down	2	512	559.214161879775	1174.38590806083	553.752009436865	768.917778451021	525.91220253883	1075.37880300815	513.834823559946	663.17285104449	512	512	274.78005519007	193.907797909128	-594.122202012138	689.509677193676	249	53	3	13	194	268	169	12	1	62	5451	125	56	0	38	54	0	306	0	0	221	0	-69	-3	2	0
4	1	0	0	21	11	down	3	512	535.259726696331	1128.95485764504	533.995099419907	719.701179421879	506.171589407271	862.795215004829	512.191269732408	621.784184886442	512	512	272.879136921929	196.299981765962	-593.695939810466	688.528952860208	260	63	4	13	172	269	178	7	2	56	5437	137	58	0	46	52	0	300	0	0	205	0	-79	-3	2	0
4	1	0	0	22	10	down	0	512	523.667044253212	1005.47903121275	520.071908142135	673.924237434388	503.004405137268	891.897650885108	511.124982621696	637.612869419247	512	512	249.691704031292	171.314536504859	-593.855886241527	688.875383265195	254	64	3	10	181	273	170	8	1	60	4959	105	55	1	45	52	0	312	0	0	228	0	-52	-3	2	0
4	1	0	0	22	10	down	1	512	561.603185544455	1280.24931449207	539.026012685436	748.470286756775	517.054035263202	1058.31139383889	519.153043071912	696.68856454621	512	512	242.297784705186	167.313599049985	-593.828130705755	688.820220067938	262	55	2	16	177	270	160	12	4	66	4935	125	58	2	41	64	0	298	0	0	190	0	-63	-3	3	0
4	1	0	0	22	10	down	2	512	494.846311175384	942.58145469797	500.360571709528	644.38859132306	519.060133227269	992.457740844809	517.887464492139	650.6429079932	512	512	241.285397565581	172.352351506223	-593.253974353571	687.497848030605	287	64	3	10	148	269	174	10	0	59	4916	139	64	1	62	61	0	274	0	0	200	0	-77	-4	3	0
4	1	0	0	22	10	down	3	512	483.810909632273	829.824038739193	498.633093328387	621.409865423841	495.596127891025	777.16240258018	515.205790761116	640.621355057966	512	512	242.305094314695	165.998039927116	-593.405731908995	687.850143784869	261	78	0	7	166	257	182	5	6	62	4904	156	59	1	53	53	0	276	0	0	209	0	-99	-3	2	0
4	1	0	0	23	9	down	0	512	501.603185544455	888.657295177989	497.914514665353	592.957104817327	525.136187864159	834.600994625768	550.26349836464	726.789158732393	512	512	213.7361789552	142.310757614967	-594.143731251846	689.551421059271	274	60	2	8	168	239	210	5	6	52	4443	115	49	1	53	48	1	304	0	0	200	0	-68	-3	2	0
4	1	0	0	23	9	down	1	512	510.038846991017	938.499423636346	510.475070872503	642.924020532123	547.93755408446	1190.34599223617	543.522898768132	746.814142058855	512	512	216.580562084501	144.629930126984	-593.75718465803	688.66418644186	273	58	3	9	169	250	180	14	4	64	4425	119	63	1	70	72	1	281	0	0	222	0	-58	-3	3	0
4	1	0	0	23	9	down	2	512	474.165491443204	769.948201564522	479.617761106872	563.585202928204	565.126024590715	1223.09322644405	572.03387725315	827.511866050282	512	512	214.919341114921	130.850810151488	-593.963452465203	689.137888212174	278	70	1	6	157	238	195	14	7	58	4458	102	47	1	54	47	0	306	0	0	204	0	-57	-3	2	0
4	1	0	0	23	9	down	3	512	532.976061247586	1094.30918616321	520.385019111128	666.811991916227	526.536334491647	970.103420590003	541.035022796024	738.074177338357	512	512	218.067000672177	144.662094671312	-593.781514305798	688.712481377169	252	67	1	12	180	263	184	9	4	52	4432	120	56	0	61	61	0	290	0	0	216	0	-64	-2	2	0
4	1	0	0	24	8	down	0	512	448.206031261019	621.079910151333	464.435633760939	518.012181532343	509.482639056335	832.574374435398	514.199915673478	649.07739233802	512	512	186.94566164004	118.07117696074	-594.028287542301	689.274017015326	273	80	2	3	154	264	184	6	7	51	3931	120	44	1	50	66	0	294	0	0	223	0	-78	-3	2	0
4	1	0	0	24	8	down	1	512	467.850376484762	754.916268078459	473.004202708938	553.746689405711	499.252669042902	858.759298612839	504.938671067307	634.993503014448	512	512	192.648731781061	125.482042874601	-593.310639116859	687.633959893522	285	69	4	6	148	251	179	7	3	72	3944	102	50	0	83	63	3	294	0	0	199	0	-52	-3	2	0
4	1	0	0	24	8	down	2	512	473.983118901016	843.322922506298	470.757211554523	554.804728975207	513.916267848208	1059.71583232768	504.728808786226	649.840955606467	512	512	187.959699903506	123.526619682804	-594.462812102871	690.305179631267	273	81	1	8	149	254	163	12	5	78	3926	119	51	0	73	60	1	278	0	0	212	0	-68	-2	2	0
4	1	0	0	24	8	down	3	512	511.641692707581	1017.54066571909	493.283868241831	613.14786209771	490.815934631013	829.95973023193	497.834405440068	601.257110866729	512	512	182.809584673035	117.985247535734	-594.161664861174	689.593493926962	264	71	1	11	165	281	160	7	6	58	3924	123	48	1	68	46	0	312	0	0	197	0	-77	-3	2	0
4	1	0	0	25	7	down	0	512	525.355994604148	1080.64665619155	518.957946644073	691.146620863691	551.967930628831	1117.6639512585	546.217971748616	730.094186581607	512	512	167.221817493175	99.2498471004744	-594.70821095276	690.859440573801	251	72	4	12	173	272	187	12	0	41	3488	67	29	0	68	64	0	325	0	0	218	0	-38	-2	1	0
4	1	0	0	25	7	down	1	512	499.26175935102	851.229803486065	515.07390695546	645.577251599061	492.515048255394	765.362397622158	522.915080543129	659.677236075922	512	512	157.502519034429	91.1422941470595	-594.149662524075	689.566743692132	269	61	2	7	173	275	175	5	3	54	3478	71	35	0	86	60	0	313	0	0	211	0	-36	-2	2	0
4	1	0	0	25	7	down	2	512	505.154368480396	899.036456261231	511.26489626896	643.934371476405	532.764271850391	1121.21782584649	534.648948554457	732.283979545533	512	512	165.822927764749	102.236768646472	-593.63915474372	688.386048720175	263	64	3	8	174	267	167	13	5	60	3448	98	38	0	75	77	0	295	0	0	213	0	-60	-2	2	0
4	1	0	0	25	7	down	3	512	548.330643058517	1222.29809407292	535.730257597724	743.76267183297	495.336741022584	809.799206174127	510.616400389409	636.623480078176	512	512	150.716488351498	92.644690741594	-594.326495006146	689.984943494831	261	61	3	15	172	264	175	6	5	62	3441	107	36	0	71	68	0	302	0	0	217	0	-71	-3	2	0
4	1	0	0	26	6	down	0	512	504.665011598523	936.612066057638	505.813025895967	640.940337841247	527.29416855008	1040.63645378222	526.803258042173	671.813482537732	512	512	145.453236699031	89.3048018088847	-594.240022701168	689.780016402691	257	72	3	9	171	272	174	11	0	55	2952	86	33	1	81	88	0	300	0	0	210	0	-55	-2	1	0
4	1	0	0	26	6	down	1	512	486.075321499454	937.679907672322	477.49519942179	567.650303885567	557.860539758207	1239.58146709303	545.366896903097	748.211845960303	512	512	157.544517962866	99.1146282219692	-593.901713324527	688.999293200574	266	84	2	10	150	258	180	15	3	56	2973	67	32	0	70	89	1	311	0	0	214	0	-35	-2	2	0
4	1	0	0	26	6	down	2	512	508.73389530602	976.950866475739	499.240788586005	611.348315072469	501.728870307279	791.431586153348	519.432661875867	652.766546807805	512	512	135.801524731468	86.0739553164093	-594.36754459035	690.076331447795	265	69	0	10	168	249	190	5	5	63	2962	76	33	1	94	95	0	284	0	0	208	0	-45	-2	2	0
4	1	0	0	26	6	down	3	512	516.747050923516	1059.5677142232	507.291844506824	656.774110812795	533.177687371338	984.779699299809	533.502324594379	692.14009650707	512	512	144.540735840639	85.7993973586916	-594.027714706225	689.296958826392	265	69	5	12	161	256	192	9	3	52	2965	74	33	0	65	75	0	331	0	0	174	0	-41	-2	1	0
4	1	0	0	27	5	down	0	512	483.272882313828	894.143764728404	482.853267142405	590.668681981219	558.389476768533	1034.51629452124	577.955599576442	804.030317601994	512	512	124.726671259997	85.3052651467132	-594.675338433428	690.789123988269	272	78	3	9	150	237	216	9	5	45	2463	59	37	1	83	88	0	319	0	0	197	0	-24	-2	2	0
4	1	0	0	27	5	down	1	512	488.656880979767	904.461283041938	493.370079959729	631.682418927669	570.528203872891	1329.54465688838	581.909479880617	899.567576535456	512	512	143.763441255582	91.9083693206385	-593.446982112683	687.937676140654	265	77	7	9	154	259	176	17	8	52	2444	71	45	0	76	102	0	289	0	0	215	0	-26	-2	2	0
4	1	0	0	27	5	down	2	512	497.524138563513	951.054628614098	494.805822940526	622.11969452959	607.285078241961	1471.45641871841	588.812162994275	864.840898671498	512	512	121.823031699687	75.3623458609689	-594.098609037446	689.445738920551	277	68	4	10	153	246	202	19	1	44	2480	49	31	0	102	90	0	304	0	0	193	0	-18	-2	2	0
4	1	0	0	27	5	down	3	512	459.884818338511	703.653295745321	472.048912081753	534.572635115658	590.127097556041	1241.66707753694	590.673250361208	852.670517272816	512	512	122.645312124303	76.9943812799093	-593.611303453373	688.327254431838	293	67	1	5	146	213	229	13	4	53	2450	81	29	0	77	74	0	315	0	0	206	1	-52	-3	2	0
4	1	0	0	28	4	down	0	512	501.583931962892	998.922924158972	478.82364617333	583.759288823848	529.022699029469	948.314515985646	542.335125319247	707.531462600499	512	512	96.7516559978537	66.9586575617077	-594.318562598826	689.973719840132	267	76	2	11	156	242	199	8	3	60	1963	55	29	1	101	93	1	298	0	0	211	0	-28	-2	2	0
4	1	0	0	28	4	down	1	512	441.6507830157	750.804956046933	441.498154557931	490.592431778136	608.810909632273	1509.73313565801	579.181583222532	844.744985324797	512	512	90.4550010960784	64.5953763117077	-594.385997887347	690.122575788201	278	97	2	7	128	245	198	20	2	47	1959	66	23	0	94	86	0	300	0	0	206	1	-43	-3	1	0
4	1	0	0	28	4	down	2	512	439.300266514147	646.769488627111	449.904862977231	502.626796603303	509.214161879775	761.574378567083	546.685130742083	717.311594537253	512	512	97.9235011862776	69.9525916161007	-594.761866082707	690.98104459319	259	98	5	4	146	265	195	4	4	44	1976	53	19	0	77	90	1	330	0	0	198	0	-34	-2	2	0
4	1	0	0	28	4	down	3	512	470.835188212577	836.243984669635	463.791594997374	535.255386212288	536.795721360087	1064.49544073042	542.011088661699	730.158899407771	512	512	84.110406734591	61.8549525490093	-593.804197741776	688.765823058758	272	82	6	8	144	248	186	11	6	61	1960	65	22	1	109	84	0	300	0	0	194	0	-45	-2	1	0
4	1	0	0	29	3	down	0	512	479.712609069768	780.101196387585	475.699381645617	549.37212948044	581.335781333222	1182.79656192134	582.088698693796	815.493974217448	512	512	70.6282837568771	59.6235860807237	-594.211037208266	689.709115827105	273	68	4	6	161	234	221	12	2	43	1475	41	20	0	128	103	1	302	0	0	222	3	-21	-2	2	0
4	1	0	0	29	3	down	1	512	502.102705699773	933.649316971079	490.559401111825	601.098976182692	583.907177540089	1326.45154199983	588.977733596697	886.799816135313	512	512	63.5066768559601	59.4099234450823	-593.476514542562	688.005632385621	253	76	4	9	170	240	200	16	4	52	1459	59	18	0	125	90	3	289	2	0	202	8	-41	-3	2	0
4	1	0	0	29	3	down	2	512	476.506917636639	844.431124786124	467.331136327076	531.399697988836	573.110836318529	1238.25464844619	583.73073796723	852.309150638047	512	512	73.3415012656005	51.4002053313114	-594.856021159449	691.206577357093	279	75	2	8	148	237	203	14	4	54	1486	41	9	0	98	102	0	320	0	0	204	1	-32	-2	1	0
4	1	0	0	29	3	down	3	512	507.428943621023	1089.48656457917	482.521342570286	607.187317032951	613.58093961884	1559.64533406515	605.220568666104	953.573691475119	512	512	74.3568753163283	52.9254557699815	-594.305820888231	689.936502809801	245	93	3	13	158	228	201	21	5	57	1472	46	18	0	90	90	2	323	0	0	191	2	-28	-2	2	0
4	1	0	0	30	2	down	0	512	435.585964617581	636.55485103434	438.205741562548	465.982406651956	573.734968271346	1133.00587382336	593.289542411807	846.756925541148	512	512	50.2372945358283	59.2399735891193	-593.546050853077	688.174899458398	268	95	5	4	140	236	219	11	3	43	976	32	16	0	118	127	1	301	1	0	202	1	-16	-2	1	0
4	1	0	0	30	2	down	1	512	417.82203259508	496.981902017465	432.176260268575	441.635638937316	636.278020588532	1563.68880035031	617.747172379962	948.965805094959	512	512	52.2920123671401	54.9549214694925	-594.732716248277	690.926619550811	276	92	3	1	140	225	224	20	4	39	983	32	9	0	123	142	0	300	1	0	205	1	-23	-2	1	0
4	1	0	0	30	2	down	2	512	414.328610403829	600.550855733357	424.057559224755	441.964538940747	589.531309492906	1266.20276737701	597.476757065472	860.921382693995	512	512	57.1658078106337	51.7895885603119	-594.344814415881	690.020835482822	272	109	2	4	125	239	216	14	1	42	979	30	15	0	99	110	0	315	0	0	222	0	-15	-1	1	0
4	1	0	0	30	2	down	3	512	412.073288844766	522.194315407818	427.266070630764	437.664632909111	604.253742008228	1226.45954086517	631.541712638257	972.730896828646	512	512	53.5936873888785	48.0043052693938	-594.718654226832	690.890463177316	277	99	4	2	130	218	241	12	6	35	990	20	14	0	105	100	1	324	0	0	196	0	-6	-1	1	0
4	1	0	0	31	1	down	0	512	414.846311175384	630.483887272901	415.821758943964	421.699270020707	667.093615391655	1795.70432018701	648.925512472356	1065.02455261367	512	512	16.7919121583146	44.078307007598	-594.053894813059	689.35554868139	287	103	2	5	115	223	224	25	2	38	495	11	6	0	134	124	2	310	5	4	210	11	-5	-1	1	0
4	1	0	0	31	1	down	1	512	412.97498828226	554.553512381204	422.696753639829	440.286077974519	683.936594395097	1790.77128864747	678.132676493419	1139.91897282545	512	512	19.4305489029442	46.4111119583788	-594.176314652712	689.637360251673	289	95	3	3	122	208	241	24	11	28	481	22	9	0	127	112	2	298	13	7	214	22	-13	-1	1	0
4	1	0	0	31	1	down	2	512	428.56061307195	656.534446215685	427.206227767794	454.630727459692	615.299306824784	1421.81119620876	631.403697508787	988.431103348911	512	512	19.3782867448464	43.7730621425573	-594.097068113396	689.449586410962	278	98	4	5	127	221	223	17	7	44	489	15	8	0	104	102	0	337	10	3	195	15	-7	-1	1	0
4	1	0	0	31	1	down	3	512	432.120886316011	696.439543701832	431.914606270388	468.808582227078	665.760319816976	1692.48304304047	664.77453536523	1098.47840266251	512	512	18.0160195048363	49.7427014289837	-593.893487243582	688.974075514239	281	97	5	6	123	206	242	22	5	37	490	18	4	0	124	123	0	303	11	3	224	18	-14	-1	1	0
# final_twist	1
# forced_steps	0
# sweeps_total	95712
# completion	PASS
