source_group	source_path	landing_path	sha256	bytes
package	claude_PREREG-C-NATIVE-FIBRE-PENTIT-WIGNER-N.md	PREREG.md	cbda8c9f0fbc7da3b5baeed685d9e8592ecffaa6b70617633a271056ca94757c	20816
package	claude_ADDENDUM-1-PREREG-C-NATIVE-FIBRE-PENTIT-WIGNER-N.md	ADDENDUM-1.md	f5c518380864989d07fc37c381e12bec984b1408b73ff6d6b5319a55324a7d17	11575
package	claude_verify_c_native_fibre_pentit_wigner_n_2026-10-02.py	verify.py	ddf883612cd6fff00b227d8fca76668fc876ef1873f819da724ee0e66426dd63	22331
package	claude_verify_addendum1_c_native_fibre_pentit_wigner_n_2026-10-02.py	verify_addendum1.py	cd609366fb656ca79fd91e7a7090ea35f0974e85bfe5f3616866df27dfe4b346	12371
package	claude_stdout_c_native_fibre_pentit_wigner_n_2026-10-02.txt	EXPECTED.txt	3b2bdc432e1bfebcd453b83a6766a2863b6a1d54243180cbc20e0b1ce4ea39ad	4476
package	claude_stdout_addendum1_c_native_fibre_pentit_wigner_n_2026-10-02.txt	EXPECTED-ADDENDUM-1.txt	fc5432d288f340038d64edb5ceab9aeec71c3b400cc378c8556878089b549bed	2436
package	claude_break_check_c_native_fibre_pentit_wigner_n_2026-10-02.py	break_check.py	c48073764b881238f9dc980ddc1b6467dc2b60637f5ddcc22881a7e9f711ddf6	20724
package	claude_break_check_c_native_fibre_pentit_wigner_n_2026-10-02.stdout	break_check.stdout	f1044cc3c1371342ca3bfc5b921460332fa7c07a17999874e556dc1891cf6f0f	2660
package	claude_break_check_addendum1_c_native_fibre_pentit_wigner_n_2026-10-02.py	break_check_addendum1.py	6bac007185d0c4424f761b337a8f30a43209d93b250033c69207a4e6935bc816	9503
package	claude_break_check_addendum1_c_native_fibre_pentit_wigner_n_2026-10-02.stdout	break_check_addendum1.stdout	6e3aa7f8eac8d2df31f6c60f4e2b5cfa78c11a4092501b4a5defa1a12a733bd6	1403
package	claude_PIN-C-NATIVE-FIBRE-PENTIT-WIGNER-N.sha256	PIN.sha256	b448ad13efe2f314d3dfb05b7d75ff4a43fc5ca682ba661116466bb64cea6282	346
package	claude_PIN-ADDENDUM-1-C-NATIVE-FIBRE-PENTIT-WIGNER-N.sha256	PIN-ADDENDUM-1.sha256	bf6132afad3d7979702ae0298f682634a34e121675539e4a341d88a20cc6f354	388
package	claude_RESULT-C-NATIVE-FIBRE-PENTIT-WIGNER-N_2026-10-02.md	RESULT.md	fa5597f1a8e1239b19be20c1cdedfeb307deb77dd26299261adc0ee8114e93e7	7957
package	claude_RESULT-ADDENDUM-1-C-NATIVE-FIBRE-PENTIT-WIGNER-N_2026-10-02.md	RESULT-ADDENDUM-1.md	1f2462baff292d5aa9d6b22bde281e37cc4b4966bce1d0c31ebdf104b915cb31	6939
package	claude_PROMO-C-NATIVE-FIBRE-PENTIT-WIGNER-N_rev2_2026-10-02.md	PROMO-rev2.md	12538e269753feac94d34d4c53f14eabb668a2ee7cfb067ca73720677283109d	10624
package	claude_recon_native_fibre_pentit_phase_space_2026-10-02.py	exposure/recon.py	55648d730c13eaaed832215dd70af4be1049584c874842e5608899d900a320aa	8631
package	claude_recon_native_fibre_pentit_phase_space_2026-10-02.stdout	exposure/recon.stdout	3694834d1d7d4312f9b0e17c9c5d4f970c33975143e3093790ceb4f9345bdcaf	1503
review	W1/native-aarch64/addendum1.stderr	W1/aarch64/addendum1.stderr	e3b0c44298fc1c149afbf4c8996fb92427ae41e4649b934ca495991b7852b855	0
review	W1/native-aarch64/addendum1.stdout	W1/aarch64/addendum1.stdout	fc5432d288f340038d64edb5ceab9aeec71c3b400cc378c8556878089b549bed	2436
review	W1/native-aarch64/addendum1_breaker.stderr	W1/aarch64/addendum1_breaker.stderr	e3b0c44298fc1c149afbf4c8996fb92427ae41e4649b934ca495991b7852b855	0
review	W1/native-aarch64/addendum1_breaker.stdout	W1/aarch64/addendum1_breaker.stdout	6e3aa7f8eac8d2df31f6c60f4e2b5cfa78c11a4092501b4a5defa1a12a733bd6	1403
review	W1/native-aarch64/base.stderr	W1/aarch64/base.stderr	e3b0c44298fc1c149afbf4c8996fb92427ae41e4649b934ca495991b7852b855	0
review	W1/native-aarch64/base.stdout	W1/aarch64/base.stdout	3b2bdc432e1bfebcd453b83a6766a2863b6a1d54243180cbc20e0b1ce4ea39ad	4476
review	W1/native-aarch64/base_breaker.stderr	W1/aarch64/base_breaker.stderr	e3b0c44298fc1c149afbf4c8996fb92427ae41e4649b934ca495991b7852b855	0
review	W1/native-aarch64/base_breaker.stdout	W1/aarch64/base_breaker.stdout	f1044cc3c1371342ca3bfc5b921460332fa7c07a17999874e556dc1891cf6f0f	2660
review	W1/native-aarch64/native.console.stderr	W1/aarch64/native.console.stderr	e3b0c44298fc1c149afbf4c8996fb92427ae41e4649b934ca495991b7852b855	0
review	W1/native-aarch64/native.console.stdout	W1/aarch64/native.console.stdout	4f757873728de36a74ced4665881c7654d4431b0463ffff40315fb9e9ed78853	70
review	W1/native-aarch64/native.finished-utc.txt	W1/aarch64/native.finished-utc.txt	8853edf5ff549ef225088c7b8ad5488be0f250085613b45ae47e8c67f68456fe	21
review	W1/native-aarch64/native.start-utc.txt	W1/aarch64/native.start-utc.txt	e7ea657e2457ab0ae12ff01464c838eafd7c99a091e8d6a23222936de2a3cedf	21
review	W1/native-aarch64/run.json	W1/aarch64/run.json	776a046430c3b6fb92ff50228c60540d1cf36b443911072c7ba8ec7ebe67b105	3021
review	W1/native-aarch64/RUN.md	W1/aarch64/RUN.md	df42c17a6192c77dec2a11cb8e993b6a2c9d9fe6f7da22774167a7dad6f3cfa5	1043
review	W1/supplementary-x86_64/addendum1.stderr	W1/x86_64/addendum1.stderr	e3b0c44298fc1c149afbf4c8996fb92427ae41e4649b934ca495991b7852b855	0
review	W1/supplementary-x86_64/addendum1.stdout	W1/x86_64/addendum1.stdout	fc5432d288f340038d64edb5ceab9aeec71c3b400cc378c8556878089b549bed	2436
review	W1/supplementary-x86_64/addendum1_breaker.stderr	W1/x86_64/addendum1_breaker.stderr	e3b0c44298fc1c149afbf4c8996fb92427ae41e4649b934ca495991b7852b855	0
review	W1/supplementary-x86_64/addendum1_breaker.stdout	W1/x86_64/addendum1_breaker.stdout	6e3aa7f8eac8d2df31f6c60f4e2b5cfa78c11a4092501b4a5defa1a12a733bd6	1403
review	W1/supplementary-x86_64/base.stderr	W1/x86_64/base.stderr	e3b0c44298fc1c149afbf4c8996fb92427ae41e4649b934ca495991b7852b855	0
review	W1/supplementary-x86_64/base.stdout	W1/x86_64/base.stdout	3b2bdc432e1bfebcd453b83a6766a2863b6a1d54243180cbc20e0b1ce4ea39ad	4476
review	W1/supplementary-x86_64/base_breaker.stderr	W1/x86_64/base_breaker.stderr	e3b0c44298fc1c149afbf4c8996fb92427ae41e4649b934ca495991b7852b855	0
review	W1/supplementary-x86_64/base_breaker.stdout	W1/x86_64/base_breaker.stdout	f1044cc3c1371342ca3bfc5b921460332fa7c07a17999874e556dc1891cf6f0f	2660
review	W1/supplementary-x86_64/run.json	W1/x86_64/run.json	a7ca22cbbcdbd0388c968ccf001bae5efea30b333d278d8acd24ff6fc169f4f1	3033
review	W1/supplementary-x86_64/RUN.md	W1/x86_64/RUN.md	3fc4a047eee4f50fa688c9e472338d857094b1086b888906a3fe2b6f30c9c641	1768
review	W2/FIRST.json	W2/FIRST.json	f9faeb8c25760d0264a1e3d155186e9d9cf8d1f7d78e54bf5bf8abe2994cee33	437
review	W2/FIRST.stderr	W2/FIRST.stderr	e3b0c44298fc1c149afbf4c8996fb92427ae41e4649b934ca495991b7852b855	0
review	W2/FIRST.stdout	W2/FIRST.stdout	187016c69990aaa276e7f3a49281c6deff9efe20b6b012659471f5275e5a9ff1	1335
review	W2/independent_breaker.py	W2/independent_breaker.py	a1f673e436d4628bd4592d1e4a36dd2b659a80c260aea9a82cf3cc0228181cc0	20395
review	W2/PIN-W2.md	W2/PIN-W2.md	e6a8095db9b52e48608bd1fed480b143d7687514fd0f3d8a09f030c3c229f9ba	267
review	W2/PIN-W2.sha256	W2/PIN-W2.sha256	c93656852fd96dbe73f63023243f06c3acdb29923d144c266b966f5cffbf3ba5	252
review	W2/PREREG-W2.md	W2/PREREG-W2.md	49fc22c516553ac8825dcf7ff0af52e47ae34cc2693ddd418576a1d96bca95e6	7038
review	W2/PROOF-AUDIT.md	W2/PROOF-AUDIT.md	db41abf9dd55472435eaf1e473bf80e0a1add74555f11eefd4ce9906aee306c4	12370
review	W2/REPEAT.json	W2/REPEAT.json	a0cf8aab47d3fab1a1485794ee9286ddcb14c1d634cfb535590c3906b5b06b3b	473
review	W2/REPEAT.stderr	W2/REPEAT.stderr	e3b0c44298fc1c149afbf4c8996fb92427ae41e4649b934ca495991b7852b855	0
review	W2/REPEAT.stdout	W2/REPEAT.stdout	187016c69990aaa276e7f3a49281c6deff9efe20b6b012659471f5275e5a9ff1	1335
review	W2/RESULT.md	W2/RESULT.md	8dc0888f11a1417c584e5739828c0fcc214174a61bc8803950042527c62cabd8	8001
review	W2/RUN.md	W2/RUN.md	0c541d8d5c9835be58c7448b39b820bc0b1c29d0b882358911440ae7d4efa526	2981
