source	role	commit	path	sha256	bytes	stack_bytes	consumed_scope	excluded_scope
v95	AUTHORITY_CONTEXT	b8ba1a07ad776cdd8d878fe0a407e07312c0e263	STATUS.md	d14c9f688ab97e058143d2bc77701d0ec6c6021a04f961ed7d512e4cf52b590f	2386	identical	Current authority, policy, existing claim boundary; no inherited physical promotion	Not applicable (authority context)
v95	AUTHORITY_CONTEXT	b8ba1a07ad776cdd8d878fe0a407e07312c0e263	POLICY.md	7771a4a4dc8ab98d6525c202326873c7c3ff782475dd66c7dc75fa325566ee9c	16964	identical	Current authority, policy, existing claim boundary; no inherited physical promotion	Not applicable (authority context)
v95	AUTHORITY_CONTEXT	b8ba1a07ad776cdd8d878fe0a407e07312c0e263	AGENTS.md	7363b83ca6d822ec35e8465fe64c1aa8cd0007bf8b99ae599c265cc49fcee6e1	21813	identical	Current authority, policy, existing claim boundary; no inherited physical promotion	Not applicable (authority context)
v95	AUTHORITY_CONTEXT	b8ba1a07ad776cdd8d878fe0a407e07312c0e263	canon/CORE.md	ad070cd86797f61809540e388a9d1c87e33782f461afe1f63640e2a79c621465	22032	identical	Current authority, policy, existing claim boundary; no inherited physical promotion	Not applicable (authority context)
v95	AUTHORITY_CONTEXT	b8ba1a07ad776cdd8d878fe0a407e07312c0e263	canon/FRONTIER.md	23395149df6b11bd2c260d9604e8cfea15f55b0b92c21b4ad65fca722aacc5c9	26162	identical	Current authority, policy, existing claim boundary; no inherited physical promotion	Not applicable (authority context)
v95	AUTHORITY_CONTEXT	b8ba1a07ad776cdd8d878fe0a407e07312c0e263	canon/REGISTRY.tsv	a2abce1a4538785ac6a7c7874c2366a3531d460027188510394930c6d222559a	480992	identical	Current authority, policy, existing claim boundary; no inherited physical promotion	Not applicable (authority context)
v95	AUTHORITY_CONTEXT	b8ba1a07ad776cdd8d878fe0a407e07312c0e263	canon/CANON.md	b4ebf2ffc7393b703d65ce62cf3e0ee382e7309a563d99ec866ee3fa82f9ba7f	848893	identical	Current authority, policy, existing claim boundary; no inherited physical promotion	Not applicable (authority context)
1304	PROOF_SOURCE	dcfde46760bdfd4551686be1e99b5433fa6e9adf	notes/C-FIELD-CYCLOTOMIC-WINDOW-AUDIT-N/PROOF.md	d9cde5b2182fbd8526865c1117730099b91d2fa1a0d78e059b3707abacffeb78	28539	absent_from_stack	PROOF 9-12: selected C,D,P,S,A,B; split/index; energy adjoint; exact L image and inverse	General spectral window theorem; critical growth; J action; Smith classification not needed
1304	PREREGISTRATION	dcfde46760bdfd4551686be1e99b5433fa6e9adf	notes/C-FIELD-CYCLOTOMIC-WINDOW-AUDIT-N/PREREG.md	c1d6585c03c703948d7ebafd98af4fddff8d456a2947d95b8e5c252d0c4b893c	13013	absent_from_stack	Read exposure, frozen scope, receipts and independence limits; reported executions are historical	Not a fresh execution or a new status award
1304	EXISTING_EVIDENCE_RECORD	dcfde46760bdfd4551686be1e99b5433fa6e9adf	notes/C-FIELD-CYCLOTOMIC-WINDOW-AUDIT-N/RUN.md	a507f469730be68a3042aec224a7bed839fa69f4404a5576d0b52b936754ac3d	5550	absent_from_stack	Read exposure, frozen scope, receipts and independence limits; reported executions are historical	Not a fresh execution or a new status award
1304	EXISTING_EVIDENCE_RECORD	dcfde46760bdfd4551686be1e99b5433fa6e9adf	notes/C-FIELD-CYCLOTOMIC-WINDOW-AUDIT-N/RESULT.md	0ab870a9bd2f56c32d58ebc5bb9c30469568a3cd28a52acf5b709ac831097791	6106	absent_from_stack	Read exposure, frozen scope, receipts and independence limits; reported executions are historical	Not a fresh execution or a new status award
1304	EXISTING_EVIDENCE_RECORD	dcfde46760bdfd4551686be1e99b5433fa6e9adf	notes/C-FIELD-CYCLOTOMIC-WINDOW-AUDIT-N/REVIEW.md	691887ad758ace1485aad84d349f18bbd6419e907e10518c1b0c8fa128031d67	4245	absent_from_stack	Read exposure, frozen scope, receipts and independence limits; reported executions are historical	Not a fresh execution or a new status award
1306	PROOF_SOURCE	869998eb8c1c68f7a884fafbf683bf20db0eb7f1	notes/C-FIELD-L5-ENERGY-FUNDED-COUPLING-N/PROOF.md	58cc146e07a32dd36119cb9caf52e9c58c1137d7216fb0f48ba264e8da272861	14740	absent_from_stack	PROOF 2-6: literal 31-coordinate cell; funded total G; energy and actual charge/defect invariants	Isolated-cell Ucell^10 and exact period-ten witnesses not imported
1306	PREREGISTRATION	869998eb8c1c68f7a884fafbf683bf20db0eb7f1	notes/C-FIELD-L5-ENERGY-FUNDED-COUPLING-N/PREREG.md	0cc0e1cffe396d6dbef867549c6bf7634ea1e9c453f8ccec9eb6aab72a2ed753	18107	absent_from_stack	Read exposure, frozen scope, receipts and independence limits; reported executions are historical	Not a fresh execution or a new status award
1306	EXISTING_EVIDENCE_RECORD	869998eb8c1c68f7a884fafbf683bf20db0eb7f1	notes/C-FIELD-L5-ENERGY-FUNDED-COUPLING-N/RUN.md	b737705593e054d01741fc3634ca3e6090dc44771a929ec9a58e3c3071f220a8	4589	absent_from_stack	Read exposure, frozen scope, receipts and independence limits; reported executions are historical	Not a fresh execution or a new status award
1306	EXISTING_EVIDENCE_RECORD	869998eb8c1c68f7a884fafbf683bf20db0eb7f1	notes/C-FIELD-L5-ENERGY-FUNDED-COUPLING-N/RESULT.md	e0cb4daedde7b688b7578a134711fa8ad707f0badd5278774011847d230ddcb5	6099	absent_from_stack	Read exposure, frozen scope, receipts and independence limits; reported executions are historical	Not a fresh execution or a new status award
1306	EXISTING_EVIDENCE_RECORD	869998eb8c1c68f7a884fafbf683bf20db0eb7f1	notes/C-FIELD-L5-ENERGY-FUNDED-COUPLING-N/REVIEW.md	d1927c6a90e0d9317361274ea0585b1d106b438a10f4068ed67452ed093267ca	4758	absent_from_stack	Read exposure, frozen scope, receipts and independence limits; reported executions are historical	Not a fresh execution or a new status award
1308	PROOF_SOURCE	23d57d1a0397a775f7b8ae3aaa7e2ca5dc93cf5f	notes/C-FIELD-TWO-CELL-ENERGY-TRANSFER-N/PROOF.md	3b5889395b39c1699c362b3ee26a61a8870a25f291be2d4057841aa69ebb9e09	22475	absent_from_stack	PROOF 5: whole-resource swaps including occupied channels; contact inverse and account; retained here by proof	Old six-stage schedule, two-cell timing and period-five witnesses are a different law
1308	PREREGISTRATION	23d57d1a0397a775f7b8ae3aaa7e2ca5dc93cf5f	notes/C-FIELD-TWO-CELL-ENERGY-TRANSFER-N/PREREG.md	b3ad38c5af85519c8cdc9e8dbbd1a5549c6d6c28046caf85b9f3e2be48c39fc4	18507	absent_from_stack	Read exposure, frozen scope, receipts and independence limits; reported executions are historical	Not a fresh execution or a new status award
1308	EXISTING_EVIDENCE_RECORD	23d57d1a0397a775f7b8ae3aaa7e2ca5dc93cf5f	notes/C-FIELD-TWO-CELL-ENERGY-TRANSFER-N/RUN.md	a52dae6916aee75fef1607d0f6f67d0638942fc089ef14373010e57ef07f42e8	4571	absent_from_stack	Read exposure, frozen scope, receipts and independence limits; reported executions are historical	Not a fresh execution or a new status award
1308	EXISTING_EVIDENCE_RECORD	23d57d1a0397a775f7b8ae3aaa7e2ca5dc93cf5f	notes/C-FIELD-TWO-CELL-ENERGY-TRANSFER-N/RESULT.md	024a85979419daea2a3288261fa46e6f0a64163643165ac57d96ca4ec65b0ad2	7103	absent_from_stack	Read exposure, frozen scope, receipts and independence limits; reported executions are historical	Not a fresh execution or a new status award
1308	EXISTING_EVIDENCE_RECORD	23d57d1a0397a775f7b8ae3aaa7e2ca5dc93cf5f	notes/C-FIELD-TWO-CELL-ENERGY-TRANSFER-N/REVIEW.md	e410853327baea24571b6a7a07b4617665429e7bf85dca15ed94a272c92f98ba	4938	absent_from_stack	Read exposure, frozen scope, receipts and independence limits; reported executions are historical	Not a fresh execution or a new status award
1310	PROOF_SOURCE	dd354e3e01ad7f7bb535f33e012c5ef1b46a87d2	notes/C-FIELD-THREE-CELL-DELAYED-TRANSFER-N/PROOF.md	d439f642b3447aec34efa3951ac70575182686b3168f44d89a53039ad90948b7	26660	identical	Complete four-layer law, inverse, exact local certificates, charged/neutral N=3 witness, controls, recurrence	No all-N work or record theorem inferred from N=3 execution
1310	PREREGISTRATION	dd354e3e01ad7f7bb535f33e012c5ef1b46a87d2	notes/C-FIELD-THREE-CELL-DELAYED-TRANSFER-N/PREREG.md	9b9f0c6ceab706474ac74ed0229df30fafced164ad128400770315a18796aa7d	20933	identical	Read exposure, frozen scope, receipts and independence limits; reported executions are historical	Not a fresh execution or a new status award
1310	EXISTING_EVIDENCE_RECORD	dd354e3e01ad7f7bb535f33e012c5ef1b46a87d2	notes/C-FIELD-THREE-CELL-DELAYED-TRANSFER-N/RUN.md	d3299701e986d59ca57e3c5ff754407c2394ad37d0cd699bfbe7b0338ce6f6f5	4730	identical	Read exposure, frozen scope, receipts and independence limits; reported executions are historical	Not a fresh execution or a new status award
1310	EXISTING_EVIDENCE_RECORD	dd354e3e01ad7f7bb535f33e012c5ef1b46a87d2	notes/C-FIELD-THREE-CELL-DELAYED-TRANSFER-N/RESULT.md	bd5ea3163389c9e0ff7769a1ce1875e4958e64f35c8b08b1b4777eb306f1f41e	5879	identical	Read exposure, frozen scope, receipts and independence limits; reported executions are historical	Not a fresh execution or a new status award
1310	EXISTING_EVIDENCE_RECORD	dd354e3e01ad7f7bb535f33e012c5ef1b46a87d2	notes/C-FIELD-THREE-CELL-DELAYED-TRANSFER-N/REVIEW.md	3a652fa91404b0d69e847f243b041f862a295f8e9d688a1462e0982be14dfd8a	5410	identical	Read exposure, frozen scope, receipts and independence limits; reported executions are historical	Not a fresh execution or a new status award
1312	PROOF_SOURCE	04fa72ca2506398bf47a64fe33aa024625bd4f9b	notes/C-FIELD-FINITE-CHAIN-FIRST-DELIVERY-N/PROOF.md	03913a77dfcc0e266668ebdd66594a287c3fa077ed1292596f91b775dc2d0df7	18094	identical	All-N first arrival/work induction; complete contact permutation; all cuts; N+1 receiver return	Finite audit connected horizon ends at N; universal quantifier is proof-based
1312	PREREGISTRATION	04fa72ca2506398bf47a64fe33aa024625bd4f9b	notes/C-FIELD-FINITE-CHAIN-FIRST-DELIVERY-N/PREREG.md	ca6a02fbd8d5942a2d7fb5e5e9017f8c94f1a1131a6524aea5f3e73a53d6cbcd	9432	identical	Read exposure, frozen scope, receipts and independence limits; reported executions are historical	Not a fresh execution or a new status award
1312	EXISTING_EVIDENCE_RECORD	04fa72ca2506398bf47a64fe33aa024625bd4f9b	notes/C-FIELD-FINITE-CHAIN-FIRST-DELIVERY-N/RUN.md	697d67d6b52d9fd523f9ec41b451de8de75c0680131ba62aec545847c5bb8d21	6858	identical	Read exposure, frozen scope, receipts and independence limits; reported executions are historical	Not a fresh execution or a new status award
1312	EXISTING_EVIDENCE_RECORD	04fa72ca2506398bf47a64fe33aa024625bd4f9b	notes/C-FIELD-FINITE-CHAIN-FIRST-DELIVERY-N/RESULT.md	5450aaa06c07031b3151612adaa318e273cbdd9980ce609c7f40b711534c86eb	6339	identical	Read exposure, frozen scope, receipts and independence limits; reported executions are historical	Not a fresh execution or a new status award
1312	EXISTING_EVIDENCE_RECORD	04fa72ca2506398bf47a64fe33aa024625bd4f9b	notes/C-FIELD-FINITE-CHAIN-FIRST-DELIVERY-N/REVIEW.md	984a8750eac8d2df8f0b0323244444677fc6c833d6f3dff68b2c27c11c161400	2568	identical	Read exposure, frozen scope, receipts and independence limits; reported executions are historical	Not a fresh execution or a new status award
1316	PROOF_SOURCE	312d0a90b24d5f9e743096f0ee2a477cda719a10	notes/C-FIELD-WORK-RECORD-UNIT-N/PROOF.md	91675857b1b99862772858bef50dd6ba9e56c2f001bcc1ea42f25dd6f192c511	22229	identical	C5 writer/inverse; layer projection; event-spacing retention; all controls and full accounts	No physical realization; no permanence; original ZIP audit counts not current executions
1316	PREREGISTRATION	312d0a90b24d5f9e743096f0ee2a477cda719a10	notes/C-FIELD-WORK-RECORD-UNIT-N/PREREG.md	3b50502c27330588bc71bd176f1217a68855dde78c559ff01d0e8d2574cd5731	8429	identical	Read exposure, frozen scope, receipts and independence limits; reported executions are historical	Not a fresh execution or a new status award
1316	EXISTING_EVIDENCE_RECORD	312d0a90b24d5f9e743096f0ee2a477cda719a10	notes/C-FIELD-WORK-RECORD-UNIT-N/RUN.md	e0e0578c71a22b081342558e07899ad9e8b5e3b43376871644beea2228b9a46b	5830	identical	Read exposure, frozen scope, receipts and independence limits; reported executions are historical	Not a fresh execution or a new status award
1316	EXISTING_EVIDENCE_RECORD	312d0a90b24d5f9e743096f0ee2a477cda719a10	notes/C-FIELD-WORK-RECORD-UNIT-N/RESULT.md	148a037b8fc513fb59d57a8ebd6c11308cb9645b0f0360ee940243193031a120	3657	identical	Read exposure, frozen scope, receipts and independence limits; reported executions are historical	Not a fresh execution or a new status award
1316	EXISTING_EVIDENCE_RECORD	312d0a90b24d5f9e743096f0ee2a477cda719a10	notes/C-FIELD-WORK-RECORD-UNIT-N/REVIEW.md	095626a1f02745cb8e70a1e6b4a0d12555d4349b7443075ce887318d8634ab28	2462	identical	Read exposure, frozen scope, receipts and independence limits; reported executions are historical	Not a fresh execution or a new status award
1310	PINNED_REPLAY_INPUT	dd354e3e01ad7f7bb535f33e012c5ef1b46a87d2	notes/C-FIELD-THREE-CELL-DELAYED-TRANSFER-N/verify.py	42ec10cd001028ec126045647eea89347ec12bbf3612c40e1aa204ab77913a59	22065	identical	Minimal existing bridge chain: exposed arithmetic, full-state adapters, projection and exact expected bytes	Finite audit supports implementation only; no independent all-law rediscovery
1310	PINNED_REPLAY_INPUT	dd354e3e01ad7f7bb535f33e012c5ef1b46a87d2	notes/C-FIELD-THREE-CELL-DELAYED-TRANSFER-N/break.py	fc435a7efffea8edd4bd8e11aa12e16c2d1489a39c74997ae0b204837b7445b1	25489	identical	Minimal existing bridge chain: exposed arithmetic, full-state adapters, projection and exact expected bytes	Finite audit supports implementation only; no independent all-law rediscovery
1310	PINNED_REPLAY_INPUT	dd354e3e01ad7f7bb535f33e012c5ef1b46a87d2	reproduce/FIELD-THREE-CELL-DELAYED-TRANSFER-N/verify.py	c1bcd8ade32c78d829a42b75f97e22842cebe5595a44bb52991d558ee1beefea	1004	identical	Minimal existing bridge chain: exposed arithmetic, full-state adapters, projection and exact expected bytes	Finite audit supports implementation only; no independent all-law rediscovery
1310	PINNED_REPLAY_INPUT	dd354e3e01ad7f7bb535f33e012c5ef1b46a87d2	reproduce/FIELD-THREE-CELL-DELAYED-TRANSFER-N/EXPECTED.txt	9d22bd31bbafd95b057e2ea230707db3947e6675d6bbaba25e854a141c20bf23	291	identical	Minimal existing bridge chain: exposed arithmetic, full-state adapters, projection and exact expected bytes	Finite audit supports implementation only; no independent all-law rediscovery
1312	PINNED_REPLAY_INPUT	04fa72ca2506398bf47a64fe33aa024625bd4f9b	notes/C-FIELD-FINITE-CHAIN-FIRST-DELIVERY-N/audit.py	283a51e9e94ee70d5fd36106d64dec43e481ad6efde7594402d072b23e90f9a6	9710	identical	Minimal existing bridge chain: exposed arithmetic, full-state adapters, projection and exact expected bytes	Finite audit supports implementation only; no independent all-law rediscovery
1312	PINNED_REPLAY_INPUT	04fa72ca2506398bf47a64fe33aa024625bd4f9b	notes/C-FIELD-FINITE-CHAIN-FIRST-DELIVERY-N/audit_challenger.py	eaf429421c7e57c16dd1be97a469cbb63313b48597e44a4efd65a87f9087a267	4886	identical	Minimal existing bridge chain: exposed arithmetic, full-state adapters, projection and exact expected bytes	Finite audit supports implementation only; no independent all-law rediscovery
1312	PINNED_REPLAY_INPUT	04fa72ca2506398bf47a64fe33aa024625bd4f9b	notes/C-FIELD-FINITE-CHAIN-FIRST-DELIVERY-N/SCOPE.md	89697d86015f3686875456e5bdbf4432b5dd21d2ac32d8ffc7b11b8766e19380	5436	identical	Minimal existing bridge chain: exposed arithmetic, full-state adapters, projection and exact expected bytes	Finite audit supports implementation only; no independent all-law rediscovery
1312	PINNED_REPLAY_INPUT	04fa72ca2506398bf47a64fe33aa024625bd4f9b	reproduce/field-finite-chain-first-delivery-n/verify.py	bfbd1cec8e7b3bec1d3d41d703656e5d28b617d63fe8f1843f248a9f40c9324c	2669	identical	Minimal existing bridge chain: exposed arithmetic, full-state adapters, projection and exact expected bytes	Finite audit supports implementation only; no independent all-law rediscovery
1312	PINNED_REPLAY_INPUT	04fa72ca2506398bf47a64fe33aa024625bd4f9b	reproduce/field-finite-chain-first-delivery-n/EXPECTED.txt	c77b74b795dfe030c8b3dde34a8ff3755e9659d0e03da8f14b5245600640a394	554	identical	Minimal existing bridge chain: exposed arithmetic, full-state adapters, projection and exact expected bytes	Finite audit supports implementation only; no independent all-law rediscovery
1316	PINNED_REPLAY_INPUT	312d0a90b24d5f9e743096f0ee2a477cda719a10	notes/C-FIELD-WORK-RECORD-UNIT-N/primary.py	11009d50a61a6e158aeffd9f1fde5bd867ccfb286b38029f985774d9155eb705	3416	identical	Minimal existing bridge chain: exposed arithmetic, full-state adapters, projection and exact expected bytes	Finite audit supports implementation only; no independent all-law rediscovery
1316	PINNED_REPLAY_INPUT	312d0a90b24d5f9e743096f0ee2a477cda719a10	notes/C-FIELD-WORK-RECORD-UNIT-N/challenger.py	5067aa1f50b433d6c1ddd50c00f40151164982226b665e51728a211e184c072c	7350	identical	Minimal existing bridge chain: exposed arithmetic, full-state adapters, projection and exact expected bytes	Finite audit supports implementation only; no independent all-law rediscovery
1316	PINNED_REPLAY_INPUT	312d0a90b24d5f9e743096f0ee2a477cda719a10	notes/C-FIELD-WORK-RECORD-UNIT-N/audit.py	2293c9354f3109351dc6ea652d68230b48714b69ce829a2ef27b3e727a1bc0b6	8689	identical	Minimal existing bridge chain: exposed arithmetic, full-state adapters, projection and exact expected bytes	Finite audit supports implementation only; no independent all-law rediscovery
1316	PINNED_REPLAY_INPUT	312d0a90b24d5f9e743096f0ee2a477cda719a10	reproduce/field-work-record-unit-n/verify.py	b1b231508fca99a3d26474c46a75918774924cc9263a6688e38db5d185da57f9	2858	identical	Minimal existing bridge chain: exposed arithmetic, full-state adapters, projection and exact expected bytes	Finite audit supports implementation only; no independent all-law rediscovery
1316	PINNED_REPLAY_INPUT	312d0a90b24d5f9e743096f0ee2a477cda719a10	reproduce/field-work-record-unit-n/EXPECTED.txt	ead14e75ea593819e24be8e9bdb178a7733b01ba6df87dfe853b453095208b80	591	identical	Minimal existing bridge chain: exposed arithmetic, full-state adapters, projection and exact expected bytes	Finite audit supports implementation only; no independent all-law rediscovery
1318	REALIZATION_BOUNDARY	4756a3df650b91fb1d30806b0fb2aaac00e50cc2	notes/C-WORK-RECORD-CARTRIDGE-DEVICE-N/README.md	7414198d738c69a4678ea615431e4aa389a952d7899efd6b6381f5648a96d4cd	2723	identical	Device proposal and immutable acceptance boundary; not a premise of the mathematical proof	No physical qualification inferred
1318	REALIZATION_BOUNDARY	4756a3df650b91fb1d30806b0fb2aaac00e50cc2	notes/C-WORK-RECORD-CARTRIDGE-DEVICE-N/DESIGN.md	7088ef9c062c33b0d0933fe80d887725894d04a7ff5efd76fd77056e8cd861df	23203	identical	Device proposal and immutable acceptance boundary; not a premise of the mathematical proof	No physical qualification inferred
1318	REALIZATION_BOUNDARY	4756a3df650b91fb1d30806b0fb2aaac00e50cc2	notes/C-WORK-RECORD-CARTRIDGE-DEVICE-N/TEST_PLAN.md	5f08f948fc6cc0e00e9e26551e050af6feba5a605c4aa31d33d1a10a15a15d9c	27023	identical	Device proposal and immutable acceptance boundary; not a premise of the mathematical proof	No physical qualification inferred
1318	REALIZATION_BOUNDARY	4756a3df650b91fb1d30806b0fb2aaac00e50cc2	notes/C-WORK-RECORD-CARTRIDGE-DEVICE-N/REVIEW.md	7795e3590aa34cc2a7d4d10d27813d9eb331b3230bb44f954fa82d6325713b78	6674	identical	Device proposal and immutable acceptance boundary; not a premise of the mathematical proof	No physical qualification inferred
