existing_claim_or_result	disposition	new_claim	new_content_and_limit
FIELD-CONSERVATIVE-CHAIN-LAW	UNCHANGED	FIELD-PACKET-CONSERVATIVE-TRANSPORT	Different complete packet carrier, no charge/Gauss transfer; own inverse, positive ledger, mixed-radix support code, whole-packet swaps and cuts.
FIELD-CHAIN-FIRST-WORK;FIELD-LOCAL-WORK-RECORD	UNCHANGED	FIELD-PACKET-FUNDED-RECORD	Literal source content now reaches funded record; own all-time schedule, operative renewal and least complete clean-family return, not old C5 timing.
U-NATIVE-SOURCE-RECEIVER-RECORD	UNCHANGED	FIELD-PACKET-FUNDED-RECORD	Selected packet architecture rather than native U; no new native writing or preparation-frequency result.
U-GALOIS-FIBER-CODE;U-GALOIS-FIBER-QDD-SPLIT	UNCHANGED	FIELD-CONDITIONAL-POINTER-INSTRUMENT	Chosen equal-energy packet code, coherent pointer, full context/restored-source instrument and finite archive post-state maps; not physical realization of native Galois code.
QDD-SELECTED-SOURCE;QDD-SELECTED-RECORD;QDD-SELECTED-BORN	UNCHANGED	FIELD-CONDITIONAL-POINTER-INSTRUMENT	Explicit conditional instrument mechanism on its own declared carrier; no derivation of adopted Born occurrence or identification with every physical apparatus.
Coherent E readiness in source C candidate	CONTROLLED_APPROXIMATE_REPLACEMENT	FIELD-COHERENT-POINTER-PREPARATION	Fresh zero baths and local phase-sensitive reflections replace exact E loading to each positive tolerance; clean sources and couplings remain supplied.
Externally chosen primitive sequence in C/P	REMOVED_ON_INITIALIZED_CONTROL_DOMAIN	FIELD-FETCHED-PROGRAM-CONTROL	Stored instruction fetch and actual addressed routing give joint equality with dirty correlated buses; program, catalogue, phase, bath supply and ticks remain supplied.
QDD-INSTRUMENT-APPARATUS;QDD-TERMINAL-EVENT-SEMANTICS;QDD-INSTRUMENT-CLASS-COMPLETENESS	UNCHANGED_OPEN	ALL_FIVE	No complete physical-family decision, native law selection or actual terminal occurrence law is furnished.
AH-SF-1;NT-1;C-OCCURRENCE-CYCLE-COUNT-N	NON_CANONICAL_SCOPE_RETAINED	NONE	Conditional selection, transported preparation law and count applicability stop are not promoted by this mathematical fold.
