claim_id	status	scope	canon_section	evidence	falsifier
J-HODGE-PREDICTIVE-CLOSURE	T	L1 on the marked A4 exterior carrier over F=Q(sqrt(5)): the Hodge signs have dimension 3, each directed J cross block has rank 1, each fixed-J observation kernel has dimension 2 and the least F-linear predictive realization has dimension 4; the complete future-word class generated by Lambda^2(A5) and L has minimum 6; a decomposable current-output collision separates at the next step; no physical dimension, time, native-U bridge or unrestricted encoding bound	3. The kernel and the census	probes/P-J-HODGE-PREDICTIVE-CLOSURE-1	an exact failure of the marked conjugacy, Hodge ranks, cross ranks, fixed-J observation or invariant-hull rank, joint-word rank-six certificate or decomposable collision; an integrity mismatch without mathematical negation is STOP
A4-RAMIFIED-HODGE-TRACEKERNEL	T	L1 on the marked integral Lambda^2 A4: K is integral with K^2=5I, its mod-5 reduction has square zero and rank 3 with im(Kbar)=ker(Kbar)=ell wedge Vbar; the induced quotient Vbar/<ell> to (W5,g5) is an exact isometry and the descended alternating bracket is exactly minus the public metric-volume bracket in the frozen orientation, with marked A5 equivariance; no spatial-commutator forcing or physical lift	3. The kernel and the census	probes/P-A4-RAMIFIED-HODGE-TRACEKERNEL-1	an exact failure of the integral or residual Hodge identities, radical or image/kernel description, isometry, fixed orientation scalar -1, bracket or marked A5 equivariance; TRACEKERNEL-CURVATURE-FORCING is outside this theorem
J-HODGE-HERM2-LOXODROME	T	L1 for the marked fixed-J predictive carrier E_+: dimension 4, L-invariance, real wedge signature (3,1), exact beta preservation and characteristic polynomial (X^2-3X+1)(X^2-phi X+1); -J^-2=phi^2 zeta10 gives exactly the same modulus and phase factors as the normalized diagonal Hermitian action associated with diag(-J^-2,1); no canonical physical Herm2 identification, native-U intertwiner or physical time	3. The kernel and the census	probes/P-J-HODGE-HERM2-LOXODROME-1	an exact failure of dimension, invariance, signature, preservation, either characteristic factor, cyclotomic identity or algebraic Hermitian-factor comparison at the frozen marking
J-C5-HODGE-CONIC-ATLAS	T	L1 for all six Sylow-5 subgroups P in the marked A5: each fixes one distinct line T_P in W_-, every one of the 24 order-five elements c has im(P_- Lambda^2(I+c^2) P_+)=T_<c>, the real lines have squared angle 1/5 and projector sum 2I3, their normalizers have order 10, and the same subgroup labels yield exactly the six projective isotropic lines of residual W5; mathematical predictive charts only, no selected physical chart	3. The kernel and the census	probes/P-J-C5-HODGE-CONIC-ATLAS-1	an exact failure of the six-subgroup census, fixed-line dimensions or distinctness, any cross-image identity, invariant angle or frame sum, normalizer or transitivity test, or equality with the complete residual conic
U-J-HODGE-FINITE-READER-BOUNDARY	T	L1 for the marked exterior J target: its full periodic-vector locus is im(R)=ker(L^10-I), dimension 4, with every nonzero vector of exact period 10 and intersection with E_+ of dimension 2; every fixed read from finitely many configurations realizing L^n v for all n has Tv=0, while a nonzero hyperbolic target through N requires N+1 configurations; fixed finite-address free-linear encodings with fixed linear output also have zero hyperbolic image, of rank at most 4 or at most 2 inside E_+; source periodicity is unnecessary and unrestricted counter access is outside scope	2. Time, space, and the decoder	probes/P-U-J-HODGE-CHECKPOINT-NOGO-1	an exact counterexample to the primary/periodic split, exact period, E_+ intersection, universal finite-image argument or fixed-code rank consequence under the stated fixed finite hypotheses; unbounded or time-dependent output is a different class
J-HODGE-RATIONAL-CLOSURE	T	L1 over F=Q(sqrt(5)): the conjugate fixed-J charts E_+,E_- have dimensions 4, sum W_F of dimension 6 and intersection im(T)_F of dimension 2; every Q-defined subspace whose scalar extension contains the full E_+ equals W_Q, without requiring L-invariance, and Lambda^2 A4 attains integral rank 6; E_+ intersect W_Q=im(T)_Q and its periodic two-plane has no nonzero rational vector; no general additive-encoding or native-checkpoint identification	3. The kernel and the census	probes/P-J-HODGE-INTEGRAL-LIFT-1	an exact failure of Galois conjugacy, chart sum/intersection, rational intersection, containing-carrier lower bound or integral attaining lattice at the frozen scope
NATIVE-BC-HODGE-D5-OBSTRUCTION	T	L1 over F5 for the frozen canonical native b,c linear pair and marked Hodge D5 pair: the order-five products have Jordan ranks 1,0,0,0,0 and 4,3,2,1,0 respectively; each of the two frozen cycle-orientation simultaneous Hom spaces has dimension 8 and no invertible map; the native pair has invariant symmetric-form dimension 11; DIFFER excludes only this direct representation seam and is not a falsification of native U or a transported-data nonuniqueness theorem	3. The kernel and the census	probes/P-NATIVE-BC-HODGE-D5-SEAM-1	an exact native/Hodge rank mismatch with the stated certificate, a wrong complete Hom-space dimension, an admitted invertible simultaneous intertwiner, or a wrong invariant symmetric-form dimension
NATIVE-LINEAR-HODGE-ORDER5-OBSTRUCTION	T	L1 for the complete group of the five declared native checkpoint linear parts: order 200, exactly 24 order-five elements, all of Jordan type J2(1)+J1(1)^4; the marked exterior Hodge cycle and inverse have type J5(1)+J1(1), so no finite native word linear part is similar to either; the fired subgroup generated by b,d,e has order 4 and no order-five element; affine, nonlinear, history, gauge and counter constructions remain outside this word-linear class	3. The kernel and the census	probes/P-NATIVE-LINEAR-ORDER5-HODGE-CLASS-1	an exact failure of complete group closure, group or order-five census, Jordan-rank classification or fired-subgroup classification, or an admitted Hodge-type finite native word linear part
NATIVE-LINEAR-JHODGE-STEP-OBSTRUCTION	T	L1 over F5: the actual marked target Lambda^2(I+C^2) has order 10 and type J5(-1)+J1(-1), with ranks of (L+I)^k equal to 4,3,2,1,0,0; the complete native linear group has only -I and 24 shallow rank-one (-1)-unipotent elements, hence zero native word linear parts similar to that actual target; STEP-DIFFER does not exclude affine, nonlinear, history-dependent, gauge or counter-assisted readings	3. The kernel and the census	probes/P-NATIVE-LINEAR-JHODGE-STEP-CLASS-1	an exact failure of target order/Jordan ranks or the complete native (-1)-unipotent census, or an admitted finite native word linear part similar to the frozen actual target
J-HODGE-COUNTER-CARRY-EXPONENT	T	L1 arithmetic: s2(n+1)-s2(n)=1-nu2(n+1), and C(n)=sum_(m=1)^n nu2(m)=nu2(n!)=n-s2(n) is the unique normalized integer complement to one count per step; r^C(n) uniquely completes r^s2(n) to r^n in the free cyclic exponent carrier; the finite order-eight specialization remains finite, while the separate positive characteristic-zero rho^2=phi specialization gives fourth powers phi^(2n) and phi^(-2n), with the loxodromic torsion phase separately supplied; classical identity and typed exponent comparison only, no native-Hodge or physical clock/gravity bridge	3. The kernel and the census	probes/P-J-HODGE-COUNTER-CARRY-FACTOR-1	an exact counterexample to the all-n digit increment, factorial valuation, uniqueness, free-exponent completion or either separately typed specialization; equating the two carriers or closing SQRT-PHI-TIME-GRAVITY exceeds scope
J-HODGE-SEMILINEAR-MEMORY	T	L1 for rational w on the marked exterior J carrier and F=Q(sqrt(5)): the plus triple reconstructs w through x and sigma(x) and evolves by x'=A0 x+B0 sigma(x), rank(B0)=1, Q-linearly but not F-linearly; the fixed-J F-linear predictive state has minimum 4, attained by the present triple and one prior primary axial value satisfying y_(n+2)=3y_(n+1)-y_n; K L K^-1 T=L^-1 T and (KL-LK)R=0; the primary block has trace 3 and determinant 1, Hodge-basis cross-product 5/4, and the frozen normalization gives (1/2)[[3,-sqrt5],[-sqrt5,3]]; no information-loss claim for the exact rational-source triple or physical time identification	3. The kernel and the census	probes/P-J-HODGE-SEMILINEAR-MEMORY-2	an exact failure of rational reconstruction, semilinear formula or cross rank, either observability rank-four certificate, axial recurrence, sector identities, invariant primary data or explicitly frozen normalized matrix; changing basis scale without claiming the frozen normalization is not a counterexample
U-COUNTER-SEPARABLE-QUOTIENT	T	L1 on the whole native Omega=N0 x F5^6: for S=p1+p4+p1p+p4p, T0=p1+p4-p1p-p4p-3 and z=S+q+r, the piecewise kappa=(S-1,-T0-2r) at z=0, (S,T0) at z in {1,2}, (S,-T0) at z in {3,4} changes by common sign on every f_t(x)=g_(z(x)+2t)(x); each of its 25 oriented fibres has 625 heads and 125 per phase, and Q=[kappa] in F5^2/{+-1} has exactly the thirteen weak two-control components, sizes 625 once and 1250 twelve times; for any stipulated target bijection L, total separable readers R(n,x)=L^n F(x) intertwine U exactly iff F=g Q for unique arbitrary g; no general nonseparable whole-Omega classification or physical superselection	2. Time, space, and the decoder	probes/P-U-COUNTER-AMPLITUDE-CLASS-1	an exact failed selected-edge sign identity, wrong oriented fibre or weak-component membership/count, incomplete constructive connectivity proof, or failure of either direction or uniqueness in the total separable-reader classification for an admitted target bijection
U-COUNTER-REACHABLE-AMPLITUDE-CLASS	T	L1 on D={(n,x):x in E_n(F5^6)} only, using the inherited all-clock native chart extended to conserved onto labels ell_n in F5^5 with ell_0 fibres equal to the 3125 five-head E3 fibres: for every stipulated set Y and bijection L:Y->Y, every exact reader R:D->Y with R(n+1,d_n x)=L R(n,x) has uniquely R(n,x)=L^n G(ell_n(x)), with arbitrary G and at most 3125 initial amplitude values, attained when Y has enough points; Q=qbar ell_n where qbar(alpha,beta,gamma,delta,epsilon)=[alpha+beta,gamma+delta] has one fibre of size 125 and twelve of size 250, and restrictions of whole-Omega separable readers are exactly G=g qbar, strictly fewer when Y has at least two points; the 3125 retention count is inherited, target L and G are unselected, finite spanning is not surjectivity, and no nonseparable classification outside D is asserted	2. Time, space, and the decoder	probes/P-U-COUNTER-AMPLITUDE-CLASS-1	an exact counterexample to the conserved onto chart extension, complete arbitrary-target parametrization or uniqueness, attained initial-amplitude bound, Q projection/fibre counts or exact separable-subclass statement on the declared reachable domain; a different source port or an unreachable state changes the class
U-SELECTOR-AMPLITUDE-COMMON-FACTOR	T	L1 for all origin-zero native heads and a stipulated bijective target: z3=i3=1 forces every counter-dependent current-phase or current-selector reader realizing L^n a(x) at every time to have constant initial amplitude; complete phase/index histories and prefixes containing tick zero distinguish exactly five initial-phase classes; x->(ell_0(x),z(x)) is a bijection F5^6->F5^5 x F5, so an amplitude obtainable both by a current-full-checkpoint invertible-target reader on D and by a selector-history reader is constant; no probability law, statistical independence, physical preparation or material record is supplied	2. Time, space, and the decoder	probes/P-U-COUNTER-AMPLITUDE-CLASS-1	an admitted head with noncommon tick-three phase/index, a nonconstant amplitude satisfying the all-time current-selector target equation, a history distinction not determined by initial phase, a failure of the exact product bijection, or a nonconstant common factor on every head under the frozen ports
U-COUNTER-ADDITIVE-AMPLITUDE-OBSTRUCTION	T	L1 conditional on requiring the amplitude assignment G to be additive from the declared chart group (F5^5,+) to a characteristic-zero vector space: G=0 because 5G(l)=G(5l)=G(0)=0; more generally the same holds in any additive target without 5-torsion; arbitrary nonlinear amplitudes, free function-space linearization and separately declared integer lifts are outside this additional additive premise, and Q is not assigned inherited vector addition	2. Time, space, and the decoder	probes/P-U-COUNTER-AMPLITUDE-CLASS-1	an exact nonzero additive G into a target with no 5-torsion satisfying the declared source-group law, or a failure of the stated torsion proof; a nonadditive assignment or changed source/target group is outside scope
