item_id	depends_on	relation	basis
TT-VECTOR-MOMENT-UNDERDETERMINATION	TT-SQUARING-DECODER	BOUNDED_BY	the theorem evaluates the same formal square w=v^2 but does not inherit the lower-status physical decoder reading
TT-VECTOR-MOMENT-UNDERDETERMINATION	POL-READ	BOUNDED_BY	the plus/cross convention bounds any interpretation of the complex square; no source, propagation, normalization or observable is imported
TT-VECTOR-MOMENT-UNDERDETERMINATION	TT-VECTOR-STATE-NORMALIZATION	BOUNDED_BY	the theorem constrains admissible state closures but supplies neither a normalization nor a numerical r_T(k)
QDD-U-INDUCED-CHANNEL	DEF-AUTONOMOUS-STATE	REQUIRES	the formulas are statements about the registered Omega, selector, generators and autonomous update U
QDD-U-INDUCED-CHANNEL	DEF-QDD-BALANCED-PISTON	REQUIRES	the piston/fiber split and the equality between sum pi mod 5 and the balanced-piston sum are frozen on the public QDD carrier
QDD-U-INDUCED-CHANNEL	QDD-INSTRUMENT-APPARATUS	BOUNDED_BY	the exact algebraic channel structure supplies no independent physical selector, realized event law or sampling map
QDD-U-INDUCED-FINITE-NONSELECTION	QDD-U-INDUCED-CHANNEL	REQUIRES	the finite classification evaluates record maps on the registered U-induced piston/fiber channel
QDD-U-INDUCED-FINITE-NONSELECTION	DEF-QDD-BRANCH-WEIGHT-PAIRING	REQUIRES	the realization predicate compares exact finite rates with the frozen ordered branch weights and density
QDD-U-INDUCED-FINITE-NONSELECTION	DEF-QDD-MATTER-RECORD	REQUIRES	the ZERO_DENOMINATOR, normalized-weight and density tags use the frozen MatterData schema
QDD-U-INDUCED-FINITE-NONSELECTION	QDD-INSTRUMENT-NONSELECTION	REQUIRES	the eligible family test uses exactly the frozen rational post-state instrument family and no enlarged apparatus class
QDD-U-INDUCED-FINITE-NONSELECTION	QDD-INSTRUMENT-APPARATUS	BOUNDED_BY	the complete 900-pair finite classification neither closes O2 or O1 nor excludes another admissible physical apparatus class
DEF-QPAIR-HERM-SLOT	DEF-QPAIR-SPIN-CARRIER	REQUIRES	the Hermitian slot is defined on the independent integral spin carrier
DEF-QPAIR-SYM-SLOT	DEF-QPAIR-SPIN-CARRIER	REQUIRES	the symmetric slot is defined on the independent integral spin carrier
DEF-QPAIR-MIXED-C4	DEF-QPAIR-SPIN-CARRIER	REQUIRES	the mixed rational-linear action is defined on the independent integral spin carrier
DEF-QPAIR-ADMISSIBLE-LINEAR-CLASS	DEF-QPAIR-HERM-SLOT	REQUIRES	the admissible spaces retain the fixed Hermitian slot with its original linear readout
DEF-QPAIR-ADMISSIBLE-LINEAR-CLASS	DEF-QPAIR-SYM-SLOT	REQUIRES	the ambient formal quadratic coordinates include the typed symmetric slot
DEF-QPAIR-ADMISSIBLE-LINEAR-CLASS	DEF-QPAIR-MIXED-C4	REQUIRES	the admissible spaces are stable under pullback by the frozen mixed action
DEF-QPAIR-ADMISSIBLE-LINEAR-CLASS	COLOR-INTEGRAL-LIFT	REQUIRES	the marked generators S0 and T0 are the registered integral 2I lift
QPAIR-SYM2-2I-IRREDUCIBLE	COLOR-CORE-2I	REQUIRES	the marked finite group is the registered binary-icosahedral core
QPAIR-SYM2-2I-IRREDUCIBLE	COLOR-GOLDEN-TABLE	REQUIRES	the public class order and rows 2a, 2b, 3a and 3b type the symmetric-square character identity
QPAIR-SYM2-2I-IRREDUCIBLE	COLOR-INTEGRAL-LIFT	REQUIRES	the orbit certificate uses the registered marked matrices S0 and T0
QPAIR-SYM2-2I-IRREDUCIBLE	DEF-ACTION-LAYERS	REQUIRES	the claim is confined to L1 representation theory and creates no cross-layer lift
QPAIR-MINIMAL-2I-CLOSURE-OF-HERM-UNDER-MIXED-C4	QPAIR-SYM2-2I-IRREDUCIBLE	REQUIRES	the orbit of the mixed-action seed forces the full symmetric-square module
QPAIR-MINIMAL-2I-CLOSURE-OF-HERM-UNDER-MIXED-C4	DEF-QPAIR-SPIN-CARRIER	REQUIRES	the relative closure is evaluated on the frozen independent spin carrier
QPAIR-MINIMAL-2I-CLOSURE-OF-HERM-UNDER-MIXED-C4	DEF-QPAIR-HERM-SLOT	REQUIRES	the admissible class must retain this fixed linearly readable slot
QPAIR-MINIMAL-2I-CLOSURE-OF-HERM-UNDER-MIXED-C4	DEF-QPAIR-SYM-SLOT	REQUIRES	the forced complement is the frozen symmetric slot
QPAIR-MINIMAL-2I-CLOSURE-OF-HERM-UNDER-MIXED-C4	DEF-QPAIR-MIXED-C4	REQUIRES	the off-diagonal Hermitian coordinate is sent to the symmetric seed by the frozen mixed action
QPAIR-MINIMAL-2I-CLOSURE-OF-HERM-UNDER-MIXED-C4	DEF-QPAIR-ADMISSIBLE-LINEAR-CLASS	REQUIRES	minimality is relative only to this typed linear class
QPAIR-MINIMAL-2I-CLOSURE-OF-HERM-UNDER-MIXED-C4	DEF-ACTION-LAYERS	REQUIRES	the result is L1 carrier algebra and supplies no decoder, stream or measure lift
DEF-MJ	AXIOM-J	REQUIRES	M_J is multiplication by J
DEF-AUTONOMOUS-STATE	DEF-CHECKPOINT	REQUIRES	Omega contains the finite checkpoint
DEF-AUTONOMOUS-STATE	DEF-ODOMETER-ORBIT	REQUIRES	Omega contains the forward odometer orbit
DEF-AUTONOMOUS-STATE	DEF-KERNEL-GENERATORS	REQUIRES	U applies one declared generator
DEF-AUTONOMOUS-STATE	DEF-SELECTOR	REQUIRES	U reads the declared selector
DEF-LOG-STREAM	DEF-AUTONOMOUS-STATE	REQUIRES	the Log is a derived orbit record
DEF-DECODER-MATTER	DEF-AUTONOMOUS-STATE	REQUIRES	D_matter reads a forward orbit
DEF-DECODER-GEOMETRY	DEF-DECODER-MATTER	REQUIRES	geometry reads MatterData
DEF-DECODER-CLOCK	DEF-DECODER-GEOMETRY	REQUIRES	clock reads accumulated geometry
DEF-DECODER-COMPLETION-CONTRACT	DEF-DECODER-CLOCK	REQUIRES	the completion-contract schema refines the declared partial decoder chain without asserting a completed decoder
DEF-DECODER-COMPLETION-CONTRACT	DEF-ACTION-LAYERS	REQUIRES	every declared contract transition records its L1-L6 endpoints without asserting or authorizing a lift
DEF-ARCHITECTURE	DEF-AUTONOMOUS-STATE	REQUIRES	declared architecture contains Omega and U
DEF-ARCHITECTURE	DEF-DECODER-CLOCK	REQUIRES	declared architecture contains the partial decoder
J-UNIT	AXIOM-J	REQUIRES	unit theorem starts from J
J-PROJECTIONS	AXIOM-J	REQUIRES	polar decomposition starts from J
J-MODULUS-CHORD	AXIOM-J	REQUIRES	chord identity starts from J
PI-FROM-J	AXIOM-J	REQUIRES	principal logarithm identity starts from J
J-TENTH-ROOT	AXIOM-J	REQUIRES	root identity starts from J
J-GOLDEN-BRIDGE	AXIOM-J	REQUIRES	bridge identities start from J
J-STEP	DEF-MJ	REQUIRES	J-STEP is the matrix action of M_J
PLENUM-POINT	AXIOM-J	REQUIRES	plenum identities start from J
J-RAMIFIED-CHORD	AXIOM-J	REQUIRES	ramified chord starts from J
LOG-AXES-INDEPENDENCE	AXIOM-J	REQUIRES	the two logarithmic axes are projections of J
AXIOM-PROJECTION-DICTIONARY	J-PROJECTIONS	REQUIRES	registry scope names the theorem input
AXIOM-PROJECTION-DICTIONARY	PLENUM-POINT	REQUIRES	registry scope names the theorem input
AXIOM-PROJECTION-DICTIONARY	J-MODULUS-CHORD	REQUIRES	registry scope names the theorem input
AXIOM-PROJECTION-DICTIONARY	J-RAMIFIED-CHORD	REQUIRES	registry scope names the theorem input
BOOST-COUNT-LADDER	BOOST-READING-SPLIT	REQUIRES	count dictionary rests on the exact split
READING-SPLIT	CODEC-TR4	REQUIRES	linear leg is CODEC-TR4
SILVER-SIBLING	SILVER-RING-FACTS	REQUIRES	dictionary rests on finite ring facts
CENTRAL-LIFT-PHASE	J-PROJECTIONS	REQUIRES	the principal embedding, exact modulus, and oriented phase of J are inherited public inputs
CENTRAL-LIFT-PHASE	J-TENTH-ROOT	REQUIRES	the primitive tenth-root identity 1-J = -zeta_5^2 supplies the frozen mu_10 outside mu_5 obstruction
CENTRAL-LIFT-PHASE	J-GOLDEN-BRIDGE	REQUIRES	the identities J = phi^-1 zeta_5 and phi in Z[zeta_5] supply the exact square-root-free coefficients
CENTRAL-LIFT-PHASE	DEF-ACTION-LAYERS	REQUIRES	the result is confined to L4 quadratic support and creates no state, stream, measure, or cross-layer lift
QUARTIC-CYCLOTOMIC-TOTAL-RAMIFICATION-CENSUS	C20-TEICHMULLER-SPLIT	REQUIRES	the final J compatibility corollary inherits O=Z[zeta_5], the principal prime (1-zeta_5), residue F_5, and its cyclic order-four unit group at the registered L1 scope
QUARTIC-CYCLOTOMIC-TOTAL-RAMIFICATION-CENSUS	RAMIFIED-TM-LIFT	REQUIRES	the final compatibility corollary inherits only J mod (1-zeta_5)=2 in F_5^x at L1; the field and ramification census is proved independently
QUARTIC-CYCLOTOMIC-TOTAL-RAMIFICATION-CENSUS	DEF-ACTION-LAYERS	REQUIRES	the result is confined to L1 exact arithmetic and creates no physical reading or lift to L2-L6
ABELIAN-CM-UNIQUE-EVEN-BIT-DISCRIMINANT-MINIMUM	DEF-ACTION-LAYERS	REQUIRES	the result is confined to L1 exact arithmetic and creates no physical selection, write/read assignment, or lift to L2-L6
FORCE-AS-CURVATURE	FORCE-WEYL-HOLONOMY	REQUIRES	curvature reading rests on the Weyl theorem
MEASURE-BORN-VERB	BORN-FACE-WEIGHTS	REQUIRES	registry scope names the theorem input
COSMOLOGY-READING-DICTIONARY	TT-LINEAR-ZERO	REQUIRES	dictionary reads the exact zero response
COSMOLOGY-READING-DICTIONARY	GYRON-DENSITY	REQUIRES	dictionary reads the exact density
COSMOLOGY-READING-DICTIONARY	COSMOLOGY-REGISTER	REQUIRES	dictionary reads the committed forms
ELECTRON-G-TREE	ELECTRON-G-RATIO	REQUIRES	dictionary rests on the exact ratio
ELECTRON-G-TREE	ELECTRON-G-DOUBLE-COVER	REQUIRES	dictionary rests on the exact double cover
ELECTRON-SIGN	ELECTRON-SIGN-LAWS	REQUIRES	dictionary rests on the exhaustive laws
FRW-INHOM	FRW-CANONICAL-FORM	REQUIRES	inhomogeneous extension starts from the homogeneous theorem
DE-TRACE-DENSITY-UNDERDETERMINATION	FRW-CANONICAL-FORM	REQUIRES	the registered homogeneous continuity identity is the sole coefficient relation tested for density-character selection
DE-CONFORMAL-WEIGHT	DE-TRACE-DENSITY-UNDERDETERMINATION	BOUNDED_BY	FRW continuity alone has at least two exact density-character solutions, so the open dictionary is not derived from that relation
TM-SYM2-MEASURE	GYRON-DENSITY	REQUIRES	registered measure residual uses rho = 1/6
MASS-LADDER-FORMS	NEUTRON-DELTA-EM	BOUNDED_BY	neutron comparison remains open
TT-QUADRATIC-INDUCED	TT-VECTOR-STATE-NORMALIZATION	BOUNDED_BY	normalization remains open
COSMOLOGY-REGISTER	NS-TILT	BOUNDED_BY	tilt remains a live hypothesis
CONFORMAL-PREFACTOR	FRW-INHOM	BOUNDED_BY	inhomogeneous action remains open
CONFORMAL-PREFACTOR	METRO-EDGE-SCALE	BOUNDED_BY	SI clause remains open
STRONG-SEED	ALPHA-S-RUNNING	BOUNDED_BY	running remains open
STRONG-SEED	SCHEME-DICTIONARY	BOUNDED_BY	measurement scheme remains open
ELECTRON-G-TREE	QUANT-SUBSTRATE	BOUNDED_BY	quantum substrate remains open
ALPHA-SEED	DEF-ARCHITECTURE	REQUIRES	Canon definition boundary: every downstream statement is conditional on the declared architecture
BORN-FACE-WEIGHTS	DEF-ARCHITECTURE	REQUIRES	Canon definition boundary: every downstream statement is conditional on the declared architecture
BORN-HALF-ANGLE	DEF-ARCHITECTURE	REQUIRES	Canon definition boundary: every downstream statement is conditional on the declared architecture
BORN-RESIDUAL-SPLIT	DEF-ARCHITECTURE	REQUIRES	Canon definition boundary: every downstream statement is conditional on the declared architecture
SPIN-BISECTOR	DEF-ARCHITECTURE	REQUIRES	Canon definition boundary: every downstream statement is conditional on the declared architecture
BORN-ORDER-STAIRCASE	DEF-ARCHITECTURE	REQUIRES	Canon definition boundary: every downstream statement is conditional on the declared architecture
CENSUS-313	DEF-ARCHITECTURE	REQUIRES	Canon definition boundary: every downstream statement is conditional on the declared architecture
CENSUS-Z5-SHEET	DEF-ARCHITECTURE	REQUIRES	Canon definition boundary: every downstream statement is conditional on the declared architecture
CENSUS-PAIRING	DEF-ARCHITECTURE	REQUIRES	Canon definition boundary: every downstream statement is conditional on the declared architecture
CENSUS-HOSTING	DEF-ARCHITECTURE	REQUIRES	Canon definition boundary: every downstream statement is conditional on the declared architecture
DIRAC-LADDER	DEF-ARCHITECTURE	REQUIRES	Canon definition boundary: every downstream statement is conditional on the declared architecture
LADDER-LIGHTCONE	DEF-ARCHITECTURE	REQUIRES	Canon definition boundary: every downstream statement is conditional on the declared architecture
SPINOR-FLOOR	DEF-ARCHITECTURE	REQUIRES	Canon definition boundary: every downstream statement is conditional on the declared architecture
FIB-ROOT-TIES	DEF-ARCHITECTURE	REQUIRES	Canon definition boundary: every downstream statement is conditional on the declared architecture
FIB-ROOT-CARRIER	DEF-ARCHITECTURE	REQUIRES	Canon definition boundary: every downstream statement is conditional on the declared architecture
DIRAC-STEP-THEOREMS	DEF-ARCHITECTURE	REQUIRES	Canon definition boundary: every downstream statement is conditional on the declared architecture
DIRAC-STEP	DEF-ARCHITECTURE	REQUIRES	Canon definition boundary: every downstream statement is conditional on the declared architecture
LADDER-SPIN-PLACES	DEF-ARCHITECTURE	REQUIRES	Canon definition boundary: every downstream statement is conditional on the declared architecture
CHECKERBOARD-GAUSS-TOWER	DEF-ARCHITECTURE	REQUIRES	Canon definition boundary: every downstream statement is conditional on the declared architecture
FERMIONIZER	DEF-ARCHITECTURE	REQUIRES	Canon definition boundary: every downstream statement is conditional on the declared architecture
LADDER-ALTERNATOR-BASIS	DEF-ARCHITECTURE	REQUIRES	Canon definition boundary: every downstream statement is conditional on the declared architecture
TM-BREATH-TOWER	DEF-ARCHITECTURE	REQUIRES	Canon definition boundary: every downstream statement is conditional on the declared architecture
BOOST-READING-SPLIT	DEF-ARCHITECTURE	REQUIRES	Canon definition boundary: every downstream statement is conditional on the declared architecture
BOOST-COUNT-LADDER	DEF-ARCHITECTURE	REQUIRES	Canon definition boundary: every downstream statement is conditional on the declared architecture
OBSERVER-ALTERNATOR	DEF-ARCHITECTURE	REQUIRES	Canon definition boundary: every downstream statement is conditional on the declared architecture
BOOST-AXIS	DEF-ARCHITECTURE	REQUIRES	Canon definition boundary: every downstream statement is conditional on the declared architecture
COLOR-RETURN-D5	DEF-ARCHITECTURE	REQUIRES	Canon definition boundary: every downstream statement is conditional on the declared architecture
COLOR-TORSOR-HOLONOMY	DEF-ARCHITECTURE	REQUIRES	Canon definition boundary: every downstream statement is conditional on the declared architecture
COLOR-SPLIT-12	DEF-ARCHITECTURE	REQUIRES	Canon definition boundary: every downstream statement is conditional on the declared architecture
COLOR-LADDER-DICTIONARY	DEF-ARCHITECTURE	REQUIRES	Canon definition boundary: every downstream statement is conditional on the declared architecture
COLOR-DYNAMICAL-COLOR	DEF-ARCHITECTURE	REQUIRES	Canon definition boundary: every downstream statement is conditional on the declared architecture
COLOR-KIN-NORMALIZER	DEF-ARCHITECTURE	REQUIRES	Canon definition boundary: every downstream statement is conditional on the declared architecture
COLOR-KINEMATICAL-GL2	DEF-ARCHITECTURE	REQUIRES	Canon definition boundary: every downstream statement is conditional on the declared architecture
COLOR-CORE-2I	DEF-ARCHITECTURE	REQUIRES	Canon definition boundary: every downstream statement is conditional on the declared architecture
COLOR-GOLDEN-TABLE	DEF-ARCHITECTURE	REQUIRES	Canon definition boundary: every downstream statement is conditional on the declared architecture
COLOR-MCKAY-E8	DEF-ARCHITECTURE	REQUIRES	Canon definition boundary: every downstream statement is conditional on the declared architecture
COLOR-MOMENT-FINGERPRINT	DEF-ARCHITECTURE	REQUIRES	Canon definition boundary: every downstream statement is conditional on the declared architecture
COLOR-SPECTRAL-INVARIANTS	DEF-ARCHITECTURE	REQUIRES	Canon definition boundary: every downstream statement is conditional on the declared architecture
COLOR-DICKSON-RAMIFICATION	DEF-ARCHITECTURE	REQUIRES	Canon definition boundary: every downstream statement is conditional on the declared architecture
COLOR-KLEIN-REDUCTION	DEF-ARCHITECTURE	REQUIRES	Canon definition boundary: every downstream statement is conditional on the declared architecture
COLOR-INTEGRAL-LIFT	DEF-ARCHITECTURE	REQUIRES	Canon definition boundary: every downstream statement is conditional on the declared architecture
COLOR-CM-2I-SEMILINEAR-PAIR	COLOR-INTEGRAL-LIFT	REQUIRES	the marked CM pair uses exactly the displayed integral 2I representative and its frozen S,T matrices
COLOR-CM-2I-SEMILINEAR-PAIR	DEF-ACTION-LAYERS	REQUIRES	the theorem is confined to L4 support structure and creates no L5 stream, L6 measure, or cross-layer lift
COLOR-MEASURE-TRANSPORT	DEF-ARCHITECTURE	REQUIRES	Canon definition boundary: every downstream statement is conditional on the declared architecture
KAHLER-CAPACITY	DEF-ARCHITECTURE	REQUIRES	Canon definition boundary: every downstream statement is conditional on the declared architecture
FRW-CANONICAL-FORM	DEF-ARCHITECTURE	REQUIRES	Canon definition boundary: every downstream statement is conditional on the declared architecture
DE-TRACE-DENSITY-UNDERDETERMINATION	DEF-ARCHITECTURE	REQUIRES	Canon definition boundary: every downstream statement is conditional on the declared architecture
GRAVITY-BRIDGE-LAW	DEF-ARCHITECTURE	REQUIRES	Canon definition boundary: every downstream statement is conditional on the declared architecture
MU-TAU-COEFFICIENT	DEF-ARCHITECTURE	REQUIRES	Canon definition boundary: every downstream statement is conditional on the declared architecture
MU-EXCHANGE-IDENTITY	DEF-ARCHITECTURE	REQUIRES	Canon definition boundary: every downstream statement is conditional on the declared architecture
MASS-LADDER-FORMS	DEF-ARCHITECTURE	REQUIRES	Canon definition boundary: every downstream statement is conditional on the declared architecture
PARITY-LAW	DEF-ARCHITECTURE	REQUIRES	Canon definition boundary: every downstream statement is conditional on the declared architecture
BRIDGE-DEFECT	DEF-ARCHITECTURE	REQUIRES	Canon definition boundary: every downstream statement is conditional on the declared architecture
WEINBERG-TREE	DEF-ARCHITECTURE	REQUIRES	Canon definition boundary: every downstream statement is conditional on the declared architecture
HYPERCHARGE-LAW	DEF-ARCHITECTURE	REQUIRES	Canon definition boundary: every downstream statement is conditional on the declared architecture
WEINBERG-FORM	DEF-ARCHITECTURE	REQUIRES	Canon definition boundary: every downstream statement is conditional on the declared architecture
MAXWELL-BIANCHI	DEF-ARCHITECTURE	REQUIRES	Canon definition boundary: every downstream statement is conditional on the declared architecture
MAXWELL-GAUSS-CHAIN	DEF-ARCHITECTURE	REQUIRES	Canon definition boundary: every downstream statement is conditional on the declared architecture
MAXWELL-AMPERE-CHAIN	DEF-ARCHITECTURE	REQUIRES	Canon definition boundary: every downstream statement is conditional on the declared architecture
MAXWELL-OBSTRUCTION-P	DEF-ARCHITECTURE	REQUIRES	Canon definition boundary: every downstream statement is conditional on the declared architecture
MAXWELL-CLOSED	DEF-ARCHITECTURE	REQUIRES	Canon definition boundary: every downstream statement is conditional on the declared architecture
ALPHA-PREFACTOR-UNIFICATION	DEF-ARCHITECTURE	REQUIRES	Canon definition boundary: every downstream statement is conditional on the declared architecture
ALPHA-FORM	DEF-ARCHITECTURE	REQUIRES	Canon definition boundary: every downstream statement is conditional on the declared architecture
ALPHA-VALUE-DIGITS	DEF-ARCHITECTURE	REQUIRES	Canon definition boundary: every downstream statement is conditional on the declared architecture
TT-LINEAR-ZERO	DEF-ARCHITECTURE	REQUIRES	Canon definition boundary: every downstream statement is conditional on the declared architecture
TT-QUADRATIC-INDUCED	DEF-ARCHITECTURE	REQUIRES	Canon definition boundary: every downstream statement is conditional on the declared architecture
GYRON-DENSITY	DEF-ARCHITECTURE	REQUIRES	Canon definition boundary: every downstream statement is conditional on the declared architecture
COSMOLOGY-READING-DICTIONARY	DEF-ARCHITECTURE	REQUIRES	Canon definition boundary: every downstream statement is conditional on the declared architecture
COSMOLOGY-REGISTER	DEF-ARCHITECTURE	REQUIRES	Canon definition boundary: every downstream statement is conditional on the declared architecture
CONFORMAL-PREFACTOR	DEF-ARCHITECTURE	REQUIRES	Canon definition boundary: every downstream statement is conditional on the declared architecture
TT-SQUARING-DECODER	DEF-ARCHITECTURE	REQUIRES	Canon definition boundary: every downstream statement is conditional on the declared architecture
SCHWARZSCHILD-TT-ENDPOINT	DEF-ARCHITECTURE	REQUIRES	Canon definition boundary: every downstream statement is conditional on the declared architecture
TT-QUADRATIC-GERM	DEF-ARCHITECTURE	REQUIRES	Canon definition boundary: every downstream statement is conditional on the declared architecture
COUPLINGS-DETERMINE	DEF-ARCHITECTURE	REQUIRES	Canon definition boundary: every downstream statement is conditional on the declared architecture
DEWITT-TWELVES	DEF-ARCHITECTURE	REQUIRES	Canon definition boundary: every downstream statement is conditional on the declared architecture
METRO-TICK	DEF-ARCHITECTURE	REQUIRES	Canon definition boundary: every downstream statement is conditional on the declared architecture
MEASURE-SPATIAL-ONLY	DEF-ARCHITECTURE	REQUIRES	Canon definition boundary: every downstream statement is conditional on the declared architecture
STRONG-SEED	DEF-ARCHITECTURE	REQUIRES	Canon definition boundary: every downstream statement is conditional on the declared architecture
HYPERPLANE-BOUNDARY-CLASS	DEF-ARCHITECTURE	REQUIRES	Canon definition boundary: every downstream statement is conditional on the declared architecture
HYPERPLANE-BOUNDARY-REALIZATION	DEF-ARCHITECTURE	REQUIRES	Canon definition boundary: every downstream statement is conditional on the declared architecture
CODEC-TR4	DEF-ARCHITECTURE	REQUIRES	Canon definition boundary: every downstream statement is conditional on the declared architecture
PHIBIT-NOT-TAU	DEF-ARCHITECTURE	REQUIRES	Canon definition boundary: every downstream statement is conditional on the declared architecture
KERNEL-WEDGE-AFFINITY	DEF-ARCHITECTURE	REQUIRES	Canon definition boundary: every downstream statement is conditional on the declared architecture
KERNEL-WEDGE-COUPLING	DEF-ARCHITECTURE	REQUIRES	Canon definition boundary: every downstream statement is conditional on the declared architecture
KERNEL-WEDGE-LINEAR-STRATA	DEF-ARCHITECTURE	REQUIRES	Canon definition boundary: every downstream statement is conditional on the declared architecture
KERNEL-WEDGE-AFFINE-MIX	DEF-ARCHITECTURE	REQUIRES	Canon definition boundary: every downstream statement is conditional on the declared architecture
KERNEL-CELL-COMPONENTS	DEF-ARCHITECTURE	REQUIRES	Canon definition boundary: every downstream statement is conditional on the declared architecture
KERNEL-MACRO-READING	DEF-ARCHITECTURE	REQUIRES	Canon definition boundary: every downstream statement is conditional on the declared architecture
ODOMETER-INTERNALIZED	DEF-ARCHITECTURE	REQUIRES	Canon definition boundary: every downstream statement is conditional on the declared architecture
READING-SPLIT	DEF-ARCHITECTURE	REQUIRES	Canon definition boundary: every downstream statement is conditional on the declared architecture
TIME-QUANTUM-TOWER	DEF-ARCHITECTURE	REQUIRES	Canon definition boundary: every downstream statement is conditional on the declared architecture
DEGREES-BY-PRIME	DEF-ARCHITECTURE	REQUIRES	Canon definition boundary: every downstream statement is conditional on the declared architecture
Z2-PLACES-SPLIT	DEF-ARCHITECTURE	REQUIRES	Canon definition boundary: every downstream statement is conditional on the declared architecture
TWO-PLACE-PHYSICS	DEF-ARCHITECTURE	REQUIRES	Canon definition boundary: every downstream statement is conditional on the declared architecture
I-BILOCATED	DEF-ARCHITECTURE	REQUIRES	Canon definition boundary: every downstream statement is conditional on the declared architecture
SILVER-RING-FACTS	DEF-ARCHITECTURE	REQUIRES	Canon definition boundary: every downstream statement is conditional on the declared architecture
SILVER-SIBLING	DEF-ARCHITECTURE	REQUIRES	Canon definition boundary: every downstream statement is conditional on the declared architecture
FORCE-WEYL-HOLONOMY	DEF-ARCHITECTURE	REQUIRES	Canon definition boundary: every downstream statement is conditional on the declared architecture
FORCE-AS-CURVATURE	DEF-ARCHITECTURE	REQUIRES	Canon definition boundary: every downstream statement is conditional on the declared architecture
COULOMB-GREEN-COMPUTATION	DEF-ARCHITECTURE	REQUIRES	Canon definition boundary: every downstream statement is conditional on the declared architecture
COULOMB-PROJECTION	DEF-ARCHITECTURE	REQUIRES	Canon definition boundary: every downstream statement is conditional on the declared architecture
FORCE-POLAR-SIGN	DEF-ARCHITECTURE	REQUIRES	Canon definition boundary: every downstream statement is conditional on the declared architecture
ABELIAN-FACE-DICTIONARY	DEF-ARCHITECTURE	REQUIRES	Canon definition boundary: every downstream statement is conditional on the declared architecture
MEASURE-BORN-VERB	DEF-ARCHITECTURE	REQUIRES	Canon definition boundary: every downstream statement is conditional on the declared architecture
KERNEL-CELL-DICTIONARY	DEF-ARCHITECTURE	REQUIRES	Canon definition boundary: every downstream statement is conditional on the declared architecture
SUBSTRATE-KNIT	DEF-ARCHITECTURE	REQUIRES	Canon definition boundary: every downstream statement is conditional on the declared architecture
METRO-ADMISSIBILITY	DEF-ARCHITECTURE	REQUIRES	Canon definition boundary: every downstream statement is conditional on the declared architecture
METRO-EDGE-SCALE	DEF-ARCHITECTURE	REQUIRES	Canon definition boundary: every downstream statement is conditional on the declared architecture
QUANT-SUBSTRATE	DEF-ARCHITECTURE	REQUIRES	Canon definition boundary: every downstream statement is conditional on the declared architecture
COLOR-MEASURE-SELECTION	DEF-ARCHITECTURE	REQUIRES	Canon definition boundary: every downstream statement is conditional on the declared architecture
TT-SOURCE	DEF-ARCHITECTURE	REQUIRES	Canon definition boundary: every downstream statement is conditional on the declared architecture
QNM-LEAVER-MU	DEF-ARCHITECTURE	REQUIRES	Canon definition boundary: every downstream statement is conditional on the declared architecture
POL-READ	DEF-ARCHITECTURE	REQUIRES	Canon definition boundary: every downstream statement is conditional on the declared architecture
TT-VECTOR-STATE-NORMALIZATION	DEF-ARCHITECTURE	REQUIRES	Canon definition boundary: every downstream statement is conditional on the declared architecture
FRW-INHOM	DEF-ARCHITECTURE	REQUIRES	Canon definition boundary: every downstream statement is conditional on the declared architecture
DRESS-CROSSCOUNT	DEF-ARCHITECTURE	REQUIRES	Canon definition boundary: every downstream statement is conditional on the declared architecture
NS-TILT	DEF-ARCHITECTURE	REQUIRES	Canon definition boundary: every downstream statement is conditional on the declared architecture
DE-CONFORMAL-WEIGHT	DEF-ARCHITECTURE	REQUIRES	Canon definition boundary: every downstream statement is conditional on the declared architecture
ALPHA-S-RUNNING	DEF-ARCHITECTURE	REQUIRES	Canon definition boundary: every downstream statement is conditional on the declared architecture
SCHEME-DICTIONARY	DEF-ARCHITECTURE	REQUIRES	Canon definition boundary: every downstream statement is conditional on the declared architecture
GENERATIONS-L3	DEF-ARCHITECTURE	REQUIRES	Canon definition boundary: every downstream statement is conditional on the declared architecture
SPIN-LIFT-FORCED	DEF-ARCHITECTURE	REQUIRES	Canon definition boundary: every downstream statement is conditional on the declared architecture
TM-SYM2-MEASURE	DEF-ARCHITECTURE	REQUIRES	Canon definition boundary: every downstream statement is conditional on the declared architecture
QUADRATIC-DECODER-DATA	DEF-ARCHITECTURE	REQUIRES	Canon definition boundary: every downstream statement is conditional on the declared architecture
NEUTRON-DELTA-EM	DEF-ARCHITECTURE	REQUIRES	Canon definition boundary: every downstream statement is conditional on the declared architecture
PROTON-RESIDUAL-IS-QCD	DEF-ARCHITECTURE	REQUIRES	Canon definition boundary: every downstream statement is conditional on the declared architecture
SQRT-PHI-TIME-GRAVITY	DEF-ARCHITECTURE	REQUIRES	Canon definition boundary: every downstream statement is conditional on the declared architecture
KERNEL-CONNECT-ALL-K	DEF-ARCHITECTURE	REQUIRES	Canon definition boundary: every downstream statement is conditional on the declared architecture
CURVATURE-HISTORICAL-TRACE	DEF-ARCHITECTURE	REQUIRES	Canon definition boundary: the frozen historical operator is conditional on the declared checkpoint architecture
CURVATURE-TRACE-VALUE	DEF-ARCHITECTURE	REQUIRES	Canon definition boundary: the falsified historical proposal is conditional on the declared checkpoint architecture
CURVATURE-OPERATOR-CANONICAL	DEF-ARCHITECTURE	REQUIRES	Canon definition boundary: canonical spatial-curvature selection is conditional on the declared architecture
PHOTON-WINDOW-COORDINATES	DEF-ARCHITECTURE	REQUIRES	Canon definition boundary: every downstream statement is conditional on the declared architecture
PHOTON-UNIVERSAL-BIT	DEF-ARCHITECTURE	REQUIRES	Canon definition boundary: every downstream statement is conditional on the declared architecture
MONOPOLE-FIFTHS	DEF-ARCHITECTURE	REQUIRES	Canon definition boundary: every downstream statement is conditional on the declared architecture
MONOPOLE-COST	DEF-ARCHITECTURE	REQUIRES	Canon definition boundary: every downstream statement is conditional on the declared architecture
KAPPA-BOUNDS	DEF-ARCHITECTURE	REQUIRES	Canon definition boundary: every downstream statement is conditional on the declared architecture
KAPPA-SHAPES	DEF-ARCHITECTURE	REQUIRES	Canon definition boundary: every downstream statement is conditional on the declared architecture
CENTER-SPLIT-RECIPROCITY	DEF-ARCHITECTURE	REQUIRES	Canon definition boundary: every downstream statement is conditional on the declared architecture
CENTER-SPLIT-CLOSURE	DEF-ARCHITECTURE	REQUIRES	Canon definition boundary: every downstream statement is conditional on the declared architecture
CENTER-SPLIT-SELECTION	DEF-ARCHITECTURE	REQUIRES	Canon definition boundary: every downstream statement is conditional on the declared architecture
ELECTRON-G-RATIO	DEF-ARCHITECTURE	REQUIRES	Canon definition boundary: every downstream statement is conditional on the declared architecture
ELECTRON-G-DOUBLE-COVER	DEF-ARCHITECTURE	REQUIRES	Canon definition boundary: every downstream statement is conditional on the declared architecture
ELECTRON-G-TREE	DEF-ARCHITECTURE	REQUIRES	Canon definition boundary: every downstream statement is conditional on the declared architecture
ELECTRON-SIGN-LAWS	DEF-ARCHITECTURE	REQUIRES	Canon definition boundary: every downstream statement is conditional on the declared architecture
ELECTRON-SIGN	DEF-ARCHITECTURE	REQUIRES	Canon definition boundary: every downstream statement is conditional on the declared architecture
PHOTON-WINDOW-PROOF	DEF-ARCHITECTURE	REQUIRES	Canon definition boundary: every downstream statement is conditional on the declared architecture
PENTIT-ROOT-FACTS	DEF-ARCHITECTURE	REQUIRES	Canon definition boundary: every downstream statement is conditional on the declared architecture
PENTIT-ROOT-READING	DEF-ARCHITECTURE	REQUIRES	Canon definition boundary: every downstream statement is conditional on the declared architecture
MAGIC-PRIME-GATE	DEF-ARCHITECTURE	REQUIRES	Canon definition boundary: every downstream statement is conditional on the declared architecture
QUBIT-FROM-F5	DEF-ARCHITECTURE	REQUIRES	Canon definition boundary: every downstream statement is conditional on the declared architecture
BELL-MAGIC-BOUNDARY	DEF-ARCHITECTURE	REQUIRES	Canon definition boundary: every downstream statement is conditional on the declared architecture
P5-ROOT-SELECTION	DEF-ARCHITECTURE	REQUIRES	Canon definition boundary: every downstream statement is conditional on the declared architecture
ENTROPY-CYLINDER-CUT	DEF-ARCHITECTURE	REQUIRES	the finite-cylindrical ansatz is formulated on the declared checkpoint architecture and Thue-Morse driver
ENTROPY-LIFT-DEFECT	DEF-ARCHITECTURE	REQUIRES	the literal lift falsifier is a statement about the declared finite-generator presentation
ENTROPY-JOINT-CESARO-LAW	DEF-ARCHITECTURE	REQUIRES	the frozen window law is computed for the declared driven kernel
ENTROPY-BLOCK-HALVING	DEF-ARCHITECTURE	REQUIRES	the block maps are compositions of the declared branch maps along the declared driver
ENTROPY-RG-RETURN	DEF-ARCHITECTURE	REQUIRES	the block maps are compositions of the declared branch maps along the declared driver
ENTROPY-LIVING-SET	DEF-ARCHITECTURE	REQUIRES	the living halves and restricted bijections are finite facts of the declared driven kernel
ENTROPY-UNIQUE-PAST	ENTROPY-LIVING-SET	REQUIRES	the caterpillar backward structure uses the bijections between the two living halves
ENTROPY-COUNT-MATCH	ENTROPY-LIVING-SET	REQUIRES	the arithmetic carrier count is compared with the living-trajectory count
ENTROPY-PENTAGON-QUOTIENT	ENTROPY-LIVING-SET	REQUIRES	the pentagon partition is computed on the two declared living halves
ENTROPY-AFFINE-COCYCLE	ENTROPY-PENTAGON-QUOTIENT	REQUIRES	the affine cell maps use the finite pentagon quotient and its coherent level-2 gauge
ENTROPY-COMPONENT-NOGO	DEF-ARCHITECTURE	REQUIRES	the bounded cylinder systems are formulated on the declared driven kernel and frozen components
ENTROPY-MIRROR-LAW	ENTROPY-LIVING-SET	REQUIRES	the own-half involutions and alternating inverse maps refine the declared living-half bijections
ENTROPY-MIRROR-LAW	ENTROPY-PENTAGON-QUOTIENT	REQUIRES	the cell swap and reflection law use the canonical pentagon partition and frozen coherent level-2 gauge
ENTROPY-LAYER-BRIDGE	ENTROPY-CYLINDER-CUT	REQUIRES	every element of A_A must lie outside the finite-cylinder class excluded by the registered exact cut
ENTROPY-LAYER-BRIDGE	ENTROPY-JOINT-CESARO-LAW	REQUIRES	Law_W is the exact pushforward predicate on W=[512,2048) frozen by the public joint Cesaro law
ENTROPY-LAYER-BRIDGE	ENTROPY-BLOCK-HALVING	BOUNDED_BY	the finite one-bit-per-scale computation constrains but does not construct an element of A_A
ENTROPY-LAYER-BRIDGE	ENTROPY-UNIQUE-PAST	BOUNDED_BY	the finite unique-living-past result constrains but does not construct an element of A_A
ENTROPY-LAYER-BRIDGE	ENTROPY-COUNT-MATCH	BOUNDED_BY	the depth-five carrier and living set have equal cardinality, which does not construct or select an element of A_A
ENTROPY-LAYER-BRIDGE	ENTROPY-PENTAGON-QUOTIENT	BOUNDED_BY	the finite pentagon quotient is a compatibility constraint and not a construction of an element of A_A
ENTROPY-LAYER-BRIDGE	ENTROPY-AFFINE-COCYCLE	BOUNDED_BY	the gauge-specific finite cocycle constrains but does not construct an element of A_A
ENTROPY-LAYER-BRIDGE	ENTROPY-COMPONENT-NOGO	BOUNDED_BY	the exact zero counts exclude only the enumerated component-local cylinder cases
ENTROPY-LAYER-BRIDGE	ENTROPY-MIRROR-LAW	BOUNDED_BY	the finite mirror law is a compatibility constraint and not a construction of an element of A_A
CURVATURE-HISTORICAL-GAUSS-SPLIT	DEF-ARCHITECTURE	REQUIRES	Canon definition boundary: the frozen historical full-carrier split is conditional on the declared checkpoint architecture
CURVATURE-HISTORICAL-GAUSS-SPLIT	CURVATURE-HISTORICAL-TRACE	REQUIRES	the ambient member of the split is the previously typed historical operator and retains its exact trace anchor
CURVATURE-OPERATOR-CANONICAL	CURVATURE-HISTORICAL-GAUSS-SPLIT	BOUNDED_BY	the exact historical equality constrains one declared full-carrier candidate but does not select a canonical operator class
WALL-LI2-RUNG	J-PROJECTIONS	REQUIRES	the two archimedean channel locations and exact modulus dichotomy are registered here
WALL-LI2-RUNG	PI-FROM-J	REQUIRES	the principal logarithm fixes the pi normalization and tenth-root branch used in the proof
PENTAGON-NORMALIZATION	J-GOLDEN-BRIDGE	REQUIRES	the identity j = (J - 1)^3 identifies the fifth-root filter with the J-generated pentagon
J-LI-TORAL-HAAR-NOGO	J-STEP	REQUIRES	the named dimension-four specialization uses the public multiplication-by-J matrix M_J; the general no-go depends only on the frozen root-of-unity-free toral carrier class
J-LI-E8-SHELL-MULTIPLICITY-NOGO	COLOR-MCKAY-E8	REQUIRES	the E8 shell obstruction uses the public E8 identification; the probe independently supplies the theta-series shell multiplicities needed by the declared functional-calculus scope
MCKAY-THETA-FUNCTIONAL-CALCULUS-CARRIER	J-LI-E8-SHELL-MULTIPLICITY-NOGO	REQUIRES	the falsified carrier is exactly the positive trace-class functional-calculus route excluded by the shell-multiplicity no-go
J-LI-LAMBDA-HAAR-HS-NOGO	J-RAMIFIED-CHORD	REQUIRES	the compact boundary is the lambda-adic completion named by the public ramified fifth-root chord; the no-go then uses its conductor filtration
LAMBDA-BOUNDARY-HS-KOOPMAN	J-LI-LAMBDA-HAAR-HS-NOGO	REQUIRES	the falsified Hilbert-Schmidt and S2 route is exactly the subroute excluded by the compact-boundary Hilbert-Schmidt theorem
LAMBDA-COCYCLE-ANGLES	J-LI-LAMBDA-HAAR-HS-NOGO	BOUNDED_BY	the theorem excludes Hilbert-Schmidt and S2 forms but explicitly leaves the all-vector cocycle form as the surviving bounded scope
LAMBDA-COCYCLE-ANGLES	J-LI-TORAL-HAAR-NOGO	REQUIRES	the compact-boundary cocycle hypothesis is the remaining Haar-Koopman local route after the toral Haar carrier no-go; it does not reopen that excluded carrier
LAMBDA-COCYCLE-BRANCH-COLLAPSE	LAMBDA-COCYCLE-ANGLES	BOUNDED_BY	the collapse is proved inside the declared cocycle-vector class of that hypothesis and states nothing outside it
LAMBDA-COCYCLE-GRID-EQUIVALENCE	LAMBDA-COCYCLE-BRANCH-COLLAPSE	REQUIRES	the converse construction uses the residual identity and the second-difference agreement proved by the collapse
O-R2-K-JUNCTION-PIN	PLENUM-POINT	REQUIRES	the computed junction identity uses the public plenum quantities s_J and phi and verifies their exact K-side arithmetic match
J-LI-LAMBDA-SHIFT-NOGO	J-RAMIFIED-CHORD	REQUIRES	the scaling carrier is defined by the lambda uniformizer from the public ramified fifth-root chord
J-LI-LAMBDA-SHIFT-NOGO	J-LI-TORAL-HAAR-NOGO	REQUIRES	the forced Li spectral-measure comparison is inherited from the toral Haar no-go, while the scaling probe supplies the absolutely-continuous shift contradiction
LAMBDA-DISCRETE-SCALING-SINGLE-UNITARY-CARRIER	J-LI-LAMBDA-SHIFT-NOGO	REQUIRES	the falsified carrier is exactly the discrete-time single-unitary and declared tensor-composite class excluded by the scaling-shift no-go
KERNEL-CONNECT-ALL-K	KERNEL-WEDGE-AFFINITY	REQUIRES	the all-k proof imports the verbatim affine letter matrices and translations from the public kernel census before closing their Gamma-invariant translation span
KERNEL-CONNECT-ALL-K	KERNEL-WEDGE-COUPLING	REQUIRES	the all-k proof applies the registered pair of two-way CSUM transvections at every adjacent edge of the coupled ring; the new proof, not the prior pair statement alone, supplies the all-k transport step
KERNEL-CONNECT-ALL-K	KERNEL-CELL-COMPONENTS	BOUNDED_BY	the one-cell census gives nine components for {a, c, d, e}, so the theorem's k >= 2 lower boundary is exact and is not extended to k = 1
RAMIFIED-TM-LIFT	DEF-ARCHITECTURE	REQUIRES	Canon definition boundary: the L1 state and readout statement is conditional on the declared public architecture
RAMIFIED-TM-LIFT	DEF-ODOMETER-ORBIT	REQUIRES	the digit sum and carry cocycle use only the declared forward odometer carrier N_0 and do not extend parity to all of Z_2
RAMIFIED-TM-LIFT	PENTIT-ROOT-FACTS	REQUIRES	the ramified image J_lambda = 2 and its exact order-four orbit are inherited theorem inputs
RAMIFIED-TM-LIFT	QUBIT-FROM-F5	REQUIRES	the C4 to C2 sign quotient is the registered two-class quotient of F_5^*
RAMIFIED-TM-LIFT	CODEC-TR4	REQUIRES	the all-k realization and unique multiplier 2 use the exact fixed M_J/Tr_4 channel
CARRY-J-CHECKPOINT	RAMIFIED-TM-LIFT	REQUIRES	the checkpoint no-go targets exactly the registered L1 lift, with no larger phase or physical scope
CARRY-J-CHECKPOINT	DEF-AUTONOMOUS-STATE	REQUIRES	any checkpoint-only factorization must be stated on a separately frozen forward carrier of the declared autonomous update U
KERNEL-Z6-SYNCHRONIZATION	DEF-AUTONOMOUS-STATE	REQUIRES	the target is the checkpoint projection of the declared autonomous U orbit; the existing definition dependencies supply the checkpoint, odometer coordinate, selector, and five kernel generators
CARRY-PENTAD	J-UNIT	REQUIRES	the integral cyclotomic bridge uses the public unit J = 1 + zeta_5^2
CARRY-PENTAD	J-STEP	REQUIRES	the root-lattice operator I+C^2 is identified with the public integral multiplication matrix M_J
CARRY-PENTAD	CODEC-TR4	REQUIRES	the public M_J matrix and its ramified characteristic shadow are used at their registered exact scope
METAL-TRACE-CASCADE	DEGREES-BY-PRIME	REQUIRES	the two metallic laws use the registered exact sqrt5 and sqrt2 place facts
METAL-TRACE-CASCADE	Z2-PLACES-SPLIT	REQUIRES	the discriminants 5 and 8 are placed in the two registered disjoint cyclotomic fields
METAL-TRACE-CASCADE	J-UNIT	REQUIRES	the golden pure form uses the registered exact norm N(J) = 1
METAL-TRACE-CASCADE	J-MODULUS-CHORD	REQUIRES	the golden recurrence uses the registered exact phi arithmetic
POL-READ	TT-SQUARING-DECODER	REQUIRES	the plus/cross components, conjugation parity, and doubled-angle covariance are exact polynomial consequences of the registered complex square; no independent propagation law is introduced
POL-READ	TT-SOURCE	BOUNDED_BY	the component readout does not construct the still-open emission map
POL-READ	TT-VECTOR-STATE-NORMALIZATION	BOUNDED_BY	the component readout does not select a state normalization or produce a numerical r_T(k)
SQRT-PHI-DIGIT-LIFT	PENTIT-ROOT-FACTS	REQUIRES	the registered F_25 block J = 2, phi = 3, tau^3 = sqrt(phi), and tau of order eight supplies the inherited field input; root uniqueness, the restricted norm, and nonsplitting are proved by this claim
SQRT-PHI-DIGIT-LIFT	QUBIT-FROM-F5	REQUIRES	the sign quotient supplies the final C4 to C2 projection
SQRT-PHI-DIGIT-LIFT	RAMIFIED-TM-LIFT	REQUIRES	the binary digit recursion and chronological carry law are lifted through the two square-root branches without adding a physical reading
SQRT-PHI-TIME-GRAVITY	SQRT-PHI-DIGIT-LIFT	REQUIRES	the exact L1 digit lift is a necessary algebraic input, while the typed clock and gravity bridge remains open
TM-SYM2-MEASURE	GOLDEN-SIX-LINE-SYM2-FRAME	REQUIRES	the exact golden frame supplies only the candidate coefficient ratio; Thue-Morse selection, Born halving, and a physical measure remain open
QUADRATIC-DECODER-DATA	DEF-DECODER-MATTER	REQUIRES	the open action and its frozen fields are the write performed by the declared D_matter interface
QUADRATIC-DECODER-DATA	READING-SPLIT	REQUIRES	the row concerns only the registered quadratic/Born decoder leg and explicitly excludes the linear CODEC-TR4 and binary Thue-Morse/census legs
QUADRATIC-DECODER-DATA	COUPLINGS-DETERMINE	REQUIRES	the exact Gram-normalized density and Born identity are inherited inputs, not an instrument-selection theorem
QUADRATIC-DECODER-DATA	MEASURE-BORN-VERB	REQUIRES	the physical data effect uses the registered Born-square measure dictionary
SQRT-PHI-TIME-GRAVITY	DEF-DECODER-CLOCK	REQUIRES	the clock leg targets the declared D_clock and ObservableHistory interface
SQRT-PHI-TIME-GRAVITY	METRO-TICK	REQUIRES	the registered dimensionless tick is an inherited clock input, not the missing bridge
SQRT-PHI-TIME-GRAVITY	GRAVITY-BRIDGE-LAW	REQUIRES	the existing equation-layer gravity dictionary is an input but supplies no Y-to-source map
SQRT-PHI-TIME-GRAVITY	METRO-EDGE-SCALE	BOUNDED_BY	any SI time or gravity scale remains outside scope until the selector and SI clause close
TM-SYM2-MEASURE	DEF-AUTONOMOUS-STATE	REQUIRES	the selector must read the declared omega and U dynamics rather than the checkpoint alone
TM-SYM2-MEASURE	MEASURE-BORN-VERB	REQUIRES	the physical measure clause rests on the Born-square dictionary, which does not itself derive the halving
FIRED-COMMUTATOR-NOGO	DEF-ARCHITECTURE	REQUIRES	the L1 fired-algebra theorem is conditional on the declared checkpoint architecture
FIRED-COMMUTATOR-NOGO	DEF-KERNEL-GENERATORS	REQUIRES	the commutators use the five declared public census involutions
FIRED-COMMUTATOR-NOGO	DEF-SELECTOR	REQUIRES	the declared sheet selector determines that only b, d, and e fire
TIME-CUT-READING	DEF-ARCHITECTURE	REQUIRES	the dictionary composition is conditional on the declared public architecture
TIME-CUT-READING	RAMIFIED-TM-LIFT	REQUIRES	the four-phase J-channel and its sign quotient realize the binary cut
TIME-CUT-READING	GYRON-DENSITY	REQUIRES	the matter-channel pair 00 has the registered exact density 1/6
TIME-CUT-READING	FIRED-COMMUTATOR-NOGO	REQUIRES	the spatial channel uses the exact fired-algebra no-go before reading the silent pair
TIME-CUT-READING	CURVATURE-HISTORICAL-TRACE	REQUIRES	the silent-pair commutator has the registered exact historical trace reading
TIME-CUT-READING	KERNEL-MACRO-READING	REQUIRES	the spatial dictionary inherits the registered macro-space commutator reading
TIME-CUT-READING	CURVATURE-OPERATOR-CANONICAL	BOUNDED_BY	the canonical curvature operator remains explicitly open and is not selected by this composition
TIME-CUT-READING	METRO-TICK	REQUIRES	the terminal dimensionless proper-time reading is the registered exact tick
TM-SYM2-MEASURE	DEF-ACTION-LAYERS	REQUIRES	the lane's layer endpoints and both lane gates use the registered six-layer protocol
TM-SYM2-MEASURE	RAMIFIED-TM-LIFT	REQUIRES	the window carrier reads the registered drive cut and its sign-quotient realization theta_n = s_2(n) mod 2
TM-SYM2-MEASURE	SUBSTRATE-KNIT	REQUIRES	the coefficient-side Born carrier rests on the registered position/Fourier overlap and Plancherel mass statement
TM-SYM2-MEASURE	ABELIAN-FACE-DICTIONARY	REQUIRES	literal Fourier inversion of the phaseful verb Psi(k) = 1 + zeta_5^k is conditional on the dictionary's explicitly supplied magnetic axiom pair, for which no uniqueness or selection theorem is claimed
QUANT-SCHWINGER-TARGET	J-MODULUS-CHORD	REQUIRES	the target scalar uses the registered exact modulus identity J Jbar = phi^-2
QUANT-SCHWINGER-TARGET	BRIDGE-DEFECT	REQUIRES	the target scalar uses the registered exact bridge script-Q phi^2 = 2 pi
QUANT-SUBSTRATE	QUANT-SCHWINGER-TARGET	REQUIRES	the open physical gate consumes the exact arithmetic target without thereby realizing it
C20-TEICHMULLER-SPLIT	J-STEP	REQUIRES	the reduced matrix leg reconstructs M_R from the four public J-STEP columns and identifies it with multiplication by J
TM-SYM2-PROJECTIVE-FOURFOLD	DEF-ARCHITECTURE	REQUIRES	the complete selector classification is conditional on the declared public architecture
TM-SYM2-PROJECTIVE-FOURFOLD	DEF-ACTION-LAYERS	REQUIRES	the theorem closes the frozen L1-to-L5 candidate and adds no L6 reading
TM-SYM2-PROJECTIVE-FOURFOLD	RAMIFIED-TM-LIFT	REQUIRES	the frozen W3 carrier reads the registered Thue-Morse drive cut
TM-SYM2-PROJECTIVE-FOURFOLD	GOLDEN-SIX-LINE-SYM2-FRAME	REQUIRES	the selector codomain, common pushforward operator, and 5:2 ratio use the exact registered golden frame
TM-SYM2-SEMILINEAR-TWOFOLD	DEF-ARCHITECTURE	REQUIRES	the semilinear comparison is conditional on the declared public architecture
TM-SYM2-SEMILINEAR-TWOFOLD	TM-SYM2-PROJECTIVE-FOURFOLD	REQUIRES	the semilinear image and its two orbits refine the complete frozen projective fourfold
TM-SYM2-REVERSAL-CLOSURE	DEF-ARCHITECTURE	REQUIRES	drive-word reversal is interpreted only on the declared public architecture
TM-SYM2-REVERSAL-CLOSURE	TM-SYM2-SEMILINEAR-TWOFOLD	REQUIRES	the reversal classification acts on the exact two-block semilinear comparison surface
DEF-TM-SYM2-ORIENTATION-SOURCE	TM-SYM2-PROJECTIVE-FOURFOLD	REQUIRES	the source uses the complete frozen W3 carrier and the four projective-gauge selector classes
DEF-TM-SYM2-ORIENTATION-SOURCE	TM-SYM2-SEMILINEAR-TWOFOLD	REQUIRES	epsilon_read = chi_Q chi_F is the retained four-class reading-orientation character
DEF-TM-SYM2-ORIENTATION-SOURCE	TM-SYM2-REVERSAL-CLOSURE	REQUIRES	the N and R comparison actions fix the frozen anti-invariant source law without becoming gauge
DEF-TM-SYM2-MONOMIAL-VERB-LIFT	J-UNIT	REQUIRES	the lift is built from the exact J = 1 + zeta_5^2 generator and its Galois conjugates on the nonzero slots
DEF-TM-SYM2-MONOMIAL-VERB-LIFT	J-GOLDEN-BRIDGE	REQUIRES	the exact zeta_5 and J arithmetic fixes the Fourier/Galois reindexing; the zero slot is separately 2
TM-SYM2-PHYSICAL-MEASURE	DEF-ARCHITECTURE	REQUIRES	the physical dictionary remains conditional on the declared public architecture
TM-SYM2-PHYSICAL-MEASURE	DEF-ACTION-LAYERS	REQUIRES	the closed bridge has the registered L5-to-L6 endpoints
TM-SYM2-PHYSICAL-MEASURE	GOLDEN-SIX-LINE-SYM2-FRAME	REQUIRES	the physical codomain is the registered six-line frame; its equal-cardinality 1/6 and M_TM are not construction inputs
TM-SYM2-PHYSICAL-MEASURE	TM-SYM2-PROJECTIVE-FOURFOLD	REQUIRES	the bridge consumes the complete 48-selector record and only the registered L5 stationary W3 law; the fired N2 selector conclusion is not repaired
TM-SYM2-PHYSICAL-MEASURE	DEF-TM-SYM2-ORIENTATION-SOURCE	REQUIRES	the separately owner-approved L5 source retains the four selector classes and epsilon_read together with the current W3 word and omega
TM-SYM2-PHYSICAL-MEASURE	DEF-TM-SYM2-MONOMIAL-VERB-LIFT	REQUIRES	the separately frozen monomial J-verb lift supplies the exact two-sheet coefficient carrier before Born square
TM-SYM2-PHYSICAL-MEASURE	MEASURE-BORN-VERB	REQUIRES	the physical L6 reading is constrained to be the registered Born square of the typed verb and does not import a numerical probability
TM-SYM2-PHYSICAL-MEASURE	ABELIAN-FACE-DICTIONARY	REQUIRES	the chosen monomial lift must reproduce the registered face moduli; the modulus row does not select its phase, as the same-modulus negative control shows
TM-SYM2-PHYSICAL-MEASURE	TM-SYM2-MEASURE	BOUNDED_BY	the fired N2 canonical-selector route remains terminal and the physical bridge emits no canonical selector stream
TM-SYM2-PHYSICAL-MEASURE	TM-SYM2-SEMILINEAR-TWOFOLD	BOUNDED_BY	Gamma_sl remains comparison-only and is not an adopted physical gauge
TM-SYM2-PHYSICAL-MEASURE	TM-SYM2-REVERSAL-CLOSURE	BOUNDED_BY	R, N, and NR remain drive comparison actions and do not enlarge the postcomposition gauge
WALL-CIRCLE-LEMMA	J-PROJECTIONS	REQUIRES	the N = 5 corollary uses the registered archimedean J-channel locations
WALL-CIRCLE-LEMMA	PI-FROM-J	REQUIRES	the principal logarithm fixes the pi normalization and branch used in the proof
METRO-ADMISSIBILITY	METRO-REDUCTION-CALCULUS	REQUIRES	the exhaustive residual class R1 is defined as U_RF minus the dimensional child and therefore requires the parent's exact U_RF protocol type
METRO-REDUCTION-CALCULUS	DEF-ARCHITECTURE	REQUIRES	the typed protocol and reduction calculus is conditional on the declared architecture
METRO-REDUCTION-CALCULUS	METRO-FINITE-STATE-RATIONALITY	REQUIRES	the one-dimensional theorem is a boundary and base dependency only, not a proof of the calculus
METRO-ADMISSIBILITY-DIM	DEF-ARCHITECTURE	REQUIRES	the child protocol type is conditional on the declared architecture
METRO-ADMISSIBILITY-DIM	DEF-ACTION-LAYERS	REQUIRES	the raw L5 stream and tagged L6 endpoint use the declared layer separation
METRO-ADMISSIBILITY-DIM	METRO-REDUCTION-CALCULUS	REQUIRES	the child decision must be invariant under the complete typed reduction equivalence
METRO-ADMISSIBILITY-DIM	METRO-FINITE-STATE-RATIONALITY	REQUIRES	conditional one-dimensional rationality is a base boundary only and supplies no higher-rank completeness
ENTROPY-CYLINDER-NOGO-CURSOR	DEF-ARCHITECTURE	REQUIRES	the finite-cylindrical constraint graph uses the declared F_5^6 kernel, public branch maps, Thue-Morse driver, and multiplication-by-J zero-residue transport
ENTROPY-LAYER-BRIDGE	ENTROPY-CYLINDER-NOGO-CURSOR	BOUNDED_BY	the exact no-go excludes every cursor for L = 4..32 at every finite lambda-depth but does not decide existence of a non-cylindrical element of A_A
GYRON-DISCREPANCY-LOG	DEF-ARCHITECTURE	REQUIRES	the Thue-Morse prefix census and all-L/all-k L1 laws are stated on the declared binary driver of the public architecture
TM-PAIR-SUBSTITUTION-FIXED-POINT	DEF-ARCHITECTURE	REQUIRES	the forward pair-substitution carrier and stationary law are the L1 Thue-Morse driver of the declared public architecture
GYRON-DENSITY	GYRON-DISCREPANCY-LOG	REQUIRES	the exact logarithmic discrepancy bound proves both prefix-density limits at 1/6 and corrects the false unqualified four-step invariant
GYRON-DENSITY	TM-PAIR-SUBSTITUTION-FIXED-POINT	REQUIRES	the stationary pair-law clause uses the unique normalized fixed point and equal-phase convergence theorem
C8-BILINEAR-SHADOW	PENTIT-ROOT-FACTS	REQUIRES	the exact F_25 pair model, tau and eta identities, and order-eight field input are inherited at their registered algebraic scope
C8-BILINEAR-SHADOW	RAMIFIED-TM-LIFT	REQUIRES	the Theta_n digit recursion, sign quotient, and chronological all-n carry law supply the registered norm channel
C8-BILINEAR-SHADOW	SQRT-PHI-DIGIT-LIFT	REQUIRES	the two exact Y branches, their projections, and their all-n successor law are the objects whose Frobenius swap and invariant record are proved
METRO-REDUCTION-ARROWS	DEF-ARCHITECTURE	REQUIRES	the typed finite rational protocol carrier is conditional on the declared public architecture
METRO-REDUCTION-CALCULUS	METRO-REDUCTION-ARROWS	REQUIRES	obligations A and C are discharged only at the registered computation scope; the parent retains B, D, and E and remains O/STOP
DRIFT-IS-THE-READ	BOOST-READING-SPLIT	REQUIRES	the fixed beta_1 coin and its exact rapidity value use the registered parity-resolved Fibonacci/Lucas boost theorem
DRIFT-IS-THE-READ	BOOST-COUNT-LADDER	BOUNDED_BY	the word read names only the registered count-to-velocity dictionary and does not make that lower-status dictionary a proof premise
COIN-SELECTION-CONDITIONAL	BOOST-READING-SPLIT	REQUIRES	the complete odd-rung rigidity proof and beta_1/beta_3 values use the exact parity-resolved boost identities
COIN-SELECTION-CONDITIONAL	BOOST-COUNT-LADDER	BOUNDED_BY	the rapidity-cover cost is interpreted only inside the registered count-to-velocity dictionary and the theorem itself adopts no selector
COIN-SELECTION-CONDITIONAL	DRIFT-IS-THE-READ	REQUIRES	the S2 comparison uses the exact all-N uniform-read kernel and beta_1 worst-case constant
COIN-MINIMAL-READ	COIN-SELECTION-CONDITIONAL	REQUIRES	the adopted dictionary choice rests on the complete exact pair and conditional S1/S2/S3 ranking theorem
MINIMAL-READ-DERIVATION	DEF-ARCHITECTURE	REQUIRES	any derivation must start from the complete registered public decoder architecture rather than from the adopted premise
MINIMAL-READ-DERIVATION	DEF-ACTION-LAYERS	REQUIRES	the proposed selection route must type its L5 read and L1 coin endpoints without smuggling a cross-layer lift
MINIMAL-READ-DERIVATION	COIN-SELECTION-CONDITIONAL	REQUIRES	the derivation target uses the exact complete coin pair, cost coordinates, and conditional rankings
READ-REDUNDANCY-PRIME-SUPPORT	DEF-ARCHITECTURE	REQUIRES	the accumulator, funnel and cover objects are read inside the declared architecture and are conditional on it
READ-REDUNDANCY-PRIME-SUPPORT	COIN-SELECTION-CONDITIONAL	REQUIRES	the admissible pair and its generic and rung multiplicities 2, 6, 1 and 5 are the registered input the corollary is stated against
READ-REDUNDANCY-PRIME-SUPPORT	DRIFT-IS-THE-READ	REQUIRES	the diagonal read condition is the registered drift normalization and its coherent range, used to motivate the identity output
READ-REDUNDANCY-PRIME-SUPPORT	Z2-PLACES-SPLIT	REQUIRES	the constant rings Z_S at S = {2} and S = {2,5} are the registered places
READ-REDUNDANCY-PRIME-SUPPORT	TWO-PLACE-PHYSICS	BOUNDED_BY	the read and write places name only the registered dictionary; the prime-support classification is arithmetic and the dictionary bounds its reading without being a premise of the proof
PHOTON-KAPPA-LEMMA	DEF-ARCHITECTURE	REQUIRES	the frozen finite-support ternary L4 carrier and its reading remain conditional on the declared public architecture
PHOTON-KAPPA-LEMMA	MONOPOLE-FIFTHS	REQUIRES	the exact charge-five filling equation partial n = 5j uses the registered lattice boundary convention and fifths quantization
PHOTON-WINDOW-PROOF	PHOTON-KAPPA-LEMMA	REQUIRES	the frozen compound photon-window route requires the universal occupancy conjunct that the public Kappa certificate falsifies
TM-SYM2-SPECTRAL-COHERENCE	DEF-ARCHITECTURE	REQUIRES	the frozen window carrier, transfer, and L5 reading are conditional on the declared public architecture
TM-SYM2-SPECTRAL-COHERENCE	TM-SYM2-PROJECTIVE-FOURFOLD	REQUIRES	the complete 48-member selector class and its free order-12 gauge with four orbits are the enumerated domain
TM-SYM2-SPECTRAL-COHERENCE	TM-SYM2-SEMILINEAR-TWOFOLD	REQUIRES	the characters chi_Q and chi_F define the residual reading orientation tested by the frozen battery
TM-SYM2-PHYSICAL-MEASURE	TM-SYM2-SPECTRAL-COHERENCE	BOUNDED_BY	the exact L5 similarity classification remains a compatibility boundary; its battery does not select the source, lift, or physical values
CM-ALTERNATING-PENCIL	J-GOLDEN-BRIDGE	REQUIRES	the identities for j, phi, J and their norms and traces are the registered exact arithmetic inputs
CM-ALTERNATING-PENCIL	J-STEP	REQUIRES	multiplication by J is the registered integral determinant-one map whose pullback action is classified on the pencil
CM-ALTERNATING-PENCIL	DEF-ACTION-LAYERS	REQUIRES	the theorem is confined to L1 exact algebra and creates no state, stream, decoder, measure, interpretation, or lift to L2-L6
J-HARMONIC-SEAM	J-GOLDEN-BRIDGE	REQUIRES	the exact identities J phi = zeta_5 and phi^-1 = phi-1 supply the algebraic conversion between the contracting Fibonacci ladder, J, and the free-unit landing
J-HARMONIC-SEAM	J-TENTH-ROOT	REQUIRES	the primitive tenth-root identity 1-J = -zeta_5^2 fixes the torsion landing and its principal phase representative
SPLIT-PRIME-RAPIDITY-INDEPENDENCE	SPLIT-PRIME-RAPIDITY-CLASS	REQUIRES	the log-free class equivalence turns a vanishing combination into rho(x)=+-phi^(2n)
REDUCED-SPLIT-GENERATOR-HEIGHT	SPLIT-PRIME-RAPIDITY-INDEPENDENCE	REQUIRES	the half-period endpoint is excluded because it is a two-torsion class
REDUCED-SPLIT-GENERATOR-HEIGHT	SPLIT-PRIME-RAPIDITY-CLASS	REQUIRES	the reduction acts on generators of one ideal, which the class row shows differ by +-phi^n
SPLIT-PRIME-RAPIDITY-QUANTITATIVE-SEPARATION	ARITHMETIC-RAPIDITY-DECOMPOSITION	REQUIRES	the signed norm, additive rapidity, exact interval identity, and discrete unit rapidity lattice supply the nearest-unit translate and determinant identity
SPLIT-PRIME-RAPIDITY-QUANTITATIVE-SEPARATION	SPLIT-PRIME-RAPIDITY-CLASS	REQUIRES	the oriented generator class, its even-unit ambiguity at fixed positive norm, and the exact logarithm-free class equivalence fix the allowed gauge changes
SPLIT-PRIME-RAPIDITY-QUANTITATIVE-SEPARATION	SPLIT-PRIME-RAPIDITY-INDEPENDENCE	REQUIRES	fractional-ideal independence excludes determinant zero, nearest-channel ties, and equality of the sum and difference gaps for distinct unordered classes
SPLIT-PRIME-RAPIDITY-QUANTITATIVE-SEPARATION	REDUCED-SPLIT-GENERATOR-HEIGHT	REQUIRES	the unique open-half-period reduced lift supplies the canonical finite controls without promoting their decimal values into the exact proof
SPLIT-RAPIDITY-FEJER-GRAM-BOUND	SPLIT-PRIME-RAPIDITY-QUANTITATIVE-SEPARATION	REQUIRES	merging each address difference gives a nonzero vector of product budget at most X^2 and hence the exact finite spacing bound
DEF-QDD-DOMAIN-K0	DEF-ARCHITECTURE	REQUIRES	the head carrier is the set of pointed forward U-orbits of the declared architecture
DEF-QDD-DOMAIN-K0	DEF-DECODER-MATTER	REQUIRES	K_QDD is the common total domain of the quadratic D_matter leg
DEF-QDD-BALANCED-PISTON	DEF-QDD-DOMAIN-K0	REQUIRES	beta_QDD reads the n = 0 head of kappa in K_QDD
DEF-QDD-AMPLITUDE-B0	DEF-QDD-BALANCED-PISTON	REQUIRES	iota_B0 is composed with beta_QDD
DEF-QDD-AMPLITUDE-B0	DEF-QDD-COEFFICIENT-Q	REQUIRES	the amplitude lives in the declared field K with bar = sigma_4
DEF-QDD-TRACE-PAIRING	DEF-QDD-COEFFICIENT-Q	REQUIRES	the pairing uses sigma_4 and Tr_(K/Q)
DEF-QDD-GRAM	DEF-QDD-TRACE-PAIRING	REQUIRES	G is the matrix of the trace pairing in B0
DEF-QDD-DAGGER	DEF-QDD-COEFFICIENT-Q	REQUIRES	dagger is the trivial involution over Q
DEF-QDD-TRANSPOSE	DEF-QDD-COEFFICIENT-Q	REQUIRES	transpose over Q
DEF-QDD-QPAIR	DEF-QDD-DAGGER	REQUIRES	first slot A_dagger = v v^dagger
DEF-QDD-QPAIR	DEF-QDD-TRANSPOSE	REQUIRES	second slot A_T = v v^T
DEF-QDD-QPAIR	DEF-QDD-BALANCED-PISTON	REQUIRES	Q_QDD is restricted to V_eff
DEF-QDD-QCARRIER-EQUALITY	DEF-QDD-QPAIR	REQUIRES	ordered componentwise rational equality on im(Q_QDD | V_eff)
DEF-QDD-LOW-LINE	DEF-QDD-TRACE-PAIRING	REQUIRES	lambda_B and its pairing values are stated in the trace pairing
DEF-QDD-PROJECTOR-LOW	DEF-QDD-GRAM	REQUIRES	E_low is G-self-adjoint
DEF-QDD-PROJECTOR-HIGH	DEF-QDD-PROJECTOR-LOW	REQUIRES	E_high = I_4 - E_low
DEF-QDD-BRANCH-WEIGHT-PAIRING	DEF-QDD-PROJECTOR-LOW	REQUIRES	w_low uses E_low
DEF-QDD-BRANCH-WEIGHT-PAIRING	DEF-QDD-PROJECTOR-HIGH	REQUIRES	w_high uses E_high
DEF-QDD-BRANCH-WEIGHT-PAIRING	DEF-QDD-GRAM	REQUIRES	m and the weights are traces against G on the transpose slot
DEF-QDD-MATTER-RECORD	DEF-QDD-COEFFICIENT-Q	REQUIRES	the field types are stated over the declared coefficient data; a typing source only, no computation rule
DEF-QDD-DIRECT-WRITE	DEF-QDD-AMPLITUDE-B0	REQUIRES	the direct write reads iota_B0 o beta_QDD
DEF-QDD-DIRECT-WRITE	DEF-QDD-TRACE-PAIRING	REQUIRES	m_tr, the projections and MATRIX_B0 are trace pairings
DEF-QDD-DIRECT-WRITE	DEF-QDD-LOW-LINE	REQUIRES	the direct write projects onto Q lambda_B
DEF-QDD-DIRECT-WRITE	DEF-QDD-MATTER-RECORD	REQUIRES	the direct write emits the record; the record is a pure type schema
DEF-QDD-FACTOR-MAP	DEF-QDD-QCARRIER-EQUALITY	REQUIRES	F_QDD is defined on QCarrier_QDD with its equality
DEF-QDD-FACTOR-MAP	DEF-QDD-BRANCH-WEIGHT-PAIRING	REQUIRES	F_QDD uses the Gram/projector formulas
DEF-QDD-FACTOR-MAP	DEF-QDD-MATTER-RECORD	REQUIRES	F_QDD emits the record
QDD-ALGEBRAIC-FACTORIZATION	DEF-QDD-DIRECT-WRITE	REQUIRES	left side of the identity
QDD-ALGEBRAIC-FACTORIZATION	DEF-QDD-FACTOR-MAP	REQUIRES	right side of the identity
QDD-ALGEBRAIC-FACTORIZATION	DEF-QDD-QPAIR	REQUIRES	the fibres are the Q_QDD fibres
QDD-PROJECTOR-PAIR-TR4	DEF-QDD-GRAM	REQUIRES	self-adjointness and orthogonality are taken with respect to G
QDD-PROJECTOR-PAIR-TR4	DEF-QDD-PROJECTOR-LOW	REQUIRES	the projector whose uniqueness is stated
QDD-PROJECTOR-PAIR-TR4	DEF-QDD-PROJECTOR-HIGH	REQUIRES	the complementary projector
QDD-PROJECTOR-PAIR-TR4	DEF-QDD-LOW-LINE	REQUIRES	the cyclotomic image of the projector line
QDD-PROJECTOR-PAIR-TR4	CODEC-TR4	REQUIRES	Tr_4 is the registered piston character whose kernel is the stated kernel; a mathematical identity, not a physical inheritance
QDD-QCARRIER-DIAGONAL-BOUNDARY	DEF-QDD-QPAIR	REQUIRES	the two typed slots whose coincidence on V_eff is stated
QDD-QCARRIER-DIAGONAL-BOUNDARY	DEF-QDD-DAGGER	REQUIRES	the dagger is the transpose over Q on the frozen carrier
QDD-QCARRIER-DIAGONAL-BOUNDARY	DEF-QDD-TRANSPOSE	REQUIRES	the second slot
QDD-INSTRUMENT-APPARATUS	DEF-QDD-PROJECTOR-LOW	REQUIRES	the instrument family must realize the frozen E_low exactly
QDD-INSTRUMENT-APPARATUS	DEF-QDD-PROJECTOR-HIGH	REQUIRES	the instrument family must realize the frozen E_high exactly
QDD-INSTRUMENT-APPARATUS	DEF-QDD-GRAM	REQUIRES	E_a = K_a^sharp K_a is taken in the frozen Gram form
TM-SHEET-SYNCHRONIZING-GRAPH	KERNEL-Z6-SYNCHRONIZATION	BOUNDED_BY	the sheet pair and its table are re-derived from the same declared generators and selector; the moving-layer theorem is lineage and its exclusion of census meaning for the value pair is inherited unchanged
TM-SHEET-SYNCHRONIZING-GRAPH	RAMIFIED-TM-LIFT	BOUNDED_BY	clause (viii) quotes the registered phase dictionary Theta_n^2 = (-1)^theta_n as a reading of the standalone congruence 4 + 2 theta = -(-1)^theta mod 5; nothing is inherited as a premise
TM-SHEET-SYNCHRONIZING-GRAPH	FIELD-ZERO-NONZERO-MULTIPLICATIVE-CUT	BOUNDED_BY	clause (v) states a partition coincidence with the zero orientation of the cut classification; no derivation is claimed in either direction, per the owner ruling of 2026-08-18
PISTON-2X2-RESHAPE-WEDGE	KERNEL-WEDGE-AFFINITY	REQUIRES	the factor-local reshape compares its determinant character with the registered rational cell-pair wedge without identifying the two wedges
PISTON-2X2-RESHAPE-WEDGE	DEF-QDD-BALANCED-PISTON	REQUIRES	the reshape is defined on the frozen balanced piston coordinates
PISTON-2X2-RESHAPE-WEDGE	DEF-QDD-QPAIR	REQUIRES	the theorem reads the determinant from the registered quadratic pair
PISTON-2X2-RESHAPE-WEDGE	DEF-QDD-TRANSPOSE	REQUIRES	D_Z is the displayed linear functional on the transpose slot
PISTON-2X2-RESHAPE-WEDGE	QPAIR-SYM2-TENSOR-DEFECT	REQUIRES	the K=Q specialization fixes the unhalved kappa coefficient D_Z/2 as a consistency clause only
QDD-TR4-OCCURRENCE-WEIGHT-WEDGE-BLIND	QDD-PROJECTOR-PAIR-TR4	REQUIRES	the occurrence weights are the exact frozen Tr_4 projector weights
QDD-TR4-OCCURRENCE-WEIGHT-WEDGE-BLIND	QDD-ALGEBRAIC-FACTORIZATION	REQUIRES	the full-record recovery boundary uses the registered total quadratic factorization
QDD-TR4-OCCURRENCE-WEIGHT-WEDGE-BLIND	PISTON-2X2-RESHAPE-WEDGE	REQUIRES	the separating target is the registered piston determinant D_Z
PISTON-WEDGE-LIFT-CENSUS	PISTON-2X2-RESHAPE-WEDGE	REQUIRES	the finite lift census uses the frozen reshape, determinant, and normalization
PURE-QUBIT-RELATIONAL-AREA	QPAIR-SYM2-TENSOR-DEFECT	REQUIRES	the external pure-two-qubit comparison uses the registered unhalved determinant-line projection and supplies its Hilbert structure separately
PURE-QUBIT-LOCAL-RELATION-PYTHAGORAS	PURE-QUBIT-RELATIONAL-AREA	REQUIRES	the Pythagoras identity substitutes C^2=4||r||^2 from the pure-state determinant theorem
PURE-QUBIT-RELATIONAL-CHSH	PURE-QUBIT-RELATIONAL-AREA	REQUIRES	the pure-state CHSH optimization is expressed through the registered norm and standard concurrence
PURE-QUBIT-RELATIONAL-READING	PURE-QUBIT-RELATIONAL-AREA	REQUIRES	the dictionary reads only the proved pure-state determinant-line norm after the external structure is supplied
BELL-MAGIC-BOUNDARY	BELL-CAUSAL-ACCOUNTING	BOUNDED_BY	the finite cyclotomic CHSH functional supplies no source, settings, apparatus, events, probability kernel, premise test, no-signalling test, or causal account
PURE-QUBIT-RELATIONAL-CHSH	BELL-CAUSAL-ACCOUNTING	BOUNDED_BY	the optimized standard-QM pure-state value supplies no realized Bell experiment, sampling measure, or causal account
DQRC-INTEGER-CENSUS-ARITHMETIC	DEF-DQRC-INTEGER-CENSUS	REQUIRES	the theorem proves the exact identities of the registered integral comparator census
DQRC-INTEGER-CENSUS-ARITHMETIC	DEF-ACTION-LAYERS	REQUIRES	the result is confined to L1 exact arithmetic and formal combinatorics and creates no L4 apparatus, L5 event, L6 measure, or cross-layer lift
DQRC-INTEGER-CENSUS-ARITHMETIC	BELL-CAUSAL-ACCOUNTING	BOUNDED_BY	the balanced formal margins and inserted parity supply no source, realized settings or outcomes, Bell-premise test, no-signalling intervention test, or causal account
DQRC-HORODECKI-REENCODING	DQRC-INTEGER-CENSUS-ARITHMETIC	REQUIRES	the reencoding uses the proved DQRC asymptotic signed-count functional
DQRC-HORODECKI-REENCODING	PURE-QUBIT-RELATIONAL-CHSH	REQUIRES	the equality target is the already registered externally supplied standard-QM pure-state optimum
DQRC-HORODECKI-REENCODING	BELL-CAUSAL-ACCOUNTING	BOUNDED_BY	the exact model-value identity supplies no TWIST-J source, apparatus, realized event stream, sampling law, locality premise, no-signalling test, or causal mechanism
DQRC-H-COEFFICIENT-NONSELECTION	DQRC-INTEGER-CENSUS-ARITHMETIC	REQUIRES	the nonselection theorem holds fixed the beta-independent integer census identities
DQRC-H-COEFFICIENT-NONSELECTION	DQRC-HORODECKI-REENCODING	REQUIRES	the coefficient beta=4 is identified only by equality with the already known pure-state target
DQRC-H-COEFFICIENT-NONSELECTION	BELL-CAUSAL-ACCOUNTING	BOUNDED_BY	nonselection of an invariant coefficient supplies neither a Bell model nor a physical mechanism
DQRC-ORIGIN-NONSELECTION	DQRC-INTEGER-CENSUS-ARITHMETIC	REQUIRES	the shifted-origin family preserves the registered exact census identities and asymptotic limit
DQRC-ORIGIN-NONSELECTION	BELL-CAUSAL-ACCOUNTING	BOUNDED_BY	the origin witness blocks a finite Bell-data prediction until an intrinsic time address, apparatus, realized-trial map, and sampling law are supplied
DQRC-MAXIMAL-SECTOR-FIELD-BOUNDARY	DQRC-INTEGER-CENSUS-ARITHMETIC	REQUIRES	the maximal-locus slope and S_inf formulas are specializations of the exact DQRC arithmetic
DQRC-MAXIMAL-SECTOR-FIELD-BOUNDARY	DEGREES-BY-PRIME	REQUIRES	the DQRC field application uses the registered separation of the zeta_5 and zeta_8 place fields
DQRC-MAXIMAL-SECTOR-FIELD-BOUNDARY	BELL-CAUSAL-ACCOUNTING	BOUNDED_BY	the field boundary neither selects a physical place assignment nor supplies a Bell source, apparatus, event law, or causal account
COSMOLOGY-REGISTER	DE-W-CONSTANT	BOUNDED_BY	the committed dark-energy form is additionally armed as a live empirical row
DE-W-CONSTANT	DEF-ARCHITECTURE	REQUIRES	Canon definition boundary: every downstream statement is conditional on the declared architecture
DE-CONFORMAL-WEIGHT	DE-W-CONSTANT	BOUNDED_BY	the armed reading supplies no source, no typed dictionary, and no selection premise, and the CIRCULAR clause rejects any closure that assumes w = -14/15
PENTAGON-ONLY-DILATIONS	J-LI-PENTAGON-DILATION-DEFICIENCY	REQUIRES	the falsification of the pentagon-tower dilation route is exactly the constant positive deficiency theorem; the route returns only if that computation is exactly refuted
KERNEL-SUBSET-LANDSCAPE	KERNEL-CONNECT-ALL-K	REQUIRES	the subset-generic lemma chain is inherited from the public all-k proof, which uses only that the letters are affine involutions and the two-way CSUM ring transvections are present
KERNEL-SUBSET-LANDSCAPE	KERNEL-WEDGE-AFFINITY	REQUIRES	the verbatim affine letter matrices and translations audited on all 15625 states are the registered kernel census data
J-TORAL-ENTROPY	J-STEP	REQUIRES	the toral automorphism is induced by the public multiplication-by-J step matrix acting on R^4/Z^4
