claim_id	evidence_id	evidence_kind	location	sha256	hash_mode	architecture_requirement
J-RAPIDITY-GALOIS-EQUIVARIANT-PRIME-SHELL	EV-J-RAPIDITY-GALOIS-EQUIVARIANT-PRIME-SHELL	PUBLIC_PROBE	probes/P-J-RAPIDITY-GALOIS-EQUIVARIANT-PRIME-SHELL-1	99570433ba6df1b0af9d122b8d346626c00c1d9987a93f9c766624af05fbdb7c	bundle-manifest-sha256-v1	two-architecture
J-IDEAL-COUNT-QUADRATIC-CHARACTER	EV-J-IDEAL-COUNT-QUADRATIC-CHARACTER	PUBLIC_PROBE	probes/P-J-IDEAL-RATIONAL-MOBIUS-DESCENT-1	91bc03ae58804f952e83b59567eb2f257f06f533ec473a2b99c77c7d032e46ee	bundle-manifest-sha256-v1	two-architecture
J-IDEAL-RATIONAL-MOBIUS-DESCENT	EV-J-IDEAL-RATIONAL-MOBIUS-DESCENT	PUBLIC_PROBE	probes/P-J-IDEAL-RATIONAL-MOBIUS-DESCENT-1	91bc03ae58804f952e83b59567eb2f257f06f533ec473a2b99c77c7d032e46ee	bundle-manifest-sha256-v1	two-architecture
J-MERTENS-IDEAL-TWOSUM	EV-J-MERTENS-IDEAL-TWOSUM	PUBLIC_PROBE	probes/P-J-IDEAL-RATIONAL-MOBIUS-DESCENT-1	91bc03ae58804f952e83b59567eb2f257f06f533ec473a2b99c77c7d032e46ee	bundle-manifest-sha256-v1	two-architecture
J-IDEAL-RAPIDITY-CHARACTER-LIFT	EV-J-IDEAL-RAPIDITY-CHARACTER-LIFT	PUBLIC_PROBE	probes/P-J-IDEAL-RAPIDITY-CHARACTER-LIFT-1	2463bbddbd5bc7158599d1493029331b2e7eb6a7bdfe6d87b15f52e154f11163	bundle-manifest-sha256-v1	two-architecture
J-RAPIDITY-TERNARY-SHELL-CENSUS	EV-J-RAPIDITY-TERNARY-SHELL-CENSUS	PUBLIC_PROBE	probes/P-J-IDEAL-RAPIDITY-CHARACTER-LIFT-1	2463bbddbd5bc7158599d1493029331b2e7eb6a7bdfe6d87b15f52e154f11163	bundle-manifest-sha256-v1	two-architecture
J-ZERO-RAPIDITY-ORIENTATION-FACTORIZATION	EV-J-ZERO-RAPIDITY-ORIENTATION-FACTORIZATION	PUBLIC_PROBE	probes/P-J-IDEAL-RAPIDITY-CHARACTER-LIFT-1	2463bbddbd5bc7158599d1493029331b2e7eb6a7bdfe6d87b15f52e154f11163	bundle-manifest-sha256-v1	two-architecture
J-RAPIDITY-TERM-WISE-TRIANGLE-NOGO	EV-J-RAPIDITY-TERM-WISE-TRIANGLE-NOGO	PUBLIC_PROBE	probes/P-J-IDEAL-RAPIDITY-CHARACTER-LIFT-1	2463bbddbd5bc7158599d1493029331b2e7eb6a7bdfe6d87b15f52e154f11163	bundle-manifest-sha256-v1	two-architecture
TRIVIAL-RAPIDITY-EVALUATION-BRIDGE	EV-TRIVIAL-RAPIDITY-EVALUATION-BRIDGE	INLINE_CANON	inline	66468ab92d1369261a9913c496fd8fbea9fd5251852e6185bae8ed17a626a616	registry-scope-sha256-v1	none
J-RESIDUE-PERIOD	EV-J-RESIDUE-PERIOD	PUBLIC_PROBE	probes/P-J-RESIDUE-PERIOD-1	c09e55027c62d7af1e2deb256275a1a392f2374218c0e74d1dca088b45f2708e	bundle-manifest-sha256-v1	two-architecture
J-RESIDUE-COLLAPSE-FIVE	EV-J-RESIDUE-COLLAPSE-FIVE	PUBLIC_PROBE	probes/P-J-RESIDUE-PERIOD-1	c09e55027c62d7af1e2deb256275a1a392f2374218c0e74d1dca088b45f2708e	bundle-manifest-sha256-v1	two-architecture
J-SIGNED-TRACE-MAHLER-RIGIDITY	EV-J-SIGNED-TRACE-MAHLER-RIGIDITY	PUBLIC_PROBE	probes/P-J-SIGNED-TRACE-MAHLER-RIGIDITY-1	bad0139dd99002460039021687a7770822a877993ab1d40f97ebfb587407f7e5	bundle-manifest-sha256-v1	two-architecture
AFFINE-READING-DEGREE-CENSUS	EV-AFFINE-READING-DEGREE-CENSUS	PUBLIC_PROBE	probes/P-AFFINE-QUADRATIC-READING-1	95a3d91f6707fda16b7baecdc1e17d54eda884e9a4e622540950014777d8f255	bundle-manifest-sha256-v1	two-architecture
AFFINE-QUADRATIC-FORM-UNIQUENESS	EV-AFFINE-QUADRATIC-FORM-UNIQUENESS	PUBLIC_PROBE	probes/P-AFFINE-QUADRATIC-READING-1	95a3d91f6707fda16b7baecdc1e17d54eda884e9a4e622540950014777d8f255	bundle-manifest-sha256-v1	two-architecture
CARRY-QUADRATIC-SYMMETRY	EV-CARRY-QUADRATIC-SYMMETRY	PUBLIC_PROBE	probes/P-CARRY-QUADRATIC-SYMMETRY-2	7799ef57695141d74409eccdc5da69a0d6aadfcf17783ee5623e91eaa499d9a1	bundle-manifest-sha256-v1	two-architecture
J-BINARY-NORM-DESCENT	EV-J-BINARY-NORM-DESCENT	PUBLIC_PROBE	probes/P-J-BINARY-NORM-DESCENT-1	1170f93a879410a1cd8f2119b731f305d94608e15dc11792620e604efe8ead97	bundle-manifest-sha256-v1	two-architecture
QDD-RECORD-SATURATION-DESCENT	EV-QDD-RECORD-SATURATION-DESCENT	PUBLIC_PROBE	probes/P-QDD-RECORD-MONOID-DESCENT-2	0f0fdb9f053d9c7498908a7ba105c1c509e339bd194b801bdcfa33e4a5815fcf	bundle-manifest-sha256-v1	two-architecture
QDD-COMMUTATOR-READOUT-EQUALITY-FORK	EV-QDD-COMMUTATOR-READOUT-EQUALITY-FORK	PUBLIC_PROBE	probes/P-QDD-COMMUTATOR-READOUT-FORK-2	94ab2859cd0bbd5ac43bb4699bd48ac14a7bde781b96d00dce6a5998f86c673b	bundle-manifest-sha256-v1	two-architecture
QDD-PURE-RECORD-COMMUTATOR-FAITHFULNESS	EV-QDD-PURE-RECORD-COMMUTATOR-FAITHFULNESS	PUBLIC_PROBE	probes/P-QDD-AFFINE-PURE-RECORD-BRIDGE-1	03c4f81854fad29baa6f4fa5112e93733861b0b770f4f2752e5d79ea555f0932	bundle-manifest-sha256-v1	two-architecture
QDD-PURE-RECORD-TYPED-BRIDGE-BOUNDARY	EV-QDD-PURE-RECORD-TYPED-BRIDGE-BOUNDARY	PUBLIC_PROBE	probes/P-QDD-PURE-RECORD-TYPED-BRIDGE-1	0804101ff4a53f5b0954360c518149add2f94cc6ff51eacb81f1ce18ec32632b	bundle-manifest-sha256-v1	two-architecture
QDD-PURE-RECORD-PORT-UNIQUENESS	EV-QDD-PURE-RECORD-PORT-UNIQUENESS	PUBLIC_PROBE	probes/P-QDD-PURE-RECORD-PORT-CANONICAL-1	f6d5d8098f76f3402d7865c7b10ded2d6f6e3533538c2b961467e5824f2b18cf	bundle-manifest-sha256-v1	two-architecture
QDD-COMMUTATOR-SATURATION-SELECTION	EV-QDD-COMMUTATOR-SATURATION-SELECTION	PUBLIC_PROBE	probes/P-QDD-COMMUTATOR-SATURATION-CLOSURE-1	b2912abe0eda6018ee6cc00eb9c6d7e51bae0ed8cc672f72fce7ee74da350b5f	bundle-manifest-sha256-v1	two-architecture
QDD-MECHANICAL-EVENT-SAMPLER	EV-QDD-MECHANICAL-EVENT-SAMPLER	PUBLIC_PROBE	probes/P-QDD-DETERMINISTIC-EVENT-SAMPLER-1	657946b5ab07aeb41808ccdde9be1bca01a1e001ddf43e356b468aaba57e25ba	bundle-manifest-sha256-v1	two-architecture
QDD-FINITE-MEMORY-O2B-BOUNDARY	EV-QDD-FINITE-MEMORY-O2B-BOUNDARY	PUBLIC_PROBE	probes/P-QDD-INSTRUMENT-CLASS-COMPLETENESS-1	f6cf413cfc6dd8bb1e3d621fd545281f8fe7df7a0de0126804ed9fd43b4dd270	bundle-manifest-sha256-v1	two-architecture
QDD-EVENT-CONTEXT-BANK	EV-QDD-EVENT-CONTEXT-BANK	PUBLIC_PROBE	probes/P-QDD-EVENT-CARRY-BANK-1	234fea8f560c0f49c9676cb043f41116ca074110fcb4dee7e57929fca338a34c	bundle-manifest-sha256-v1	two-architecture
QDD-TERMINAL-EVENT-SEMANTICS	EV-QDD-TERMINAL-EVENT-SEMANTICS	INLINE_CANON	inline	aa11aa00883b70a3ba6d2170e5554f4b757e8368a47f4b8f3fb33c5db1778b2c	registry-scope-sha256-v1	none
QDD-INSTRUMENT-CLASS-COMPLETENESS	EV-QDD-INSTRUMENT-CLASS-COMPLETENESS	INLINE_CANON	inline	99b14df0bda674d2723f4f2d567a74e2e0ece546a73da9a24bd99d3b07786408	registry-scope-sha256-v1	none
QPAIR-HERM-INTEGER-NONDESCENT	EV-QPAIR-HERM-INTEGER-NONDESCENT	PUBLIC_PROBE	probes/P-QPAIR-C4-2I-MINIMALITY-1	6f1d5a5859a193cb68eb53f6ed58f5da21b25f3c0084c3875eede690317ea592	bundle-manifest-sha256-v1	two-architecture
QPAIR-TRANSPOSE-FIBER-REDUNDANCY	EV-QPAIR-TRANSPOSE-FIBER-REDUNDANCY	PUBLIC_PROBE	probes/P-QPAIR-C4-2I-MINIMALITY-1	6f1d5a5859a193cb68eb53f6ed58f5da21b25f3c0084c3875eede690317ea592	bundle-manifest-sha256-v1	two-architecture
QPAIR-TYPED-MIXED-C4-CLOSURE	EV-QPAIR-TYPED-MIXED-C4-CLOSURE	PUBLIC_PROBE	probes/P-QPAIR-C4-2I-MINIMALITY-1	6f1d5a5859a193cb68eb53f6ed58f5da21b25f3c0084c3875eede690317ea592	bundle-manifest-sha256-v1	two-architecture
QPAIR-SYM2-2I-IRREDUCIBLE	EV-QPAIR-SYM2-2I-IRREDUCIBLE	PUBLIC_PROBE	probes/P-QPAIR-C4-2I-MINIMALITY-1	6f1d5a5859a193cb68eb53f6ed58f5da21b25f3c0084c3875eede690317ea592	bundle-manifest-sha256-v1	two-architecture
QPAIR-MINIMAL-2I-CLOSURE-OF-HERM-UNDER-MIXED-C4	EV-QPAIR-MINIMAL-2I-CLOSURE-OF-HERM-UNDER-MIXED-C4	PUBLIC_PROBE	probes/P-QPAIR-C4-2I-MINIMALITY-1	6f1d5a5859a193cb68eb53f6ed58f5da21b25f3c0084c3875eede690317ea592	bundle-manifest-sha256-v1	two-architecture
QPAIR-2I-ONLY-PAIR-FORCING	EV-QPAIR-2I-ONLY-PAIR-FORCING	PUBLIC_PROBE	probes/P-QPAIR-C4-2I-MINIMALITY-1	6f1d5a5859a193cb68eb53f6ed58f5da21b25f3c0084c3875eede690317ea592	bundle-manifest-sha256-v1	two-architecture
QPAIR-MIXED-C4-NORMALIZES-2I	EV-QPAIR-MIXED-C4-NORMALIZES-2I	PUBLIC_PROBE	probes/P-QPAIR-C4-2I-MINIMALITY-1	6f1d5a5859a193cb68eb53f6ed58f5da21b25f3c0084c3875eede690317ea592	bundle-manifest-sha256-v1	two-architecture
QPAIR-PRODUCT-COMPOSITION	EV-QPAIR-PRODUCT-COMPOSITION	PUBLIC_PROBE	probes/P-QPAIR-SYM2-TENSOR-DEFECT-1	ae345af394adf1693b5515d038743dc3f3697fa0c55340972eb979682538fed5	bundle-manifest-sha256-v1	two-architecture
QPAIR-CROSS-SECTOR-NONDESCENT	EV-QPAIR-CROSS-SECTOR-NONDESCENT	PUBLIC_PROBE	probes/P-QPAIR-SYM2-TENSOR-DEFECT-1	ae345af394adf1693b5515d038743dc3f3697fa0c55340972eb979682538fed5	bundle-manifest-sha256-v1	two-architecture
QPAIR-SYM2-TENSOR-DEFECT	EV-QPAIR-SYM2-TENSOR-DEFECT	PUBLIC_PROBE	probes/P-QPAIR-SYM2-TENSOR-DEFECT-1	ae345af394adf1693b5515d038743dc3f3697fa0c55340972eb979682538fed5	bundle-manifest-sha256-v1	two-architecture
FIELD-ZERO-NONZERO-MULTIPLICATIVE-CUT	EV-FIELD-ZERO-NONZERO-MULTIPLICATIVE-CUT	PUBLIC_PROBE	probes/P-FIELD-ZERO-NONZERO-CUT-1	baf65d43b2016d629f1442dea3e20191631e5b0f2729e8020eb6d36e9fe3384c	bundle-manifest-sha256-v1	two-architecture
TT-VECTOR-MOMENT-UNDERDETERMINATION	EV-TT-VECTOR-MOMENT-UNDERDETERMINATION	PUBLIC_PROBE	probes/P-TT-VECTOR-MOMENT-UNDERDETERMINATION-1	302e0403e5b1a0027555a39c33dddbe55e17b6ec76ee9292da8407630d5b10bf	bundle-manifest-sha256-v1	two-architecture
QDD-U-INDUCED-CHANNEL	EV-QDD-U-INDUCED-CHANNEL	PUBLIC_PROBE	probes/P-QDD-INSTRUMENT-U-INDUCED-1	17f5e001c9fce5360b021781fbb3910ed5045a5e9666ab7624a90e7880eae60f	bundle-manifest-sha256-v1	two-architecture
QDD-U-INDUCED-FINITE-NONSELECTION	EV-QDD-U-INDUCED-FINITE-NONSELECTION	PUBLIC_PROBE	probes/P-QDD-INSTRUMENT-U-INDUCED-1	17f5e001c9fce5360b021781fbb3910ed5045a5e9666ab7624a90e7880eae60f	bundle-manifest-sha256-v1	two-architecture
J-UNIT	EV-J-UNIT	REPRODUCTION	reproduce/kernel	7bcd0d80c52bb1ee95f16cae06a9c38807f5810342eb1f57eaf8401c82dae50f	bundle-manifest-sha256-v1	two-architecture
J-PROJECTIONS	EV-J-PROJECTIONS	INLINE_CANON	inline	61877f7d0b757bc8a3e6d7fa2699ab2d40f1976258d7241f797bc53fe766b408	registry-scope-sha256-v1	none
AXIOM-PROJECTION-DICTIONARY	EV-AXIOM-PROJECTION-DICTIONARY	INLINE_CANON	inline	a828a2307412308876c209f660579d360252b3bd5626ed3f83d5967c2f971a02	registry-scope-sha256-v1	none
PI-FROM-J	EV-PI-FROM-J	INLINE_CANON	inline	e4e8580b30cbf009a04e887d6f926b83744d19a8996d709468ac68b8d898ffff	registry-scope-sha256-v1	none
J-GOLDEN-BRIDGE	EV-J-GOLDEN-BRIDGE	REPRODUCTION	reproduce/kernel	7bcd0d80c52bb1ee95f16cae06a9c38807f5810342eb1f57eaf8401c82dae50f	bundle-manifest-sha256-v1	two-architecture
J-HARMONIC-SEAM	EV-J-HARMONIC-SEAM	PUBLIC_PROBE	probes/P-J-HARMONIC-SEAM-1	9054c62b919f5edb1b67ae9100d5ab733fd78a6b094662424a24a43a8bfe21cd	bundle-manifest-sha256-v1	two-architecture
J-STEP	EV-J-STEP	REPRODUCTION	reproduce/kernel	7bcd0d80c52bb1ee95f16cae06a9c38807f5810342eb1f57eaf8401c82dae50f	bundle-manifest-sha256-v1	two-architecture
J-MODULUS-CHORD	EV-J-MODULUS-CHORD	REPRODUCTION	reproduce/kernel	7bcd0d80c52bb1ee95f16cae06a9c38807f5810342eb1f57eaf8401c82dae50f	bundle-manifest-sha256-v1	two-architecture
J-TENTH-ROOT	EV-J-TENTH-ROOT	REPRODUCTION	reproduce/kernel	7bcd0d80c52bb1ee95f16cae06a9c38807f5810342eb1f57eaf8401c82dae50f	bundle-manifest-sha256-v1	two-architecture
J-RAMIFIED-CHORD	EV-J-RAMIFIED-CHORD	REPRODUCTION	reproduce/kernel	7bcd0d80c52bb1ee95f16cae06a9c38807f5810342eb1f57eaf8401c82dae50f	bundle-manifest-sha256-v1	two-architecture
PLENUM-POINT	EV-PLENUM-POINT	INLINE_CANON	inline	8c591a20ff64eba8d6d544c19930da3f7bf71d2d0a5f878848bd1f89951ab11e	registry-scope-sha256-v1	none
LOG-AXES-INDEPENDENCE	EV-LOG-AXES-INDEPENDENCE	INLINE_CANON	inline	40d4eb54145f0c9a17a6a0b4c6a9bfb641c668e647f13dccadf05e919a1020c6	registry-scope-sha256-v1	none
ALPHA-SEED	EV-ALPHA-SEED	REPRODUCTION	reproduce/alpha-exact-lemma	d6f1bd887ed3946394b7faf9d8df73282ce5524ea2aa479fe988b53cf4cb3afd	bundle-manifest-sha256-v1	two-architecture
BORN-FACE-WEIGHTS	EV-BORN-FACE-WEIGHTS	REPRODUCTION	reproduce/born-faces	2b14baa7db26f02d0c4a16b3924e571518d673386179846f6fb7dc3192606d1e	bundle-manifest-sha256-v1	two-architecture
BORN-HALF-ANGLE	EV-BORN-HALF-ANGLE	REPRODUCTION	reproduce/born-quartet	3696f83f9f004e5ecf86ebd6d136f258ee106531b799fc3ce182b06ebed7be37	bundle-manifest-sha256-v1	two-architecture
BORN-RESIDUAL-SPLIT	EV-BORN-RESIDUAL-SPLIT	REPRODUCTION	reproduce/born-quartet	3696f83f9f004e5ecf86ebd6d136f258ee106531b799fc3ce182b06ebed7be37	bundle-manifest-sha256-v1	two-architecture
SPIN-BISECTOR	EV-SPIN-BISECTOR	REPRODUCTION	reproduce/born-quartet	3696f83f9f004e5ecf86ebd6d136f258ee106531b799fc3ce182b06ebed7be37	bundle-manifest-sha256-v1	two-architecture
BORN-ORDER-STAIRCASE	EV-BORN-ORDER-STAIRCASE	REPRODUCTION	reproduce/born-quartet	3696f83f9f004e5ecf86ebd6d136f258ee106531b799fc3ce182b06ebed7be37	bundle-manifest-sha256-v1	two-architecture
CENSUS-313	EV-CENSUS-313	PUBLIC_PROBE	probes/P-CENSUS-REPLAY-1	ea0a092cd766fb27526cf95fe9f60b023126b61722ee6c660c51e356cff9c803	bundle-manifest-sha256-v1	two-architecture
CENSUS-Z5-SHEET	EV-CENSUS-Z5-SHEET	PUBLIC_PROBE	probes/P-CENSUS-REPLAY-1	ea0a092cd766fb27526cf95fe9f60b023126b61722ee6c660c51e356cff9c803	bundle-manifest-sha256-v1	two-architecture
CENSUS-PAIRING	EV-CENSUS-PAIRING	PUBLIC_PROBE	probes/P-CENSUS-REPLAY-1	ea0a092cd766fb27526cf95fe9f60b023126b61722ee6c660c51e356cff9c803	bundle-manifest-sha256-v1	two-architecture
CENSUS-HOSTING	EV-CENSUS-HOSTING	PUBLIC_PROBE	probes/P-CENSUS-REPLAY-1	ea0a092cd766fb27526cf95fe9f60b023126b61722ee6c660c51e356cff9c803	bundle-manifest-sha256-v1	two-architecture
DIRAC-LADDER	EV-DIRAC-LADDER	REPRODUCTION	reproduce/dirac-ladder	3d794a1180ca4b3d314f57612e4525c0886c5e6f233b7dca65cd940e5b5c9ae7	bundle-manifest-sha256-v1	recorded-audit
LADDER-LIGHTCONE	EV-LADDER-LIGHTCONE	REPRODUCTION	reproduce/dirac-ladder	3d794a1180ca4b3d314f57612e4525c0886c5e6f233b7dca65cd940e5b5c9ae7	bundle-manifest-sha256-v1	two-architecture
SPINOR-FLOOR	EV-SPINOR-FLOOR	REPRODUCTION	reproduce/dirac-ladder	3d794a1180ca4b3d314f57612e4525c0886c5e6f233b7dca65cd940e5b5c9ae7	bundle-manifest-sha256-v1	two-architecture
FIB-ROOT-TIES	EV-FIB-ROOT-TIES	REPRODUCTION	reproduce/dirac-ladder	3d794a1180ca4b3d314f57612e4525c0886c5e6f233b7dca65cd940e5b5c9ae7	bundle-manifest-sha256-v1	two-architecture
FIB-ROOT-CARRIER	EV-FIB-ROOT-CARRIER	REPRODUCTION	reproduce/dirac-ladder	3d794a1180ca4b3d314f57612e4525c0886c5e6f233b7dca65cd940e5b5c9ae7	bundle-manifest-sha256-v1	recorded-audit
DIRAC-STEP-THEOREMS	EV-DIRAC-STEP-THEOREMS	REPRODUCTION	reproduce/dirac-ladder	3d794a1180ca4b3d314f57612e4525c0886c5e6f233b7dca65cd940e5b5c9ae7	bundle-manifest-sha256-v1	two-architecture
DIRAC-STEP	EV-DIRAC-STEP	REPRODUCTION	reproduce/dirac-ladder	3d794a1180ca4b3d314f57612e4525c0886c5e6f233b7dca65cd940e5b5c9ae7	bundle-manifest-sha256-v1	recorded-audit
LADDER-SPIN-PLACES	EV-LADDER-SPIN-PLACES	REPRODUCTION	reproduce/dirac-ladder	3d794a1180ca4b3d314f57612e4525c0886c5e6f233b7dca65cd940e5b5c9ae7	bundle-manifest-sha256-v1	two-architecture
CHECKERBOARD-GAUSS-TOWER	EV-CHECKERBOARD-GAUSS-TOWER	REPRODUCTION	reproduce/dirac-ladder	3d794a1180ca4b3d314f57612e4525c0886c5e6f233b7dca65cd940e5b5c9ae7	bundle-manifest-sha256-v1	two-architecture
FERMIONIZER	EV-FERMIONIZER	REPRODUCTION	reproduce/dirac-ladder	3d794a1180ca4b3d314f57612e4525c0886c5e6f233b7dca65cd940e5b5c9ae7	bundle-manifest-sha256-v1	two-architecture
LADDER-ALTERNATOR-BASIS	EV-LADDER-ALTERNATOR-BASIS	REPRODUCTION	reproduce/dirac-ladder	3d794a1180ca4b3d314f57612e4525c0886c5e6f233b7dca65cd940e5b5c9ae7	bundle-manifest-sha256-v1	two-architecture
TM-BREATH-TOWER	EV-TM-BREATH-TOWER	REPRODUCTION	reproduce/dirac-ladder	3d794a1180ca4b3d314f57612e4525c0886c5e6f233b7dca65cd940e5b5c9ae7	bundle-manifest-sha256-v1	two-architecture
MOBIUS-TM-PRIME2-BRIDGE	EV-MOBIUS-TM-PRIME2-BRIDGE	PUBLIC_PROBE	probes/P-MOBIUS-TM-PRIME2-1	94c8338bb78d2836c4bb707ce3dc13ed00b38f423645e17c78d6d3bc07cd501a	bundle-manifest-sha256-v1	two-architecture
TM-MULTIPLICATION-CARRY-DEFECT	EV-TM-MULTIPLICATION-CARRY-DEFECT	PUBLIC_PROBE	probes/P-TM-MULTIPLICATION-CARRY-DEFECT-1	348e359dd2c2566c7c142ac9f7217bec3dd4ab3e725584e89a477420354e50bf	bundle-manifest-sha256-v1	two-architecture
BOOST-READING-SPLIT	EV-BOOST-READING-SPLIT	REPRODUCTION	reproduce/observer-boost	f7a4ea21ce9ae6bb414965f1e1c1122dc7c33b7126a84a56743289d18888a6b3	bundle-manifest-sha256-v1	two-architecture
BOOST-COUNT-LADDER	EV-BOOST-COUNT-LADDER	REPRODUCTION	reproduce/observer-boost	f7a4ea21ce9ae6bb414965f1e1c1122dc7c33b7126a84a56743289d18888a6b3	bundle-manifest-sha256-v1	recorded-audit
OBSERVER-ALTERNATOR	EV-OBSERVER-ALTERNATOR	REPRODUCTION	reproduce/observer-boost	f7a4ea21ce9ae6bb414965f1e1c1122dc7c33b7126a84a56743289d18888a6b3	bundle-manifest-sha256-v1	recorded-audit
BOOST-AXIS	EV-BOOST-AXIS	REPRODUCTION	reproduce/observer-boost	f7a4ea21ce9ae6bb414965f1e1c1122dc7c33b7126a84a56743289d18888a6b3	bundle-manifest-sha256-v1	recorded-audit
COLOR-RETURN-D5	EV-COLOR-RETURN-D5	REPRODUCTION	reproduce/color-ladder	993516aaf0509cc8083fa5cc39d2954294af7da479bfa3c829741f01b590de71	bundle-manifest-sha256-v1	two-architecture
COLOR-TORSOR-HOLONOMY	EV-COLOR-TORSOR-HOLONOMY	REPRODUCTION	reproduce/color-ladder	993516aaf0509cc8083fa5cc39d2954294af7da479bfa3c829741f01b590de71	bundle-manifest-sha256-v1	two-architecture
COLOR-SPLIT-12	EV-COLOR-SPLIT-12	REPRODUCTION	reproduce/color-ladder	993516aaf0509cc8083fa5cc39d2954294af7da479bfa3c829741f01b590de71	bundle-manifest-sha256-v1	recorded-audit
COLOR-LADDER-DICTIONARY	EV-COLOR-LADDER-DICTIONARY	INLINE_CANON	inline	a79570f964b98ce6dbd466557576d512ebf87bedc6716abb3b4409acb5d705b3	registry-scope-sha256-v1	none
COLOR-DYNAMICAL-COLOR	EV-COLOR-DYNAMICAL-COLOR	REPRODUCTION	reproduce/color-ladder	993516aaf0509cc8083fa5cc39d2954294af7da479bfa3c829741f01b590de71	bundle-manifest-sha256-v1	recorded-audit
COLOR-KIN-NORMALIZER	EV-COLOR-KIN-NORMALIZER	REPRODUCTION	reproduce/color-ladder	993516aaf0509cc8083fa5cc39d2954294af7da479bfa3c829741f01b590de71	bundle-manifest-sha256-v1	two-architecture
COLOR-KINEMATICAL-GL2	EV-COLOR-KINEMATICAL-GL2	REPRODUCTION	reproduce/color-ladder	993516aaf0509cc8083fa5cc39d2954294af7da479bfa3c829741f01b590de71	bundle-manifest-sha256-v1	recorded-audit
COLOR-CORE-2I	EV-COLOR-CORE-2I	REPRODUCTION	reproduce/color-ladder	993516aaf0509cc8083fa5cc39d2954294af7da479bfa3c829741f01b590de71	bundle-manifest-sha256-v1	two-architecture
COLOR-GOLDEN-TABLE	EV-COLOR-GOLDEN-TABLE	REPRODUCTION	reproduce/color-ladder	993516aaf0509cc8083fa5cc39d2954294af7da479bfa3c829741f01b590de71	bundle-manifest-sha256-v1	two-architecture
COLOR-MCKAY-E8	EV-COLOR-MCKAY-E8	REPRODUCTION	reproduce/color-ladder	993516aaf0509cc8083fa5cc39d2954294af7da479bfa3c829741f01b590de71	bundle-manifest-sha256-v1	two-architecture
COLOR-MOMENT-FINGERPRINT	EV-COLOR-MOMENT-FINGERPRINT	REPRODUCTION	reproduce/color-ladder	993516aaf0509cc8083fa5cc39d2954294af7da479bfa3c829741f01b590de71	bundle-manifest-sha256-v1	two-architecture
COLOR-SPECTRAL-INVARIANTS	EV-COLOR-SPECTRAL-INVARIANTS	REPRODUCTION	reproduce/color-ladder	993516aaf0509cc8083fa5cc39d2954294af7da479bfa3c829741f01b590de71	bundle-manifest-sha256-v1	two-architecture
COLOR-DICKSON-RAMIFICATION	EV-COLOR-DICKSON-RAMIFICATION	REPRODUCTION	reproduce/color-ladder	993516aaf0509cc8083fa5cc39d2954294af7da479bfa3c829741f01b590de71	bundle-manifest-sha256-v1	two-architecture
COLOR-KLEIN-REDUCTION	EV-COLOR-KLEIN-REDUCTION	REPRODUCTION	reproduce/color-ladder	993516aaf0509cc8083fa5cc39d2954294af7da479bfa3c829741f01b590de71	bundle-manifest-sha256-v1	two-architecture
COLOR-INTEGRAL-LIFT	EV-COLOR-INTEGRAL-LIFT	REPRODUCTION	reproduce/color-ladder	993516aaf0509cc8083fa5cc39d2954294af7da479bfa3c829741f01b590de71	bundle-manifest-sha256-v1	two-architecture
COLOR-CM-2I-SEMILINEAR-PAIR	EV-COLOR-CM-2I-SEMILINEAR-PAIR	PUBLIC_PROBE	probes/P-CM-2I-QCARRIER-1	2d480767d992215fe0c7328c8fb794484cd7c99c22d6b56f65b340c8b9d09bee	bundle-manifest-sha256-v1	two-architecture
COLOR-MEASURE-TRANSPORT	EV-COLOR-MEASURE-TRANSPORT	REPRODUCTION	reproduce/color-ladder	993516aaf0509cc8083fa5cc39d2954294af7da479bfa3c829741f01b590de71	bundle-manifest-sha256-v1	two-architecture
KAHLER-CAPACITY	EV-KAHLER-CAPACITY	REPRODUCTION	reproduce/gravity-chain	df1c4ea51e07381dcf961046a81fbbcb5888a930f6c5ee0f5a1adf28bd947827	bundle-manifest-sha256-v1	two-architecture
FRW-CANONICAL-FORM	EV-FRW-CANONICAL-FORM	REPRODUCTION	reproduce/gravity-chain	df1c4ea51e07381dcf961046a81fbbcb5888a930f6c5ee0f5a1adf28bd947827	bundle-manifest-sha256-v1	two-architecture
DE-TRACE-DENSITY-UNDERDETERMINATION	EV-DE-TRACE-DENSITY-UNDERDETERMINATION	PUBLIC_PROBE	probes/P-DE-TRACE-DENSITY-1	3387e27d134745ebf74fe2c5f15b5dc94b079eee93e81fdf96e5d6ada1faa6ed	bundle-manifest-sha256-v1	two-architecture
GRAVITY-BRIDGE-LAW	EV-GRAVITY-BRIDGE-LAW	REPRODUCTION	reproduce/gravity-chain	df1c4ea51e07381dcf961046a81fbbcb5888a930f6c5ee0f5a1adf28bd947827	bundle-manifest-sha256-v1	recorded-audit
MU-TAU-COEFFICIENT	EV-MU-TAU-COEFFICIENT	REPRODUCTION	reproduce/mass-ladder	c05faa12ed4afe65734c0cfcbe4c848fd0b64bd2071edee883381d9231f85a59	bundle-manifest-sha256-v1	two-architecture
MU-EXCHANGE-IDENTITY	EV-MU-EXCHANGE-IDENTITY	REPRODUCTION	reproduce/mass-ladder	c05faa12ed4afe65734c0cfcbe4c848fd0b64bd2071edee883381d9231f85a59	bundle-manifest-sha256-v1	two-architecture
MASS-LADDER-FORMS	EV-MASS-LADDER-FORMS	REPRODUCTION	reproduce/mass-ladder	c05faa12ed4afe65734c0cfcbe4c848fd0b64bd2071edee883381d9231f85a59	bundle-manifest-sha256-v1	recorded-audit
PARITY-LAW	EV-PARITY-LAW	REPRODUCTION	reproduce/mass-ladder	c05faa12ed4afe65734c0cfcbe4c848fd0b64bd2071edee883381d9231f85a59	bundle-manifest-sha256-v1	two-architecture
BRIDGE-DEFECT	EV-BRIDGE-DEFECT	REPRODUCTION	reproduce/mass-ladder	c05faa12ed4afe65734c0cfcbe4c848fd0b64bd2071edee883381d9231f85a59	bundle-manifest-sha256-v1	two-architecture
WEINBERG-TREE	EV-WEINBERG-TREE	REPRODUCTION	reproduce/weinberg	7e3f6ba5e0f84ce4297cd2933eb40999fcbf3e53a92d81f0660972599f906d13	bundle-manifest-sha256-v1	two-architecture
HYPERCHARGE-LAW	EV-HYPERCHARGE-LAW	REPRODUCTION	reproduce/weinberg	7e3f6ba5e0f84ce4297cd2933eb40999fcbf3e53a92d81f0660972599f906d13	bundle-manifest-sha256-v1	two-architecture
WEINBERG-FORM	EV-WEINBERG-FORM	REPRODUCTION	reproduce/weinberg	7e3f6ba5e0f84ce4297cd2933eb40999fcbf3e53a92d81f0660972599f906d13	bundle-manifest-sha256-v1	recorded-audit
MAXWELL-BIANCHI	EV-MAXWELL-BIANCHI	REPRODUCTION	reproduce/maxwell	3a11cbcce3ad0eeca681c366ef7c697d1757918786d101c8af0f74266e6c2c8c	bundle-manifest-sha256-v1	two-architecture
MAXWELL-GAUSS-CHAIN	EV-MAXWELL-GAUSS-CHAIN	REPRODUCTION	reproduce/maxwell	3a11cbcce3ad0eeca681c366ef7c697d1757918786d101c8af0f74266e6c2c8c	bundle-manifest-sha256-v1	two-architecture
MAXWELL-AMPERE-CHAIN	EV-MAXWELL-AMPERE-CHAIN	REPRODUCTION	reproduce/maxwell	3a11cbcce3ad0eeca681c366ef7c697d1757918786d101c8af0f74266e6c2c8c	bundle-manifest-sha256-v1	two-architecture
MAXWELL-OBSTRUCTION-P	EV-MAXWELL-OBSTRUCTION-P	REPRODUCTION	reproduce/maxwell	3a11cbcce3ad0eeca681c366ef7c697d1757918786d101c8af0f74266e6c2c8c	bundle-manifest-sha256-v1	two-architecture
MAXWELL-CLOSED	EV-MAXWELL-CLOSED	REPRODUCTION	reproduce/maxwell	3a11cbcce3ad0eeca681c366ef7c697d1757918786d101c8af0f74266e6c2c8c	bundle-manifest-sha256-v1	recorded-audit
ALPHA-PREFACTOR-UNIFICATION	EV-ALPHA-PREFACTOR-UNIFICATION	REPRODUCTION	reproduce/alpha-value	4a45afab4af710a58884d4f63c05903d48bbbcbedb48536bd0eab7443a6b71a7	bundle-manifest-sha256-v1	two-architecture
ALPHA-FORM	EV-ALPHA-FORM	REPRODUCTION	reproduce/alpha-value	4a45afab4af710a58884d4f63c05903d48bbbcbedb48536bd0eab7443a6b71a7	bundle-manifest-sha256-v1	recorded-audit
ALPHA-VALUE-DIGITS	EV-ALPHA-VALUE-DIGITS	REPRODUCTION	reproduce/alpha-value	4a45afab4af710a58884d4f63c05903d48bbbcbedb48536bd0eab7443a6b71a7	bundle-manifest-sha256-v1	one-architecture
TT-LINEAR-ZERO	EV-TT-LINEAR-ZERO	REPRODUCTION	reproduce/cosmology-register	98a9425099666e47fb1cf4c48e72ab29fbc30ea9906a319d80ebc6cc1d3bdbdb	bundle-manifest-sha256-v1	two-architecture
TT-QUADRATIC-INDUCED	EV-TT-QUADRATIC-INDUCED	REPRODUCTION	reproduce/cosmology-register	98a9425099666e47fb1cf4c48e72ab29fbc30ea9906a319d80ebc6cc1d3bdbdb	bundle-manifest-sha256-v1	recorded-audit
GYRON-DENSITY	EV-GYRON-DENSITY	PUBLIC_PROBE	probes/P-GYRON-DISCREPANCY-LOG-3	b4e7eba23b815d0964a8516f25fe3cdc6db363e3646d658253ea5e9289e9382e	bundle-manifest-sha256-v1	two-architecture
GYRON-DISCREPANCY-LOG	EV-GYRON-DISCREPANCY-LOG	PUBLIC_PROBE	probes/P-GYRON-DISCREPANCY-LOG-3	b4e7eba23b815d0964a8516f25fe3cdc6db363e3646d658253ea5e9289e9382e	bundle-manifest-sha256-v1	two-architecture
TM-PAIR-SUBSTITUTION-FIXED-POINT	EV-TM-PAIR-SUBSTITUTION-FIXED-POINT	PUBLIC_PROBE	probes/P-GYRON-DISCREPANCY-LOG-3	b4e7eba23b815d0964a8516f25fe3cdc6db363e3646d658253ea5e9289e9382e	bundle-manifest-sha256-v1	two-architecture
COSMOLOGY-READING-DICTIONARY	EV-COSMOLOGY-READING-DICTIONARY	INLINE_CANON	inline	9f462ce0a40b8d01e31c6ad6d59a1516dac035201f14eb55475babdd15006679	registry-scope-sha256-v1	none
COSMOLOGY-REGISTER	EV-COSMOLOGY-REGISTER	REPRODUCTION	reproduce/cosmology-register	98a9425099666e47fb1cf4c48e72ab29fbc30ea9906a319d80ebc6cc1d3bdbdb	bundle-manifest-sha256-v1	recorded-audit
CONFORMAL-PREFACTOR	EV-CONFORMAL-PREFACTOR	REPRODUCTION	reproduce/cosmology-register	98a9425099666e47fb1cf4c48e72ab29fbc30ea9906a319d80ebc6cc1d3bdbdb	bundle-manifest-sha256-v1	recorded-audit
TT-SQUARING-DECODER	EV-TT-SQUARING-DECODER	REPRODUCTION	reproduce/coupling-metrology	4521e13f3461b073293355ba794f5011900974543293fe469b4f06ed2290171b	bundle-manifest-sha256-v1	recorded-audit
SCHWARZSCHILD-TT-ENDPOINT	EV-SCHWARZSCHILD-TT-ENDPOINT	REPRODUCTION	reproduce/coupling-metrology	4521e13f3461b073293355ba794f5011900974543293fe469b4f06ed2290171b	bundle-manifest-sha256-v1	two-architecture
TT-QUADRATIC-GERM	EV-TT-QUADRATIC-GERM	REPRODUCTION	reproduce/coupling-metrology	4521e13f3461b073293355ba794f5011900974543293fe469b4f06ed2290171b	bundle-manifest-sha256-v1	recorded-audit
COUPLINGS-DETERMINE	EV-COUPLINGS-DETERMINE	REPRODUCTION	reproduce/coupling-metrology	4521e13f3461b073293355ba794f5011900974543293fe469b4f06ed2290171b	bundle-manifest-sha256-v1	two-architecture
DEWITT-TWELVES	EV-DEWITT-TWELVES	REPRODUCTION	reproduce/coupling-metrology	4521e13f3461b073293355ba794f5011900974543293fe469b4f06ed2290171b	bundle-manifest-sha256-v1	two-architecture
METRO-TICK	EV-METRO-TICK	REPRODUCTION	reproduce/coupling-metrology	4521e13f3461b073293355ba794f5011900974543293fe469b4f06ed2290171b	bundle-manifest-sha256-v1	two-architecture
MEASURE-SPATIAL-ONLY	EV-MEASURE-SPATIAL-ONLY	REPRODUCTION	reproduce/coupling-metrology	4521e13f3461b073293355ba794f5011900974543293fe469b4f06ed2290171b	bundle-manifest-sha256-v1	two-architecture
STRONG-SEED	EV-STRONG-SEED	REPRODUCTION	reproduce/coupling-metrology	4521e13f3461b073293355ba794f5011900974543293fe469b4f06ed2290171b	bundle-manifest-sha256-v1	recorded-audit
HYPERPLANE-BOUNDARY-CLASS	EV-HYPERPLANE-BOUNDARY-CLASS	REPRODUCTION	reproduce/hyperplane-codec	9477d13e62631171a4b33ebc0c130a7c2e9f5e45fe79073227f4a254c3592f35	bundle-manifest-sha256-v1	two-architecture
HYPERPLANE-BOUNDARY-REALIZATION	EV-HYPERPLANE-BOUNDARY-REALIZATION	REPRODUCTION	reproduce/hyperplane-codec	9477d13e62631171a4b33ebc0c130a7c2e9f5e45fe79073227f4a254c3592f35	bundle-manifest-sha256-v1	one-architecture
CODEC-TR4	EV-CODEC-TR4	REPRODUCTION	reproduce/hyperplane-codec	9477d13e62631171a4b33ebc0c130a7c2e9f5e45fe79073227f4a254c3592f35	bundle-manifest-sha256-v1	two-architecture
PHIBIT-NOT-TAU	EV-PHIBIT-NOT-TAU	REPRODUCTION	reproduce/hyperplane-codec	9477d13e62631171a4b33ebc0c130a7c2e9f5e45fe79073227f4a254c3592f35	bundle-manifest-sha256-v1	recorded-audit
KERNEL-WEDGE-AFFINITY	EV-KERNEL-WEDGE-AFFINITY	REPRODUCTION	reproduce/kernel-connectivity	8673c03c0b2105daf7895ea2ccffb0c85f57480071fce2ea9f9157c2f1786ba7	bundle-manifest-sha256-v1	two-architecture
KERNEL-WEDGE-COUPLING	EV-KERNEL-WEDGE-COUPLING	REPRODUCTION	reproduce/kernel-connectivity	8673c03c0b2105daf7895ea2ccffb0c85f57480071fce2ea9f9157c2f1786ba7	bundle-manifest-sha256-v1	two-architecture
KERNEL-WEDGE-LINEAR-STRATA	EV-KERNEL-WEDGE-LINEAR-STRATA	REPRODUCTION	reproduce/kernel-connectivity	8673c03c0b2105daf7895ea2ccffb0c85f57480071fce2ea9f9157c2f1786ba7	bundle-manifest-sha256-v1	two-architecture
KERNEL-WEDGE-AFFINE-MIX	EV-KERNEL-WEDGE-AFFINE-MIX	REPRODUCTION	reproduce/kernel-connectivity	8673c03c0b2105daf7895ea2ccffb0c85f57480071fce2ea9f9157c2f1786ba7	bundle-manifest-sha256-v1	two-architecture
KERNEL-CELL-COMPONENTS	EV-KERNEL-CELL-COMPONENTS	REPRODUCTION	reproduce/kernel-connectivity	8673c03c0b2105daf7895ea2ccffb0c85f57480071fce2ea9f9157c2f1786ba7	bundle-manifest-sha256-v1	one-architecture
KERNEL-MACRO-READING	EV-KERNEL-MACRO-READING	REPRODUCTION	reproduce/kernel-connectivity	8673c03c0b2105daf7895ea2ccffb0c85f57480071fce2ea9f9157c2f1786ba7	bundle-manifest-sha256-v1	recorded-audit
ODOMETER-INTERNALIZED	EV-ODOMETER-INTERNALIZED	REPRODUCTION	reproduce/foundations-places	feeb30a3320ddb88836b622414f795dfa778eaea7fbba0ece126b652ece5fea0	bundle-manifest-sha256-v1	recorded-audit
READING-SPLIT	EV-READING-SPLIT	INLINE_CANON	inline	2e580c274aa31a28c1a825e6f3e4b19c7a2f1b3b6ad857b885d9a5d7de6b9719	registry-scope-sha256-v1	none
TIME-QUANTUM-TOWER	EV-TIME-QUANTUM-TOWER	REPRODUCTION	reproduce/foundations-places	feeb30a3320ddb88836b622414f795dfa778eaea7fbba0ece126b652ece5fea0	bundle-manifest-sha256-v1	one-architecture
DEGREES-BY-PRIME	EV-DEGREES-BY-PRIME	REPRODUCTION	reproduce/foundations-places	feeb30a3320ddb88836b622414f795dfa778eaea7fbba0ece126b652ece5fea0	bundle-manifest-sha256-v1	two-architecture
QUARTIC-CYCLOTOMIC-TOTAL-RAMIFICATION-CENSUS	EV-QUARTIC-CYCLOTOMIC-TOTAL-RAMIFICATION-CENSUS	PUBLIC_PROBE	probes/P-QUARTIC-CYCLOTOMIC-TOTAL-RAMIFICATION-CENSUS-1	05f6a5c1e29b5e962c357f323ec2104d39f771230ea5cb6953a6b25126bbe5ee	bundle-manifest-sha256-v1	two-architecture
ABELIAN-CM-UNIQUE-EVEN-BIT-DISCRIMINANT-MINIMUM	EV-ABELIAN-CM-UNIQUE-EVEN-BIT-DISCRIMINANT-MINIMUM	PUBLIC_PROBE	probes/P-ABELIAN-CM-UNIQUE-EVEN-BIT-DISCRIMINANT-MINIMUM-1	31a4d20d4cd73778a7c058435ccc9e8bb1b7fcdc5a5475a5181c1e3aa739e2e0	bundle-manifest-sha256-v1	two-architecture
Z2-PLACES-SPLIT	EV-Z2-PLACES-SPLIT	REPRODUCTION	reproduce/foundations-places	feeb30a3320ddb88836b622414f795dfa778eaea7fbba0ece126b652ece5fea0	bundle-manifest-sha256-v1	two-architecture
TWO-PLACE-PHYSICS	EV-TWO-PLACE-PHYSICS	INLINE_CANON	inline	723345566b09c54211dcebb15a19d5f038fc7734c4e6df8c4d271befc4b4c6b0	registry-scope-sha256-v1	none
I-BILOCATED	EV-I-BILOCATED	REPRODUCTION	reproduce/foundations-places	feeb30a3320ddb88836b622414f795dfa778eaea7fbba0ece126b652ece5fea0	bundle-manifest-sha256-v1	recorded-audit
SILVER-RING-FACTS	EV-SILVER-RING-FACTS	REPRODUCTION	reproduce/foundations-places	feeb30a3320ddb88836b622414f795dfa778eaea7fbba0ece126b652ece5fea0	bundle-manifest-sha256-v1	one-architecture
SILVER-SIBLING	EV-SILVER-SIBLING	REPRODUCTION	reproduce/foundations-places	feeb30a3320ddb88836b622414f795dfa778eaea7fbba0ece126b652ece5fea0	bundle-manifest-sha256-v1	recorded-audit
CENTRAL-LIFT-PHASE	EV-CENTRAL-LIFT-PHASE	PUBLIC_PROBE	probes/P-CENTRAL-LIFT-PHASE-1	ff0ffb98cbc3197d18a86a22dd3cabe853b5f50a80e099ede48b1ae6a7a258e0	bundle-manifest-sha256-v1	two-architecture
FORCE-WEYL-HOLONOMY	EV-FORCE-WEYL-HOLONOMY	REPRODUCTION	reproduce/force-born-dictionary	b1a2f643a2461efa55ae31b6fbb2819c82e270299acea11a4f4215d268be5804	bundle-manifest-sha256-v1	two-architecture
FORCE-AS-CURVATURE	EV-FORCE-AS-CURVATURE	INLINE_CANON	inline	e240ce5de9bd398e402e88bcf5c4a1e3328aff7b2e62aca550a8fd098adeba0a	registry-scope-sha256-v1	none
COULOMB-GREEN-COMPUTATION	EV-COULOMB-GREEN-COMPUTATION	REPRODUCTION	reproduce/force-born-dictionary	b1a2f643a2461efa55ae31b6fbb2819c82e270299acea11a4f4215d268be5804	bundle-manifest-sha256-v1	one-architecture
COULOMB-PROJECTION	EV-COULOMB-PROJECTION	INLINE_CANON	inline	fcfe6228e2ee69d70c00c54b1fda1fd2492995e251e64cd206323dfc0a847517	registry-scope-sha256-v1	none
FORCE-POLAR-SIGN	EV-FORCE-POLAR-SIGN	INLINE_CANON	inline	c745d3122637d3e9f7ff586227f51d5fff40e3c32ffa943f50d6b4cfd1799cd9	registry-scope-sha256-v1	none
ABELIAN-FACE-DICTIONARY	EV-ABELIAN-FACE-DICTIONARY	REPRODUCTION	reproduce/force-born-dictionary	b1a2f643a2461efa55ae31b6fbb2819c82e270299acea11a4f4215d268be5804	bundle-manifest-sha256-v1	recorded-audit
MEASURE-BORN-VERB	EV-MEASURE-BORN-VERB	REPRODUCTION	reproduce/force-born-dictionary	b1a2f643a2461efa55ae31b6fbb2819c82e270299acea11a4f4215d268be5804	bundle-manifest-sha256-v1	recorded-audit
KERNEL-CELL-DICTIONARY	EV-KERNEL-CELL-DICTIONARY	INLINE_CANON	inline	75968572aa4951b8b5cf12279d75c6eff6efd591d0fad928eb3aa882c1433f2f	registry-scope-sha256-v1	none
SUBSTRATE-KNIT	EV-SUBSTRATE-KNIT	REPRODUCTION	reproduce/force-born-dictionary	b1a2f643a2461efa55ae31b6fbb2819c82e270299acea11a4f4215d268be5804	bundle-manifest-sha256-v1	two-architecture
METRO-ADMISSIBILITY	EV-METRO-ADMISSIBILITY	INLINE_CANON	inline	48091af4453a15143ebb671f858b2c692b5598c2a11188dc87537071bca45e6d	registry-scope-sha256-v1	none
METRO-EDGE-SCALE	EV-METRO-EDGE-SCALE	INLINE_CANON	inline	c396080b9c0328728c2bdea1303035f541716a7b33f242468bdf469518f63c59	registry-scope-sha256-v1	none
QUANT-SUBSTRATE	EV-QUANT-SUBSTRATE	INLINE_CANON	inline	f4635e0c7cccf3015db2992909ec128807144665c26e9a98c4021602cd9fd6df	registry-scope-sha256-v1	none
COLOR-MEASURE-SELECTION	EV-COLOR-MEASURE-SELECTION	INLINE_CANON	inline	e58355596b07850bd704d11db7f8cb7ffd034bbe0820bbe5938f09efae1fc002	registry-scope-sha256-v1	none
TT-SOURCE	EV-TT-SOURCE	INLINE_CANON	inline	e4ef90d122fedd52a7fe7ff6a1724c1a97003adcca8492ab2ba494171b351131	registry-scope-sha256-v1	none
QNM-LEAVER-MU	EV-QNM-LEAVER-MU	INLINE_CANON	inline	a3397550758e2dff9f1568c91f6bf57dd391e1364db9e858124d98811255724b	registry-scope-sha256-v1	none
POL-READ	EV-POL-READ	INLINE_CANON	inline	c764fe8a00b4dd265563b14449a5cb53c7489dab77298c5761f4b8b6ae7b2bbc	registry-scope-sha256-v1	none
TT-VECTOR-STATE-NORMALIZATION	EV-TT-VECTOR-STATE-NORMALIZATION	INLINE_CANON	inline	1c8d30a458dbe2c476b8fd4eba29629f17dcdf67ed7a1a907198e61004f1057d	registry-scope-sha256-v1	none
FRW-INHOM	EV-FRW-INHOM	INLINE_CANON	inline	db6694a8e05c838f7dff276bcb2840c10346e756b9862f87b62931c33a48ed38	registry-scope-sha256-v1	none
DRESS-CROSSCOUNT	EV-DRESS-CROSSCOUNT	INLINE_CANON	inline	ce671d700f3ee83da0fddec89ba80150b284bcd7adf21797a4b3c8e957b556dd	registry-scope-sha256-v1	none
NS-TILT	EV-NS-TILT	INLINE_CANON	inline	1e9ee6e44b0a26c7281d6da06c823208a9f76e94c63c216b59310e253eec5b78	registry-scope-sha256-v1	none
DE-CONFORMAL-WEIGHT	EV-DE-CONFORMAL-WEIGHT	INLINE_CANON	inline	aff6ec2279896216990d29a2de18a352d45776860fababd7e7b59e46a1b06a7b	registry-scope-sha256-v1	none
ALPHA-S-RUNNING	EV-ALPHA-S-RUNNING	INLINE_CANON	inline	ffaee924dc7668e3a3207bb2070529142c959108f5c072af912d3c036f671e65	registry-scope-sha256-v1	none
SCHEME-DICTIONARY	EV-SCHEME-DICTIONARY	INLINE_CANON	inline	864f98ed458208b8dd614be372159e9bb5d3d84c539ac70489c0261391bafff1	registry-scope-sha256-v1	none
GENERATIONS-L3	EV-GENERATIONS-L3	INLINE_CANON	inline	6c4fd902f395d86a996f27c64f55c26e40eff44b344b364d2829be09f87b6ade	registry-scope-sha256-v1	none
SPIN-LIFT-FORCED	EV-SPIN-LIFT-FORCED	PUBLIC_PROBE	probes/P-SPIN-LIFT-FORCED-1	bda8e09a5de84f34c2a836cedfa44c902662556e14f60448dd6f3db0351464c7	bundle-manifest-sha256-v1	two-architecture
TM-SYM2-MEASURE	EV-TM-SYM2-MEASURE	PUBLIC_PROBE	probes/P-TM-SYM2-MEASURE-1	f943c0fc8412fd6f39a0d21a6e51fffe4bda2d06ad8ec78e41816e44a35b113d	bundle-manifest-sha256-v1	two-architecture
QUADRATIC-DECODER-DATA	EV-QUADRATIC-DECODER-DATA	INLINE_CANON	inline	8b2b79b5060bbea943429afda25f24affcda2bd9a55961965cf63a962b3cee8d	registry-scope-sha256-v1	none
NEUTRON-DELTA-EM	EV-NEUTRON-DELTA-EM	INLINE_CANON	inline	d99032dd36f64457dfe7befc2107289ade2bd5e179eebbfabb56daae80d0528a	registry-scope-sha256-v1	none
PROTON-RESIDUAL-IS-QCD	EV-PROTON-RESIDUAL-IS-QCD	INLINE_CANON	inline	89e26760068016a6fa610cf71c1df4264d7507fdbad96a7e84ec0cf42432be67	registry-scope-sha256-v1	none
SQRT-PHI-TIME-GRAVITY	EV-SQRT-PHI-TIME-GRAVITY	INLINE_CANON	inline	680a304b1a78eca6f6641ec10d59f26d3717aadcc2997189b797d512a1db08e6	registry-scope-sha256-v1	none
KERNEL-CONNECT-ALL-K	EV-KERNEL-CONNECT-ALL-K	PUBLIC_PROBE	probes/P-KERNEL-CONNECT-ALL-K-1	a7b73e2b5441fe1628e7589f9e73b366ae2ee6e4dd3fdee34527c57fb873757b	bundle-manifest-sha256-v1	two-architecture
CURVATURE-HISTORICAL-TRACE	EV-CURVATURE-HISTORICAL-TRACE	PUBLIC_PROBE	probes/P-CURVATURE-TRACE-VALUE-1	c27b18fcb8bbd7b72b915c7121db834c626dda3aa440ea63def8cfb97bbfb5be	bundle-manifest-sha256-v1	two-architecture
CURVATURE-TRACE-VALUE	EV-CURVATURE-TRACE-VALUE	PUBLIC_PROBE	probes/P-CURVATURE-TRACE-VALUE-1	c27b18fcb8bbd7b72b915c7121db834c626dda3aa440ea63def8cfb97bbfb5be	bundle-manifest-sha256-v1	two-architecture
CURVATURE-OPERATOR-CANONICAL	EV-CURVATURE-OPERATOR-CANONICAL	INLINE_CANON	inline	253142e1d51b0d18d8dcb866ad3de64579ee1782e32983f2b4d0fe0c2d3bbfa5	registry-scope-sha256-v1	none
PHOTON-WINDOW-COORDINATES	EV-PHOTON-WINDOW-COORDINATES	REPRODUCTION	reproduce/photon-electron	87e70136fb135f1cca8c00612ef41bb64c03fb1b49d2ee7529cf6c4c6d3acea2	bundle-manifest-sha256-v1	two-architecture
PHOTON-UNIVERSAL-BIT	EV-PHOTON-UNIVERSAL-BIT	REPRODUCTION	reproduce/photon-electron	87e70136fb135f1cca8c00612ef41bb64c03fb1b49d2ee7529cf6c4c6d3acea2	bundle-manifest-sha256-v1	two-architecture
MONOPOLE-FIFTHS	EV-MONOPOLE-FIFTHS	REPRODUCTION	reproduce/photon-electron	87e70136fb135f1cca8c00612ef41bb64c03fb1b49d2ee7529cf6c4c6d3acea2	bundle-manifest-sha256-v1	two-architecture
MONOPOLE-COST	EV-MONOPOLE-COST	REPRODUCTION	reproduce/photon-electron	87e70136fb135f1cca8c00612ef41bb64c03fb1b49d2ee7529cf6c4c6d3acea2	bundle-manifest-sha256-v1	one-architecture
KAPPA-BOUNDS	EV-KAPPA-BOUNDS	REPRODUCTION	reproduce/photon-electron	87e70136fb135f1cca8c00612ef41bb64c03fb1b49d2ee7529cf6c4c6d3acea2	bundle-manifest-sha256-v1	two-architecture
KAPPA-SHAPES	EV-KAPPA-SHAPES	REPRODUCTION	reproduce/photon-electron	87e70136fb135f1cca8c00612ef41bb64c03fb1b49d2ee7529cf6c4c6d3acea2	bundle-manifest-sha256-v1	one-architecture
CENTER-SPLIT-RECIPROCITY	EV-CENTER-SPLIT-RECIPROCITY	REPRODUCTION	reproduce/photon-electron	87e70136fb135f1cca8c00612ef41bb64c03fb1b49d2ee7529cf6c4c6d3acea2	bundle-manifest-sha256-v1	two-architecture
CENTER-SPLIT-CLOSURE	EV-CENTER-SPLIT-CLOSURE	REPRODUCTION	reproduce/photon-electron	87e70136fb135f1cca8c00612ef41bb64c03fb1b49d2ee7529cf6c4c6d3acea2	bundle-manifest-sha256-v1	two-architecture
CENTER-SPLIT-SELECTION	EV-CENTER-SPLIT-SELECTION	REPRODUCTION	reproduce/photon-electron	87e70136fb135f1cca8c00612ef41bb64c03fb1b49d2ee7529cf6c4c6d3acea2	bundle-manifest-sha256-v1	recorded-audit
ELECTRON-G-RATIO	EV-ELECTRON-G-RATIO	REPRODUCTION	reproduce/photon-electron	87e70136fb135f1cca8c00612ef41bb64c03fb1b49d2ee7529cf6c4c6d3acea2	bundle-manifest-sha256-v1	two-architecture
ELECTRON-G-DOUBLE-COVER	EV-ELECTRON-G-DOUBLE-COVER	REPRODUCTION	reproduce/photon-electron	87e70136fb135f1cca8c00612ef41bb64c03fb1b49d2ee7529cf6c4c6d3acea2	bundle-manifest-sha256-v1	two-architecture
ELECTRON-G-TREE	EV-ELECTRON-G-TREE	REPRODUCTION	reproduce/photon-electron	87e70136fb135f1cca8c00612ef41bb64c03fb1b49d2ee7529cf6c4c6d3acea2	bundle-manifest-sha256-v1	recorded-audit
ELECTRON-SIGN-LAWS	EV-ELECTRON-SIGN-LAWS	REPRODUCTION	reproduce/photon-electron	87e70136fb135f1cca8c00612ef41bb64c03fb1b49d2ee7529cf6c4c6d3acea2	bundle-manifest-sha256-v1	two-architecture
ELECTRON-SIGN	EV-ELECTRON-SIGN	REPRODUCTION	reproduce/photon-electron	87e70136fb135f1cca8c00612ef41bb64c03fb1b49d2ee7529cf6c4c6d3acea2	bundle-manifest-sha256-v1	recorded-audit
PHOTON-WINDOW-PROOF	EV-PHOTON-WINDOW-PROOF	PUBLIC_PROBE	probes/P-PHOTON-KAPPA-LEMMA-1	b0f14e92c008fdd5fcdbc6f0960aac0e1b5b55bb85b1e05dd3945fa67b31f0d6	bundle-manifest-sha256-v1	two-architecture
PENTIT-ROOT-FACTS	EV-PENTIT-ROOT-FACTS	REPRODUCTION	reproduce/pentit-p5-closure	c5fdcd9781ef68345d99cb4868dc50088531fa03ef92a42902d58718d638808a	bundle-manifest-sha256-v1	two-architecture
PENTIT-ROOT-READING	EV-PENTIT-ROOT-READING	REPRODUCTION	reproduce/pentit-p5-closure	c5fdcd9781ef68345d99cb4868dc50088531fa03ef92a42902d58718d638808a	bundle-manifest-sha256-v1	recorded-audit
MAGIC-PRIME-GATE	EV-MAGIC-PRIME-GATE	REPRODUCTION	reproduce/pentit-p5-closure	c5fdcd9781ef68345d99cb4868dc50088531fa03ef92a42902d58718d638808a	bundle-manifest-sha256-v1	two-architecture
QUBIT-FROM-F5	EV-QUBIT-FROM-F5	REPRODUCTION	reproduce/pentit-p5-closure	c5fdcd9781ef68345d99cb4868dc50088531fa03ef92a42902d58718d638808a	bundle-manifest-sha256-v1	two-architecture
BELL-MAGIC-BOUNDARY	EV-BELL-MAGIC-BOUNDARY	PUBLIC_PROBE	probes/P-BELL-MAGIC-BOUNDARY-1	93fd7d77c575886c409175a00404c2f3815779a7d69d56b05dd93e11f835391e	bundle-manifest-sha256-v1	two-architecture
P5-ROOT-SELECTION	EV-P5-ROOT-SELECTION	REPRODUCTION	reproduce/pentit-p5-closure	c5fdcd9781ef68345d99cb4868dc50088531fa03ef92a42902d58718d638808a	bundle-manifest-sha256-v1	two-architecture
ENTROPY-LAYER-BRIDGE	EV-ENTROPY-LAYER-BRIDGE	PUBLIC_PROBE	probes/P-ENTROPY-BRIDGE-1	96cca583006f7090d094fd4a025a78e6ee4f98fb7627af7c880f829beafccb57	bundle-manifest-sha256-v1	two-architecture
ENTROPY-CYLINDER-CUT	EV-ENTROPY-CYLINDER-CUT	PUBLIC_PROBE	probes/P-ENTROPY-BRIDGE-2	950f20397d23f395730e408a2400804c8a8dded2ac1c5e515e86a2f96ebd5f29	bundle-manifest-sha256-v1	two-architecture
ENTROPY-LIFT-DEFECT	EV-ENTROPY-LIFT-DEFECT	PUBLIC_PROBE	probes/P-ENTROPY-BRIDGE-1	96cca583006f7090d094fd4a025a78e6ee4f98fb7627af7c880f829beafccb57	bundle-manifest-sha256-v1	two-architecture
ENTROPY-JOINT-CESARO-LAW	EV-ENTROPY-JOINT-CESARO-LAW	PUBLIC_PROBE	probes/P-ENTROPY-BRIDGE-1	96cca583006f7090d094fd4a025a78e6ee4f98fb7627af7c880f829beafccb57	bundle-manifest-sha256-v1	two-architecture
ENTROPY-BLOCK-HALVING	EV-ENTROPY-BLOCK-HALVING	PUBLIC_PROBE	probes/P-ENTROPY-BRIDGE-2	950f20397d23f395730e408a2400804c8a8dded2ac1c5e515e86a2f96ebd5f29	bundle-manifest-sha256-v1	two-architecture
ENTROPY-RG-RETURN	EV-ENTROPY-RG-RETURN	PUBLIC_PROBE	probes/P-ENTROPY-RG-RETURN-1	60eaf16454ab6b7523e76a38bfd6f7cb99eb06f80736e8b24fbcc8df844e2d1e	bundle-manifest-sha256-v1	two-architecture
ENTROPY-LIVING-SET	EV-ENTROPY-LIVING-SET	PUBLIC_PROBE	probes/P-ENTROPY-BRIDGE-3	e284f0144fce54463f785de28e13e89010992561246cfcbec22a13988d7492bc	bundle-manifest-sha256-v1	two-architecture
ENTROPY-UNIQUE-PAST	EV-ENTROPY-UNIQUE-PAST	PUBLIC_PROBE	probes/P-ENTROPY-BRIDGE-3	e284f0144fce54463f785de28e13e89010992561246cfcbec22a13988d7492bc	bundle-manifest-sha256-v1	two-architecture
ENTROPY-COUNT-MATCH	EV-ENTROPY-COUNT-MATCH	PUBLIC_PROBE	probes/P-ENTROPY-BRIDGE-3	e284f0144fce54463f785de28e13e89010992561246cfcbec22a13988d7492bc	bundle-manifest-sha256-v1	two-architecture
ENTROPY-PENTAGON-QUOTIENT	EV-ENTROPY-PENTAGON-QUOTIENT	PUBLIC_PROBE	probes/P-ENTROPY-BRIDGE-4	81186c9b2c948183a28fad39ceca9dd1ed8f2d83ed7b589edbbd985e76e55ff7	bundle-manifest-sha256-v1	two-architecture
ENTROPY-AFFINE-COCYCLE	EV-ENTROPY-AFFINE-COCYCLE	PUBLIC_PROBE	probes/P-ENTROPY-BRIDGE-4	81186c9b2c948183a28fad39ceca9dd1ed8f2d83ed7b589edbbd985e76e55ff7	bundle-manifest-sha256-v1	two-architecture
ENTROPY-COMPONENT-NOGO	EV-ENTROPY-COMPONENT-NOGO	PUBLIC_PROBE	probes/P-ENTROPY-BRIDGE-4	81186c9b2c948183a28fad39ceca9dd1ed8f2d83ed7b589edbbd985e76e55ff7	bundle-manifest-sha256-v1	two-architecture
ENTROPY-MIRROR-LAW	EV-ENTROPY-MIRROR-LAW	PUBLIC_PROBE	probes/P-ENTROPY-MIRROR-1	052c5a2c192152b1f61c698577d790bc4a87015d0f46f0f62f6fd1f6875f5d06	bundle-manifest-sha256-v1	two-architecture
CURVATURE-HISTORICAL-GAUSS-SPLIT	EV-CURVATURE-HISTORICAL-GAUSS-SPLIT	PUBLIC_PROBE	probes/P-CURVATURE-GAUSS-SPLIT-1	21469c9980d4b5f287760ab2bf919826b248f2bf750c78748bd220b39a14662d	bundle-manifest-sha256-v1	two-architecture
WALL-LI2-RUNG	EV-WALL-LI2-RUNG	INLINE_CANON	inline	520d79c7fb2fd2a3c1909877f1a7576ea61488be6652cf5c1a2a7541624b20cd	registry-scope-sha256-v1	none
PENTAGON-NORMALIZATION	EV-PENTAGON-NORMALIZATION	PUBLIC_PROBE	probes/P-PENTAGON-WEIL-1	e4a4710aec248917841546cd560f605742e41b25e709a1603da621aa250ae7d7	bundle-manifest-sha256-v1	two-architecture
J-LI-TORAL-HAAR-NOGO	EV-J-LI-TORAL-HAAR-NOGO	PUBLIC_PROBE	probes/P-J-LI-TORAL-HAAR-1	f313f2f064cd4031865f5b871ac73dd68367802e80a9e6235f591b5774be8a0e	bundle-manifest-sha256-v1	two-architecture
J-LI-E8-SHELL-MULTIPLICITY-NOGO	EV-J-LI-E8-SHELL-MULTIPLICITY-NOGO	PUBLIC_PROBE	probes/P-MCKAY-THETA-CARRIER-1	e683a57758fa8efb962cc544a7339953095a92ecfc7eb29e6a31eea4ac41a3bb	bundle-manifest-sha256-v1	two-architecture
MCKAY-THETA-FUNCTIONAL-CALCULUS-CARRIER	EV-MCKAY-THETA-FUNCTIONAL-CALCULUS-CARRIER	PUBLIC_PROBE	probes/P-MCKAY-THETA-CARRIER-1	e683a57758fa8efb962cc544a7339953095a92ecfc7eb29e6a31eea4ac41a3bb	bundle-manifest-sha256-v1	two-architecture
J-LI-LAMBDA-HAAR-HS-NOGO	EV-J-LI-LAMBDA-HAAR-HS-NOGO	PUBLIC_PROBE	probes/P-R2-LAMBDA-HAAR-1	811c41d0d1b1ec00fa1d114385c7915bd648dfea8c0e773ca41c292768156bdc	bundle-manifest-sha256-v1	two-architecture
LAMBDA-BOUNDARY-HS-KOOPMAN	EV-LAMBDA-BOUNDARY-HS-KOOPMAN	PUBLIC_PROBE	probes/P-R2-LAMBDA-HAAR-1	811c41d0d1b1ec00fa1d114385c7915bd648dfea8c0e773ca41c292768156bdc	bundle-manifest-sha256-v1	two-architecture
J-LI-LAMBDA-SHIFT-NOGO	EV-J-LI-LAMBDA-SHIFT-NOGO	PUBLIC_PROBE	probes/P-R2-SCALING-SHIFT-1	377cb9d78325895e0ef33abd26617428d6aa83dcb547cc8f11c001b846d871af	bundle-manifest-sha256-v1	two-architecture
LAMBDA-DISCRETE-SCALING-SINGLE-UNITARY-CARRIER	EV-LAMBDA-DISCRETE-SCALING-SINGLE-UNITARY-CARRIER	PUBLIC_PROBE	probes/P-R2-SCALING-SHIFT-1	377cb9d78325895e0ef33abd26617428d6aa83dcb547cc8f11c001b846d871af	bundle-manifest-sha256-v1	two-architecture
LAMBDA-COCYCLE-ANGLES	EV-LAMBDA-COCYCLE-ANGLES	PUBLIC_PROBE	probes/P-R2-LAMBDA-HAAR-1	811c41d0d1b1ec00fa1d114385c7915bd648dfea8c0e773ca41c292768156bdc	bundle-manifest-sha256-v1	two-architecture
LAMBDA-COCYCLE-BRANCH-COLLAPSE	EV-LAMBDA-COCYCLE-BRANCH-COLLAPSE	PUBLIC_PROBE	probes/P-LAMBDA-COCYCLE-ANGLES-1	6fa30375944a0c5ad2ed84705191552442dc1024b4248046a1382f5a0caf7710	bundle-manifest-sha256-v1	two-architecture
LAMBDA-COCYCLE-GRID-EQUIVALENCE	EV-LAMBDA-COCYCLE-GRID-EQUIVALENCE	PUBLIC_PROBE	probes/P-LAMBDA-COCYCLE-ANGLES-2	d721d7dea495f447f136a30fc310d99fee27b5fa3af7515c62fb662d120486f2	bundle-manifest-sha256-v1	two-architecture
O-R2-K-JUNCTION-PIN	EV-O-R2-K-JUNCTION-PIN	PUBLIC_PROBE	probes/P-R2-K-JUNCTION-PIN-1	4197268686fccc7474c848ffb166792100c7bc243c5463aacbe3c05212519e5d	bundle-manifest-sha256-v1	two-architecture
RAMIFIED-TM-LIFT	EV-RAMIFIED-TM-LIFT	PUBLIC_PROBE	probes/P-RAMIFIED-TM-LIFT-1	0125b93f2e0245ae880664ad96354399369c2488ad35030d88cd8e7c37a1f37d	bundle-manifest-sha256-v1	two-architecture
CARRY-J-CHECKPOINT	EV-CARRY-J-CHECKPOINT	PUBLIC_PROBE	probes/P-CARRY-J-CHECKPOINT-1	49b0dd11a5598ae21ce77b20319ae0e2d9a9711aa7d72982e7a0f4c96cf721e6	bundle-manifest-sha256-v1	two-architecture
KERNEL-Z6-SYNCHRONIZATION	EV-KERNEL-Z6-SYNCHRONIZATION	PUBLIC_PROBE	probes/P-KERNEL-Z6-SYNCHRONIZATION-1	7ac0cae9685575c8bd92f1c3f39603e0fc7a148fae5db80746fbcc1e5e4de1b9	bundle-manifest-sha256-v1	two-architecture
CARRY-PENTAD	EV-CARRY-PENTAD	PUBLIC_PROBE	probes/P-CARRY-PENTAD-1	d3098f84a71d9631f83e293f7b580d18e7dd383fba2e7d0eddcb8cad21a23a74	bundle-manifest-sha256-v1	two-architecture
METAL-TRACE-CASCADE	EV-METAL-TRACE-CASCADE	PUBLIC_PROBE	probes/P-METAL-TRACE-1	e21f41e812b6931b985861276151256e55251c07b998cbe7ea52b43bee88c0b9	bundle-manifest-sha256-v1	two-architecture
SQRT-PHI-DIGIT-LIFT	EV-SQRT-PHI-DIGIT-LIFT	PUBLIC_PROBE	probes/P-SQRT-PHI-DIGIT-1	c1fbb8c25e59723e40f62ff0cd2602663f1c512bd9a562b4bb4fa309714e86f1	bundle-manifest-sha256-v1	two-architecture
GOLDEN-SIX-LINE-SYM2-FRAME	EV-GOLDEN-SIX-LINE-SYM2-FRAME	PUBLIC_PROBE	probes/P-TM-SYM2-FRAME-1	c01530540a387bbc446d3b3fba5cc299f0502eb581fd13d1e3dccc214785c41c	bundle-manifest-sha256-v1	two-architecture
FIRED-COMMUTATOR-NOGO	EV-FIRED-COMMUTATOR-NOGO	PUBLIC_PROBE	probes/P-FIRED-COMMUTATOR-NOGO-1	9a9886a97c0608c34d6872529fcf325563f7e7e6091fd700206d31e496fbd495	bundle-manifest-sha256-v1	two-architecture
TIME-CUT-READING	EV-TIME-CUT-READING	INLINE_CANON	inline	4f1455918565d3a87602223bb72d189913da408963d0f25012468c857bc584c9	registry-scope-sha256-v1	none
QUANT-SCHWINGER-TARGET	EV-QUANT-SCHWINGER-TARGET	INLINE_CANON	inline	b5711187fef0a23569061a7f55ba28c6d1c7fb1e6db2c14d46e1829b2da5cf7b	registry-scope-sha256-v1	none
C20-TEICHMULLER-SPLIT	EV-C20-TEICHMULLER-SPLIT	PUBLIC_PROBE	probes/P-C20-TEICHMULLER-SPLIT-2	bca1d2850ed40871bc8304defca46ee33f84f31f71a7197b30dfdbc2ded4db90	bundle-manifest-sha256-v1	two-architecture
TM-SYM2-PROJECTIVE-FOURFOLD	EV-TM-SYM2-PROJECTIVE-FOURFOLD	PUBLIC_PROBE	probes/P-TM-SYM2-MEASURE-1	f943c0fc8412fd6f39a0d21a6e51fffe4bda2d06ad8ec78e41816e44a35b113d	bundle-manifest-sha256-v1	two-architecture
TM-SYM2-SEMILINEAR-TWOFOLD	EV-TM-SYM2-SEMILINEAR-TWOFOLD	PUBLIC_PROBE	probes/P-TM-SYM2-SEMILINEAR-GAUGE-1	016bd059695ed9eb9ba21f7f36c9bd1ef90798fc130816ef6537c971080cfa1a	bundle-manifest-sha256-v1	two-architecture
TM-SYM2-REVERSAL-CLOSURE	EV-TM-SYM2-REVERSAL-CLOSURE	PUBLIC_PROBE	probes/P-TM-SYM2-REVERSAL-CLOSURE-1	b329f3a65f821690e8ab1514b6ab2cc9c307ba05ebcccaf6c0d326bd36dc619e	bundle-manifest-sha256-v1	two-architecture
TM-SYM2-PHYSICAL-MEASURE	EV-TM-SYM2-PHYSICAL-MEASURE	PUBLIC_PROBE	probes/P-TM-SYM2-BORN-HALVING-1	acc598e670eb7e57f689a6ecc970438ce7211d1a097514a78847100e8871fa59	bundle-manifest-sha256-v1	two-architecture
WALL-CIRCLE-LEMMA	EV-WALL-CIRCLE-LEMMA	INLINE_CANON	inline	cebb794dec49cf9e425319fd6dc95db03385c4f3f6df3fe1133b95ffb769ab96	registry-scope-sha256-v1	none
METRO-FINITE-STATE-RATIONALITY	EV-METRO-FINITE-STATE-RATIONALITY	INLINE_CANON	inline	dd95c191eeb6cf04735d7ec3caae8fbe48a5411122427bfb536d2d5deeacff24	registry-scope-sha256-v1	none
METRO-REDUCTION-CALCULUS	EV-METRO-REDUCTION-CALCULUS	INLINE_CANON	inline	6cc54ceb510769393c558534ba5d72e371b23e7d06937a8ce56059b8610bece3	registry-scope-sha256-v1	none
METRO-ADMISSIBILITY-DIM	EV-METRO-ADMISSIBILITY-DIM	INLINE_CANON	inline	4607286c31d4fcc8142d1ee01f835f155737363a91a693516f41357deb2c9d31	registry-scope-sha256-v1	none
ENTROPY-CYLINDER-NOGO-CURSOR	EV-ENTROPY-CYLINDER-NOGO-CURSOR	PUBLIC_PROBE	probes/P-ENTROPY-CURSOR-CLOSURE-1	422ca1708e351b067f31134965f70d150194c4a6041be0351c9c131b3086f370	bundle-manifest-sha256-v1	two-architecture
C8-BILINEAR-SHADOW	EV-C8-BILINEAR-SHADOW	PUBLIC_PROBE	probes/P-C8-BILINEAR-SHADOW-2	72728a88f45af777656a39d313b79c8189e2dfa2fa587e08fac5bf02aa6b234d	bundle-manifest-sha256-v1	two-architecture
METRO-REDUCTION-ARROWS	EV-METRO-REDUCTION-ARROWS	PUBLIC_PROBE	probes/P-METRO-REDUCTION-ARROWS-4	7864cb2ea6a6939cc477efa89f005fd71943091b446866decfa5a4db9036e8c6	bundle-manifest-sha256-v1	one-architecture
DRIFT-IS-THE-READ	EV-DRIFT-IS-THE-READ	PUBLIC_PROBE	probes/P-BOOST-COHERENCE-1	0e2c9daaee5a7c189615f1941894015be2b9e59a71a1183cfc6ed207c9c8d083	bundle-manifest-sha256-v1	two-architecture
READ-REDUNDANCY-PRIME-SUPPORT	EV-READ-REDUNDANCY-PRIME-SUPPORT	PUBLIC_PROBE	probes/P-READ-REDUNDANCY-1	c20dfe7530804eeaf4ba81d60db9117da073676c6530c0b5cc3320b2ad244427	bundle-manifest-sha256-v1	two-architecture
COIN-SELECTION-CONDITIONAL	EV-COIN-SELECTION-CONDITIONAL	PUBLIC_PROBE	probes/P-BOOST-COHERENCE-1	0e2c9daaee5a7c189615f1941894015be2b9e59a71a1183cfc6ed207c9c8d083	bundle-manifest-sha256-v1	two-architecture
COIN-MINIMAL-READ	EV-COIN-MINIMAL-READ	PUBLIC_PROBE	probes/P-BOOST-COHERENCE-1	0e2c9daaee5a7c189615f1941894015be2b9e59a71a1183cfc6ed207c9c8d083	bundle-manifest-sha256-v1	two-architecture
MINIMAL-READ-DERIVATION	EV-MINIMAL-READ-DERIVATION	PUBLIC_PROBE	probes/P-BOOST-COHERENCE-1	0e2c9daaee5a7c189615f1941894015be2b9e59a71a1183cfc6ed207c9c8d083	bundle-manifest-sha256-v1	two-architecture
PHOTON-KAPPA-LEMMA	EV-PHOTON-KAPPA-LEMMA	PUBLIC_PROBE	probes/P-PHOTON-KAPPA-LEMMA-1	b0f14e92c008fdd5fcdbc6f0960aac0e1b5b55bb85b1e05dd3945fa67b31f0d6	bundle-manifest-sha256-v1	two-architecture
TM-SYM2-SPECTRAL-COHERENCE	EV-TM-SYM2-SPECTRAL-COHERENCE	PUBLIC_PROBE	probes/P-TM-SYM2-SPECTRAL-COHERENCE-1	22662135d6e5e6a7cd6729690a98f6c2998bcedd24f8cd696feb5cc16d81e60c	bundle-manifest-sha256-v1	two-architecture
CM-ALTERNATING-PENCIL	EV-CM-ALTERNATING-PENCIL	PUBLIC_PROBE	probes/P-CM-ALTERNATING-PENCIL-1	74e15b610ef60afab903b241ff550febd08ce6ca8a685f0b1be698e1528163ed	bundle-manifest-sha256-v1	two-architecture
TM-HANKEL-DIVISOR-BRIDGE	EV-TM-HANKEL-DIVISOR-BRIDGE	PUBLIC_PROBE	probes/P-TM-HANKEL-K3-TRANSFER-1	364f459aee2910edc27e3fa7c85e692f0a8f93cf7c17e7bc0771daa334b53592	bundle-manifest-sha256-v1	two-architecture
TM-HANKEL-SQUAREFUL-RANK-NOGO	EV-TM-HANKEL-SQUAREFUL-RANK-NOGO	PUBLIC_PROBE	probes/P-TM-HANKEL-K3-TRANSFER-1	364f459aee2910edc27e3fa7c85e692f0a8f93cf7c17e7bc0771daa334b53592	bundle-manifest-sha256-v1	two-architecture
TM-HANKEL-EXTREMAL-WITT-SKELETON	EV-TM-HANKEL-EXTREMAL-WITT-SKELETON	PUBLIC_PROBE	probes/P-TM-HANKEL-K3-TRANSFER-1	364f459aee2910edc27e3fa7c85e692f0a8f93cf7c17e7bc0771daa334b53592	bundle-manifest-sha256-v1	two-architecture
TM-HANKEL-K2-TRANSFER	EV-TM-HANKEL-K2-TRANSFER	PUBLIC_PROBE	probes/P-TM-HANKEL-K3-TRANSFER-1	364f459aee2910edc27e3fa7c85e692f0a8f93cf7c17e7bc0771daa334b53592	bundle-manifest-sha256-v1	two-architecture
TM-HANKEL-K3-UNIVERSAL-TRANSFER	EV-TM-HANKEL-K3-UNIVERSAL-TRANSFER	PUBLIC_PROBE	probes/P-TM-HANKEL-K3-TRANSFER-1	364f459aee2910edc27e3fa7c85e692f0a8f93cf7c17e7bc0771daa334b53592	bundle-manifest-sha256-v1	two-architecture
TM-HANKEL-K3-TWO-SCALAR-CLASSIFICATION	EV-TM-HANKEL-K3-TWO-SCALAR-CLASSIFICATION	PUBLIC_PROBE	probes/P-TM-HANKEL-K3-TRANSFER-1	364f459aee2910edc27e3fa7c85e692f0a8f93cf7c17e7bc0771daa334b53592	bundle-manifest-sha256-v1	two-architecture
TM-HANKEL-K3-QUADRATIC-INVARIANT-SUFFICIENCY	EV-TM-HANKEL-K3-QUADRATIC-INVARIANT-SUFFICIENCY	PUBLIC_PROBE	probes/P-TM-HANKEL-K3-TRANSFER-1	364f459aee2910edc27e3fa7c85e692f0a8f93cf7c17e7bc0771daa334b53592	bundle-manifest-sha256-v1	two-architecture
ARITHMETIC-RAPIDITY-DECOMPOSITION	EV-ARITHMETIC-RAPIDITY-DECOMPOSITION	PUBLIC_PROBE	probes/P-ARITH-RAPIDITY-1	e053d4950e368c7815f6df723b4dde316c6bb5a17d4f8d62f8fcee8eeb105fda	bundle-manifest-sha256-v1	two-architecture
SPLIT-PRIME-RAPIDITY-CLASS	EV-SPLIT-PRIME-RAPIDITY-CLASS	PUBLIC_PROBE	probes/P-ARITH-RAPIDITY-1	e053d4950e368c7815f6df723b4dde316c6bb5a17d4f8d62f8fcee8eeb105fda	bundle-manifest-sha256-v1	two-architecture
SPLIT-PRIME-RAPIDITY-CONSTRUCTION-AGREEMENT	EV-SPLIT-PRIME-RAPIDITY-CONSTRUCTION-AGREEMENT	PUBLIC_PROBE	probes/P-ARITH-RAPIDITY-1	e053d4950e368c7815f6df723b4dde316c6bb5a17d4f8d62f8fcee8eeb105fda	bundle-manifest-sha256-v1	two-architecture
SPLIT-PRIME-RAPIDITY-INDEPENDENCE	EV-SPLIT-PRIME-RAPIDITY-INDEPENDENCE	PUBLIC_PROBE	probes/P-SPLIT-PRIME-INDEPENDENCE-1	8c293da2f9b3af5d96e20fea472be19676d18328350bb2c0800ed68de2e7ffbf	bundle-manifest-sha256-v1	two-architecture
REDUCED-SPLIT-GENERATOR-HEIGHT	EV-REDUCED-SPLIT-GENERATOR-HEIGHT	PUBLIC_PROBE	probes/P-SPLIT-PRIME-INDEPENDENCE-1	8c293da2f9b3af5d96e20fea472be19676d18328350bb2c0800ed68de2e7ffbf	bundle-manifest-sha256-v1	two-architecture
SPLIT-PRIME-RAPIDITY-QUANTITATIVE-SEPARATION	EV-SPLIT-PRIME-RAPIDITY-QUANTITATIVE-SEPARATION	PUBLIC_PROBE	probes/P-SPLIT-RAPIDITY-QUANTITATIVE-SEPARATION-1	ea59451558e513f16ee471b3bf9ccddfa0bc6e1cabbed70d27809cedfeb25ecb	bundle-manifest-sha256-v1	two-architecture
SPLIT-RAPIDITY-FEJER-GRAM-BOUND	EV-SPLIT-RAPIDITY-FEJER-GRAM-BOUND	PUBLIC_PROBE	probes/P-SPLIT-RAPIDITY-QUANTITATIVE-SEPARATION-1	ea59451558e513f16ee471b3bf9ccddfa0bc6e1cabbed70d27809cedfeb25ecb	bundle-manifest-sha256-v1	two-architecture
SUZUKI-LOCAL-CAPACITY-NOGO	EV-SUZUKI-LOCAL-CAPACITY-NOGO	PUBLIC_PROBE	probes/P-SUZUKI-LOCAL-CAPACITY-NOGO-1	0891418a788e7e2d1d4795af8883020dbcd78c7ea2f9f9fefb41b055131deb65	bundle-manifest-sha256-v1	two-architecture
SUZUKI-PRIME-FREE-WINDOW	EV-SUZUKI-PRIME-FREE-WINDOW	PUBLIC_PROBE	probes/P-SUZUKI-LOCAL-CAPACITY-NOGO-1	0891418a788e7e2d1d4795af8883020dbcd78c7ea2f9f9fefb41b055131deb65	bundle-manifest-sha256-v1	two-architecture
SUZUKI-EVENT-COUNT	EV-SUZUKI-EVENT-COUNT	PUBLIC_PROBE	probes/P-SUZUKI-LOCAL-CAPACITY-NOGO-1	0891418a788e7e2d1d4795af8883020dbcd78c7ea2f9f9fefb41b055131deb65	bundle-manifest-sha256-v1	two-architecture
QDD-ALGEBRAIC-FACTORIZATION	EV-QDD-ALGEBRAIC-FACTORIZATION	REPRODUCTION	reproduce/qdd-route-a	897f18e27e822a96ece61048cb17d4a5488b267d014f2bb10787f1a56edc8c6a	bundle-manifest-sha256-v1	two-architecture
QDD-PROJECTOR-PAIR-TR4	EV-QDD-PROJECTOR-PAIR-TR4	REPRODUCTION	reproduce/qdd-route-a	897f18e27e822a96ece61048cb17d4a5488b267d014f2bb10787f1a56edc8c6a	bundle-manifest-sha256-v1	two-architecture
QDD-QCARRIER-DIAGONAL-BOUNDARY	EV-QDD-QCARRIER-DIAGONAL-BOUNDARY	REPRODUCTION	reproduce/qdd-route-a	897f18e27e822a96ece61048cb17d4a5488b267d014f2bb10787f1a56edc8c6a	bundle-manifest-sha256-v1	two-architecture
QDD-INSTRUMENT-NONSELECTION	EV-QDD-INSTRUMENT-NONSELECTION	PUBLIC_PROBE	probes/P-QDD-INSTRUMENT-NONSELECTION-1	d49930ce735413cb58601d85d697b6dc049e5571f50cdf16d837206db26727e2	bundle-manifest-sha256-v1	two-architecture
QDD-INSTRUMENT-APPARATUS	EV-QDD-INSTRUMENT-APPARATUS	INLINE_CANON	inline	0b10264cce9764c2e1dbddb91166aef061af041b8db73226445377801cd902d1	registry-scope-sha256-v1	none
TM-SHEET-SYNCHRONIZING-GRAPH	EV-TM-SHEET-SYNCHRONIZING-GRAPH	PUBLIC_PROBE	probes/P-TM-SHEET-SYNCHRONIZING-GRAPH-1	dee04378fda73e3297799740db426a4c930d0ce29257330a662e999713f94303	bundle-manifest-sha256-v1	two-architecture
QPAIR-DET-AREA-SLOT-COMPARISON	EV-QPAIR-DET-AREA-SLOT-COMPARISON	PUBLIC_PROBE	probes/P-QPAIR-RELATIONAL-AREA-1	5c02838a8d0bfe822fd30d703b6b0dad71cc459cbede3b9347ed8dfccd25a47f	bundle-manifest-sha256-v1	two-architecture
QPAIR-DET-AREA-PLACE-PAIR	EV-QPAIR-DET-AREA-PLACE-PAIR	PUBLIC_PROBE	probes/P-QPAIR-RELATIONAL-AREA-1	5c02838a8d0bfe822fd30d703b6b0dad71cc459cbede3b9347ed8dfccd25a47f	bundle-manifest-sha256-v1	two-architecture
PISTON-2X2-RESHAPE-WEDGE	EV-PISTON-2X2-RESHAPE-WEDGE	PUBLIC_PROBE	probes/P-PISTON-RELATIONAL-WEDGE-1	680d4ea3a134d3523f67260b64d21720f4ed5777b36c055b9d23ae3f4c00d2b8	bundle-manifest-sha256-v1	two-architecture
QDD-TR4-OCCURRENCE-WEIGHT-WEDGE-BLIND	EV-QDD-TR4-OCCURRENCE-WEIGHT-WEDGE-BLIND	PUBLIC_PROBE	probes/P-PISTON-RELATIONAL-WEDGE-1	680d4ea3a134d3523f67260b64d21720f4ed5777b36c055b9d23ae3f4c00d2b8	bundle-manifest-sha256-v1	two-architecture
PISTON-WEDGE-LIFT-CENSUS	EV-PISTON-WEDGE-LIFT-CENSUS	PUBLIC_PROBE	probes/P-PISTON-RELATIONAL-WEDGE-1	680d4ea3a134d3523f67260b64d21720f4ed5777b36c055b9d23ae3f4c00d2b8	bundle-manifest-sha256-v1	two-architecture
PURE-QUBIT-RELATIONAL-AREA	EV-PURE-QUBIT-RELATIONAL-AREA	PUBLIC_PROBE	probes/P-PURE-QUBIT-RELATIONAL-GEOMETRY-2	bcfc2d7c1552fb4b42e64f4bca7a3025415893152129aea67a45585f6d15320e	bundle-manifest-sha256-v1	two-architecture
PURE-QUBIT-LOCAL-RELATION-PYTHAGORAS	EV-PURE-QUBIT-LOCAL-RELATION-PYTHAGORAS	PUBLIC_PROBE	probes/P-PURE-QUBIT-RELATIONAL-GEOMETRY-2	bcfc2d7c1552fb4b42e64f4bca7a3025415893152129aea67a45585f6d15320e	bundle-manifest-sha256-v1	two-architecture
PURE-QUBIT-RELATIONAL-CHSH	EV-PURE-QUBIT-RELATIONAL-CHSH	PUBLIC_PROBE	probes/P-PURE-QUBIT-RELATIONAL-GEOMETRY-2	bcfc2d7c1552fb4b42e64f4bca7a3025415893152129aea67a45585f6d15320e	bundle-manifest-sha256-v1	two-architecture
PURE-QUBIT-RELATIONAL-READING	EV-PURE-QUBIT-RELATIONAL-READING	PUBLIC_PROBE	probes/P-PURE-QUBIT-RELATIONAL-GEOMETRY-2	bcfc2d7c1552fb4b42e64f4bca7a3025415893152129aea67a45585f6d15320e	bundle-manifest-sha256-v1	two-architecture
BELL-CAUSAL-ACCOUNTING	EV-BELL-CAUSAL-ACCOUNTING	INLINE_CANON	inline	7636da742da5f742878764eeef2c6a2a56591dc92d23d22c5177aed5a4f6e1fc	registry-scope-sha256-v1	none
DQRC-INTEGER-CENSUS-ARITHMETIC	EV-DQRC-INTEGER-CENSUS-ARITHMETIC	PUBLIC_PROBE	probes/P-DQRC-ARITHMETIC-RECONSTRUCTION-1	25af7d719a244e4d877cf364736f9f9d0c4d0d45ff07a3611f7ff39b1679ee4b	bundle-manifest-sha256-v1	two-architecture
DQRC-HORODECKI-REENCODING	EV-DQRC-HORODECKI-REENCODING	PUBLIC_PROBE	probes/P-DQRC-ARITHMETIC-RECONSTRUCTION-1	25af7d719a244e4d877cf364736f9f9d0c4d0d45ff07a3611f7ff39b1679ee4b	bundle-manifest-sha256-v1	two-architecture
DQRC-H-COEFFICIENT-NONSELECTION	EV-DQRC-H-COEFFICIENT-NONSELECTION	PUBLIC_PROBE	probes/P-DQRC-ARITHMETIC-RECONSTRUCTION-1	25af7d719a244e4d877cf364736f9f9d0c4d0d45ff07a3611f7ff39b1679ee4b	bundle-manifest-sha256-v1	two-architecture
DQRC-ORIGIN-NONSELECTION	EV-DQRC-ORIGIN-NONSELECTION	PUBLIC_PROBE	probes/P-DQRC-ARITHMETIC-RECONSTRUCTION-1	25af7d719a244e4d877cf364736f9f9d0c4d0d45ff07a3611f7ff39b1679ee4b	bundle-manifest-sha256-v1	two-architecture
DQRC-MAXIMAL-SECTOR-FIELD-BOUNDARY	EV-DQRC-MAXIMAL-SECTOR-FIELD-BOUNDARY	PUBLIC_PROBE	probes/P-DQRC-ARITHMETIC-RECONSTRUCTION-1	25af7d719a244e4d877cf364736f9f9d0c4d0d45ff07a3611f7ff39b1679ee4b	bundle-manifest-sha256-v1	two-architecture
DE-W-CONSTANT	EV-DE-W-CONSTANT	PUBLIC_PROBE	probes/P-DE-W-ARMING-2	de047b7352a06cfa2ab5a71f128bc9f57bef41c9be4456af3ddc21e2863b5f17	bundle-manifest-sha256-v1	two-architecture
J-LI-PENTAGON-DILATION-DEFICIENCY	EV-J-LI-PENTAGON-DILATION-DEFICIENCY	PUBLIC_PROBE	probes/P-PENTAGON-ONLY-DILATIONS-1	6ac195fbe217d35951c5c3b036a3c6f3e842000f17a2702446b51ce303101a2d	bundle-manifest-sha256-v1	two-architecture
PENTAGON-ONLY-DILATIONS	EV-PENTAGON-ONLY-DILATIONS	PUBLIC_PROBE	probes/P-PENTAGON-ONLY-DILATIONS-1	6ac195fbe217d35951c5c3b036a3c6f3e842000f17a2702446b51ce303101a2d	bundle-manifest-sha256-v1	two-architecture
J-LI-CYCLIC-CARRIER-DIMENSION	EV-J-LI-CYCLIC-CARRIER-DIMENSION	PUBLIC_PROBE	probes/P-J-LI-CARRIER-NOGO-1	67b2a979ed1e871e5f6c56867dcca4d727821a0599820812bc0898d05e78219b	bundle-manifest-sha256-v1	two-architecture
KERNEL-SUBSET-LANDSCAPE	EV-KERNEL-SUBSET-LANDSCAPE	PUBLIC_PROBE	probes/P-KERNEL-SUBSET-LANDSCAPE-1	fe149d5d97addf714ab471bcded880c0a4dc18166c62c1b8c02e7fd4ba64599c	bundle-manifest-sha256-v1	two-architecture
J-TORAL-ENTROPY	EV-J-TORAL-ENTROPY	PUBLIC_PROBE	probes/P-ENTROPY-RESIDUE-MATH-1	299820ba97ecf0bcef85e33a22cf71784d4fc385a65ae674a4834c705bbc1a97	bundle-manifest-sha256-v1	two-architecture
TM-ENTROPY-ZERO	EV-TM-ENTROPY-ZERO	PUBLIC_PROBE	probes/P-ENTROPY-RESIDUE-MATH-1	299820ba97ecf0bcef85e33a22cf71784d4fc385a65ae674a4834c705bbc1a97	bundle-manifest-sha256-v1	two-architecture
BINARY-READ-RELATIVE-ENTROPY	EV-BINARY-READ-RELATIVE-ENTROPY	PUBLIC_PROBE	probes/P-ENTROPY-RESIDUE-MATH-1	299820ba97ecf0bcef85e33a22cf71784d4fc385a65ae674a4834c705bbc1a97	bundle-manifest-sha256-v1	two-architecture
J-MAHLER-MEASURE	EV-J-MAHLER-MEASURE	PUBLIC_PROBE	probes/P-TWOLOGPHI-INVARIANTS-1	78267f36a457c99965cb1f0caa3115b487a9d294a5d709664a4a99a47a8f2d5d	bundle-manifest-sha256-v1	two-architecture
REGULATOR-TWO-LOG-PHI	EV-REGULATOR-TWO-LOG-PHI	PUBLIC_PROBE	probes/P-TWOLOGPHI-INVARIANTS-1	78267f36a457c99965cb1f0caa3115b487a9d294a5d709664a4a99a47a8f2d5d	bundle-manifest-sha256-v1	two-architecture
CYCLOTOMIC-CLASS-NUMBER-ONE	EV-CYCLOTOMIC-CLASS-NUMBER-ONE	PUBLIC_PROBE	probes/P-TWOLOGPHI-INVARIANTS-1	78267f36a457c99965cb1f0caa3115b487a9d294a5d709664a4a99a47a8f2d5d	bundle-manifest-sha256-v1	two-architecture
J-TORAL-PERIODIC-POINTS	EV-J-TORAL-PERIODIC-POINTS	PUBLIC_PROBE	probes/P-TWOLOGPHI-INVARIANTS-1	78267f36a457c99965cb1f0caa3115b487a9d294a5d709664a4a99a47a8f2d5d	bundle-manifest-sha256-v1	two-architecture
METRO-FORBIDDEN-WITNESSES	EV-METRO-FORBIDDEN-WITNESSES	PUBLIC_PROBE	probes/P-METRO-FORBIDDEN-WITNESSES-1	790cb07fd16082b29f25855dae763db5f1f7c2962175bc9988b545fed53782a2	bundle-manifest-sha256-v1	two-architecture
TRACEKERNEL-RESIDUAL-FORM	EV-TRACEKERNEL-RESIDUAL-FORM	PUBLIC_PROBE	probes/P-TRACEKERNEL-EXTERIOR-CLOSURE-1	d21649fa77828dc5368b1a8bafeee3b644d5642fa17eb6d209b46b23b35facb6	bundle-manifest-sha256-v1	two-architecture
TRACEKERNEL-HOME-DIMENSION	EV-TRACEKERNEL-HOME-DIMENSION	PUBLIC_PROBE	probes/P-TRACEKERNEL-EXTERIOR-CLOSURE-1	d21649fa77828dc5368b1a8bafeee3b644d5642fa17eb6d209b46b23b35facb6	bundle-manifest-sha256-v1	two-architecture
TRACEKERNEL-F5-HODGE-BRACKET	EV-TRACEKERNEL-F5-HODGE-BRACKET	PUBLIC_PROBE	probes/P-TRACEKERNEL-EXTERIOR-CLOSURE-1	d21649fa77828dc5368b1a8bafeee3b644d5642fa17eb6d209b46b23b35facb6	bundle-manifest-sha256-v1	two-architecture
TRACEKERNEL-F5-AUTOMORPHISM-BOUNDARY	EV-TRACEKERNEL-F5-AUTOMORPHISM-BOUNDARY	PUBLIC_PROBE	probes/P-TRACEKERNEL-EXTERIOR-CLOSURE-1	d21649fa77828dc5368b1a8bafeee3b644d5642fa17eb6d209b46b23b35facb6	bundle-manifest-sha256-v1	two-architecture
TRACEKERNEL-CURVATURE-FORCING	EV-TRACEKERNEL-CURVATURE-FORCING	PUBLIC_PROBE	probes/P-TRACEKERNEL-EXTERIOR-CLOSURE-1	d21649fa77828dc5368b1a8bafeee3b644d5642fa17eb6d209b46b23b35facb6	bundle-manifest-sha256-v1	two-architecture
QDD-J-AFFINE-APPARATUS-NONSELECTION	EV-QDD-J-AFFINE-APPARATUS-NONSELECTION	PUBLIC_PROBE	probes/P-QDD-J-AFFINE-APPARATUS-1	c533652710c6a3cea58ee40473233b46ab64cdfbae4f0a6ee17e6733ecc035d2	bundle-manifest-sha256-v1	two-architecture
QDD-J-CENTRALIZER-NONSELECTION	EV-QDD-J-CENTRALIZER-NONSELECTION	PUBLIC_PROBE	probes/P-QDD-J-CENTRALIZER-TERMINALITY-1	f13fbcd080aa618c6896fe00c0b2157514b97beeb446cd1b49f8928e6789cd3e	bundle-manifest-sha256-v1	two-architecture
QDD-J-TERMINALITY-SELECTION	EV-QDD-J-TERMINALITY-SELECTION	PUBLIC_PROBE	probes/P-QDD-J-CENTRALIZER-TERMINALITY-1	f13fbcd080aa618c6896fe00c0b2157514b97beeb446cd1b49f8928e6789cd3e	bundle-manifest-sha256-v1	two-architecture
QDD-FRESH-RECORD-EXTENSION	EV-QDD-FRESH-RECORD-EXTENSION	PUBLIC_PROBE	probes/P-QDD-FRESH-RECORD-NOFEEDBACK-2	9b2cf5cfeb18f6c1b68a526b8d6f88c9e4b1ddfc72a3576e401357e2f4336b49	bundle-manifest-sha256-v1	two-architecture
QDD-PROJECTIVE-IDEMPOTENCE-NONIMPLICATION	EV-QDD-PROJECTIVE-IDEMPOTENCE-NONIMPLICATION	PUBLIC_PROBE	probes/P-QDD-FRESH-RECORD-NOFEEDBACK-2	9b2cf5cfeb18f6c1b68a526b8d6f88c9e4b1ddfc72a3576e401357e2f4336b49	bundle-manifest-sha256-v1	two-architecture
QDD-RECORD-SUFFICIENCY-TERMINALITY	EV-QDD-RECORD-SUFFICIENCY-TERMINALITY	PUBLIC_PROBE	probes/P-QDD-FRESH-RECORD-NOFEEDBACK-2	9b2cf5cfeb18f6c1b68a526b8d6f88c9e4b1ddfc72a3576e401357e2f4336b49	bundle-manifest-sha256-v1	two-architecture
QDD-RECORD-COMPLETE-LUEDER-SELECTION	EV-QDD-RECORD-COMPLETE-LUEDER-SELECTION	PUBLIC_PROBE	probes/P-QDD-RECORD-COMPLETE-STABILIZER-1	d8f756317e7394c41a589fa69143bb4ac7d32c69ccddfb4cfe8fa2f5257a6322	bundle-manifest-sha256-v1	two-architecture
QDD-LAW-NATURALITY-VS-GAUGE-BOUNDARY	EV-QDD-LAW-NATURALITY-VS-GAUGE-BOUNDARY	PUBLIC_PROBE	probes/P-QDD-RECORD-NATURALITY-FORK-1	135951e6ad63f7ef0825ce63557e22e7e8a1301c0ca58c583b7756782fc2673d	bundle-manifest-sha256-v1	two-architecture
J-BINARY-NORM-INDEX	EV-J-BINARY-NORM-INDEX	PUBLIC_PROBE	probes/P-J-BINARY-NORM-INDEX-1	626f598fb7a4cdd331208d28c60ed9fc15d9ac6412ecc003c5bf4dd0dfc4682e	bundle-manifest-sha256-v1	two-architecture
J-BINARY-NORM-ORDER-CENSUS	EV-J-BINARY-NORM-ORDER-CENSUS	PUBLIC_PROBE	probes/P-J-BINARY-NORM-INDEX-1	626f598fb7a4cdd331208d28c60ed9fc15d9ac6412ecc003c5bf4dd0dfc4682e	bundle-manifest-sha256-v1	two-architecture
RECORD-QUOTIENT-CALCULUS	EV-RECORD-QUOTIENT-CALCULUS	PUBLIC_PROBE	probes/P-RECORD-QUOTIENT-CALCULUS-1	5b0c0a4327539b7426de78bb54f03d525c32c94673c5113ce1c009bb274e92ff	bundle-manifest-sha256-v1	two-architecture
J-ODD-MOTOR-MEDIATED-BRIDGE	EV-J-ODD-MOTOR-MEDIATED-BRIDGE	PUBLIC_PROBE	probes/P-J-ODD-MOTOR-MEDIATED-BRIDGE-COVERAGE-2	f6b2ca8bf117ee709eba29356b4e5ad61e60801c1975e5405cab1fefbbaa624b	bundle-manifest-sha256-v1	two-architecture
