# format	twist_endpoint_blocks_v1
# status	NON-CANONICAL floating-point engineering diagnostic
# L	4
# k	1
# chain	1
# seed	202609274101
# replicas	9
# warmup_sweeps	512
# production_sweeps	4096
# block_length	128
# start	hot,s=0
# chain_initial	hot0
# beta_ladder	0,0.125,0.25,0.375,0.5,0.625,0.75,0.875,1
# endpoint_proposal_probability	0.5
# action_density	minus_sum_logW_divided_by_6L4
# sampling	every_production_sweep_after_local_endpoint_and_exchange_updates
L	k	chain	block	n	n0	sumT	sumT2	sumY0	sumY0sq	sum_action	sum_action2	target_flip_attempts	target_flip_accepts	target_endpoint_changes	swap_attempts	swap_accepts	min_swap_accept	roundtrips
4	1	1	0	128	109	12.471669007596259	10.583365020044502	-1.4045482140739216	8.4806770107463719	-148.85347718940272	173.12483977176204	68	2	2	512	3	0	0
4	1	1	1	128	105	18.012153165861717	15.478568544675098	5.602868523210836	10.860798740922259	-148.46210408070991	172.21612477075764	61	5	5	512	4	0	0
4	1	1	2	128	99	21.50551114795105	18.893884947002782	4.7665995527724624	6.369457053616407	-149.10453860960705	173.70904872771573	70	2	3	512	1	0	0
4	1	1	3	128	128	0	0	1.314327780297834	8.8547041571341663	-149.01351802482292	173.49604445658291	57	0	0	512	0	0	0
4	1	1	4	128	101	21.599456897888187	20.942415854462272	1.0280268092872456	9.6370712345730837	-148.54127165421377	172.39726492841416	67	4	4	512	0	0	0
4	1	1	5	128	105	16.035003009766619	12.258210486472597	-4.4986098259696349	8.1994384660188066	-148.69730566427694	172.76087935839937	63	2	2	512	0	0	0
4	1	1	6	128	61	50.074567530259307	43.791808236504089	2.2647869143684051	8.5805994340840401	-148.36286694814899	171.98460706420884	60	4	5	512	3	0	0
4	1	1	7	128	81	34.821638163345914	29.23954258894091	-1.6006287513084219	7.7758890235391695	-148.50446174216265	172.31173843493945	62	4	5	512	3	0	0
4	1	1	8	128	104	18.559590613577621	16.787743246316438	-2.9812072355262339	8.641038141214004	-148.83366089369775	173.08545398103297	66	0	2	512	2	0	0
4	1	1	9	128	119	7.7093921532094273	7.7495174510956263	0.57959621493224196	9.3438312198283131	-148.91627704935201	173.26775742262202	63	2	2	512	2	0	0
4	1	1	10	128	110	12.957916854815949	10.440291200728325	-2.9219508045173222	9.3478530554739375	-148.68185567239968	172.72036793885163	63	3	5	512	3	0	0
4	1	1	11	128	77	39.549823081029107	34.414079044528184	-3.5664619361068256	6.6655698081080527	-148.40521144863405	172.08318167075873	64	3	4	512	1	0	0
4	1	1	12	128	95	24.339772070404167	20.559205724855189	-1.547030805947857	7.1289382684598279	-148.63593688546006	172.61578720092359	61	2	3	512	2	0	0
4	1	1	13	128	128	0	0	-5.9554201981414035	14.244693952543869	-148.32431186477934	171.90389522902898	69	0	0	512	3	0	0
4	1	1	14	128	66	46.812717809370832	41.015226732012446	-4.7792523113318759	5.9965790031273622	-148.828611065198	173.06864135748363	60	4	4	512	0	0	0
4	1	1	15	128	128	0	0	3.1420010716079307	9.9249010714885422	-148.46340034720447	172.22404993146131	61	0	0	512	3	0	0
4	1	1	16	128	71	41.160574039185061	36.636294191188834	-1.3143277802978336	6.4338855779321647	-148.30171194977964	171.8473159877046	61	3	5	512	2	0	0
4	1	1	17	128	36	77.706414919280989	73.601309488760415	1.8459845355178583	3.3395118286143059	-148.38419101321238	172.0341963614835	56	0	2	512	2	0	0
4	1	1	18	128	88	34.312017968494699	32.782001823157175	-0.15513535043334852	7.6444304999055513	-148.65019454837674	172.65114500652636	60	1	1	512	3	0	0
4	1	1	19	128	72	42.531030316555342	37.050919107810024	-1.1775036740722472	6.0867981482453227	-148.41886725311328	172.11987565545987	69	3	5	512	4	0	0
4	1	1	20	128	62	48.852990735449446	40.644765163189522	0.19741632449721858	5.5987881629900939	-148.59228430772375	172.51936421716058	74	2	2	512	0	0	0
4	1	1	21	128	72	45.577152468738838	43.624210825287556	-0.8545802146461353	7.0533220683611781	-148.2928300163058	171.82470473674032	65	5	5	512	4	0	0
4	1	1	22	128	74	38.449289699948954	31.528612168688626	1.7684168603011845	3.5709247940454233	-148.52367120142313	172.35926387022384	56	3	4	512	1	0	0
4	1	1	23	128	37	70.289720627768634	62.447389022962003	1.6006287513084222	3.2066329443371679	-148.44215524795082	172.1773952752655	68	2	3	512	3	0	0
4	1	1	24	128	93	27.716409337149421	23.597264704894647	1.6795322137878146	9.2017915868210114	-148.71943718526466	172.82197392858793	78	5	7	512	5	0	0
4	1	1	25	128	87	31.346591425464343	26.792445112396118	1.2367601050811593	9.1874599065464717	-148.62616127466195	172.59779468842086	71	4	6	512	3	0	0
4	1	1	26	128	80	36.282912256716867	31.352824514996659	1.4398349152267265	4.8384611354525262	-148.49825814023707	172.30071542249373	58	6	7	512	1	0	0
4	1	1	27	128	61	53.366045466652238	47.307372579863165	-1.6429097253722918	4.7854595332046006	-148.77293708401851	172.94524271260484	64	1	2	512	5	0	0
4	1	1	28	128	99	21.003482608235482	16.444103104325844	-1.4694631307311822	9.237285485842919	-148.65142863782469	172.6519551585962	59	3	4	512	3	0	0
4	1	1	29	128	0	98.025038591350399	84.581393097347036	0	0	-149.03999087791436	173.5582029060088	59	0	0	512	2	0	0
4	1	1	30	128	112	13.404414279683652	12.056897073031233	-0.2270445400016756	11.258589581059528	-148.69591634363278	172.76259635809164	71	3	3	512	1	0	0
4	1	1	31	128	44	63.065978939554312	54.98961473852955	-2.2577926414573382	2.6605144622093053	-148.58099502218914	172.49488884890028	62	6	8	512	2	0	0
# swap_edge	0	2048	2
# swap_edge	1	2048	0
# swap_edge	2	2048	2
# swap_edge	3	2048	5
# swap_edge	4	2048	6
# swap_edge	5	2048	2
# swap_edge	6	2048	0
# swap_edge	7	2048	54
# replica_roundtrips	0	0
# replica_roundtrips	1	0
# replica_roundtrips	2	0
# replica_roundtrips	3	0
# replica_roundtrips	4	0
# replica_roundtrips	5	0
# replica_roundtrips	6	0
# replica_roundtrips	7	0
# replica_roundtrips	8	0
# completion	PASS
