# format	twist_cut_transport_blocks_v1
# status	NON-CANONICAL floating-point engineering diagnostic
# L	4
# k	1
# base	0
# chain	0
# seed	202609284100
# replicas	65
# warmup_sweeps	2048
# production_sweeps	16384
# block_length	128
# chain_initial	cold0
# cut	all_01_plaquettes_x0_equals_0
# sheet_orbits	all_x1_slices_every_replica_every_sweep
# lambda_ladder	0,0.015625,0.03125,0.046875,0.0625,0.078125,0.09375,0.109375,0.125,0.140625,0.15625,0.171875,0.1875,0.203125,0.21875,0.234375,0.25,0.265625,0.28125,0.296875,0.3125,0.328125,0.34375,0.359375,0.375,0.390625,0.40625,0.421875,0.4375,0.453125,0.46875,0.484375,0.5,0.515625,0.53125,0.546875,0.5625,0.578125,0.59375,0.609375,0.625,0.640625,0.65625,0.671875,0.6875,0.703125,0.71875,0.734375,0.75,0.765625,0.78125,0.796875,0.8125,0.828125,0.84375,0.859375,0.875,0.890625,0.90625,0.921875,0.9375,0.953125,0.96875,0.984375,1
# endpoint_proposal_probability	0.5
# action_density	minus_native_sum_logW_divided_by_6L4
# sampling	every_production_sweep_after_local_sheet_endpoint_and_exchange_updates
L	k	base	chain	block	n	n0	sumT	sumT2	sumY0	sumY0sq	sumPosT	sumNegT	sumW1	sumW0	sumM1	sumM0	sumP1	sumP0	nTpos	nTneg	target_T_sign_changes	sum_action	sum_action2	target_flip_attempts	target_flip_accepts	target_endpoint_changes	swap_attempts	swap_accepts	min_swap_accept	roundtrips
4	1	0	0	0	128	90	30.564517782611115	27.327538677587949	5.3109090665519001	6.4926006412140058	30.564517782611115	0	-0.5	0.875	0.9375	0.875	0.4375	1.75	38	0	0	-148.53591954628259	172.38377948131003	59	4	29	4096	3848	0.796875	0
4	1	0	0	1	128	65	47.742335147521759	42.340485395957538	1.923552210734533	5.6320158886743365	47.774493914738099	0.032158767216339264	-0.6875	0.25	1.375	1.0625	0.625	1.3125	62	1	2	-148.56572793365733	172.45668309508487	65	5	38	4096	3845	0.765625	0
4	1	0	0	2	128	78	38.524326823453745	34.436687238686942	3.9782700420463054	4.3948665516644333	38.556485590670084	0.032158767216339347	-0.625	0.3125	1	0.8125	0.375	1.125	49	1	2	-148.51622397687616	172.34193603644213	65	4	35	4096	3848	0.828125	3
4	1	0	0	3	128	92	30.778312181828796	30.904799329873652	2.3057321011695571	6.7205663189488732	31.013545759190701	0.2352335773619055	-0.125	0.1875	0.75	1.1875	0.625	1.375	35	1	2	-148.77467044458078	172.94581780565607	73	4	30	4096	3839	0.796875	5
4	1	0	0	4	128	88	32.071200783982403	29.853249430673331	2.8373888563895813	5.4567485299827903	32.407971766417092	0.33677098243468884	-0.625	0.25	0.8125	1	0.1875	1.25	39	1	2	-148.70939287256281	172.79112279081798	58	2	32	4096	3877	0.8125	10
4	1	0	0	5	128	82	36.168124710860087	30.912935676265652	-4.9343876617652244	6.529243636134665	36.168124710860087	0	-0.25	-0.6875	0.625	1.25	0.375	0.5625	46	0	0	-148.46566292861395	172.22409125938228	73	2	33	4096	3869	0.84375	8
4	1	0	0	6	128	78	38.249342823739851	32.448278947768882	-1.0929417259445057	6.33193622754177	38.249342823739851	0	-0.8125	0.0625	1.0625	1.5	0.25	1.5625	50	0	0	-148.62215579951649	172.58754116030688	67	2	31	4096	3838	0.78125	7
4	1	0	0	7	128	65	49.749113519121314	46.466475432478393	-1.7627583746528362	7.6719127460960461	50.040475593555668	0.29136207443435384	-0.75	-0.625	1.375	1.6875	0.625	1.0625	61	2	4	-148.69685540924051	172.76334160806207	66	3	30	4096	3854	0.84375	9
4	1	0	0	8	128	76	38.663084099166633	34.409942299292686	0.10719589072113087	6.8620314040068022	38.986604940817326	0.32352084165069288	-0.875	-0.25	1.375	1.3125	0.5	1.0625	49	3	4	-148.52229141395215	172.34990107455888	61	2	33	4096	3890	0.84375	11
4	1	0	0	9	128	89	26.906640648279039	20.962384508332648	-3.1420010716079304	6.656983607327262	26.906640648279039	0	-0.8125	-0.25	1.0625	1.3125	0.25	1.0625	39	0	0	-148.59308358068716	172.52075702512003	65	0	31	4096	3839	0.765625	12
4	1	0	0	10	128	82	36.221722656220653	31.863707555463451	-0.1847635659378055	8.8684292709994985	36.221722656220653	0	-0.375	0.3125	0.75	1.5	0.375	1.8125	46	0	0	-148.32629848869466	171.90233590542988	62	4	26	4096	3891	0.828125	12
4	1	0	0	11	128	89	25.84332713783899	22.686637361262713	-1.6429097253722918	8.1381539461946954	26.407142660275354	0.56381552243636401	-0.9375	-0.3125	1.3125	1.6875	0.375	1.4375	38	1	2	-148.5965276076714	172.53190256532284	73	4	27	4096	3861	0.84375	13
4	1	0	0	12	128	76	40.40187274396336	34.801566443728504	1.5653420501556173	5.4899762556670322	40.40187274396336	0	-0.3125	0.375	0.8125	0.4375	0.5	0.8125	52	0	0	-148.81939234739519	173.04533416639241	72	4	26	4096	3857	0.8125	13
4	1	0	0	13	128	77	36.07358157869837	29.703029339161305	2.1928777248000796	9.0310885932646307	36.0817706160586	0.0081890373602302308	-0.4375	0.6875	0.9375	1	0.5	1.6875	50	1	2	-148.616769186688	172.57191411249416	64	6	29	4096	3843	0.796875	7
4	1	0	0	14	128	94	25.90824205449625	22.969142934892123	2.0434008600150774	8.0622664813512745	26.268982766787047	0.36074071229079774	-0.5625	0.5625	0.8125	1.125	0.25	1.6875	33	1	2	-148.58129139624191	172.49396915587936	62	6	28	4096	3878	0.859375	12
4	1	0	0	15	128	87	30.163429265743749	27.9341757345626	-1.5174025904433999	6.3525559167995991	30.620646279683565	0.45721701393981527	-0.875	-0.25	1.3125	1.1875	0.4375	1	37	4	8	-148.62096709835161	172.58488073264499	74	2	28	4096	3875	0.875	12
4	1	0	0	16	128	65	46.475946826936142	39.430118537853686	-0.66282237579726437	5.0941803241226603	46.812717809370831	0.33677098243468906	-0.8125	0.125	1.4375	1.0625	0.625	1.1875	62	1	2	-148.56575653317688	172.4585660797467	69	3	34	4096	3852	0.828125	8
4	1	0	0	17	128	79	39.291217156035675	35.399032968002278	-2.5990273450912119	6.1996318912140065	39.291217156035675	0	-0.4375	-0.6875	0.875	1.875	0.4375	1.1875	49	0	0	-148.58797520293583	172.50837470323163	66	2	34	4096	3860	0.8125	13
4	1	0	0	18	128	90	22.684209586472461	54.323419472126615	6.5110466832175375	10.11274444814667	29.918073481534312	7.2338638950618508	-2.25	0.5625	2.6875	1.375	0.4375	1.875	36	2	2	-148.54600469210201	172.41782886791706	49	2	27	4096	3854	0.828125	8
4	1	0	0	19	128	80	37.674807712231374	34.67123140122577	-0.72907307971724396	5.0151488547875933	37.674807712231374	0	-0.375	-0.3125	1.25	1.4375	0.875	1.125	48	0	0	-148.74128093800208	172.86164450663812	70	3	24	4096	3845	0.8125	11
4	1	0	0	20	128	79	41.388215961411318	38.922701639293524	4.2053145820479807	7.7223128733418691	41.388215961411318	0	0	0.375	0.625	0.9375	0.5625	1.3125	49	0	0	-148.6862555537552	172.73556135511126	67	5	26	4096	3846	0.8125	10
4	1	0	0	21	128	73	43.429086269714512	37.862214406850821	-2.8909868017501471	5.3954640101586777	43.429086269714512	0	-0.75	-0.125	1.0625	1.0625	0.3125	0.9375	55	0	0	-149.05969142532818	173.60474786243027	62	5	28	4096	3834	0.8125	12
4	1	0	0	22	128	82	35.821231521577868	32.042693466596017	1.8939239952300761	6.0865268835005506	36.104404558651992	0.28317303707412345	-0.625	0.4375	1.4375	0.9375	0.8125	1.375	45	1	2	-148.43709951407271	172.16480835115401	69	3	31	4096	3834	0.8125	9
4	1	0	0	23	128	82	35.767633576217301	29.592701015815225	-3.2491969623290622	8.3712585370141058	35.767633576217301	0	-0.5	0	0.9375	1.125	0.4375	1.125	46	0	0	-148.58064507689229	172.49041554235481	65	2	34	4096	3861	0.828125	12
4	1	0	0	24	128	83	34.7604485628497	29.980689498940067	0.50768702536391641	5.7259535862333166	34.7604485628497	0	-0.4375	0	0.875	1.25	0.4375	1.3125	45	0	0	-148.77868545289952	172.95165445538477	57	3	32	4096	3864	0.8125	13
4	1	0	0	25	128	74	41.83664655576632	36.408038037633295	3.9782700420463056	6.23198178574427	41.86880532298266	0.032158767216339264	-0.625	0.3125	1.0625	0.6875	0.4375	1	53	1	2	-148.89105507447126	173.2113389385886	50	2	36	4096	3850	0.828125	11
4	1	0	0	26	128	73	42.56318908377168	39.407088770621706	-1.4877743749389439	7.3024819833032497	42.56318908377168	0	-0.625	-0.4375	1.5	1.25	0.875	0.8125	55	0	0	-148.71367067740731	172.79722869907982	58	5	33	4096	3849	0.796875	9
4	1	0	0	27	128	69	43.904017145637507	39.418391355994474	-0.78832951072615581	7.3494348228528235	43.904017145637507	0	-1	0.0625	1.5	1.375	0.5	1.4375	59	0	0	-148.54719204305433	172.4141526414675	65	4	33	4096	3857	0.796875	10
4	1	0	0	28	128	88	29.556735387018933	27.350772649231817	1.6965076707328578	9.4781304647489718	29.770529786236612	0.21379439921767946	-0.5625	0.1875	1.1875	1.625	0.625	1.8125	38	2	4	-148.44441420156501	172.18060509497846	60	2	34	4096	3874	0.78125	12
4	1	0	0	29	128	85	33.355302966551199	29.909324953666795	0.053597945360565315	7.3904029366237106	33.590536543913104	0.23523357736190562	-0.3125	-0.125	0.9375	1.375	0.625	1.25	42	1	2	-148.78031757635216	172.95857333970424	59	0	27	4096	3863	0.8125	15
4	1	0	0	30	128	90	27.476114656363751	24.446438366163641	4.8624784721968976	6.7128259308622297	27.588371650508647	0.11225699414489627	-0.875	0.5	1.375	0.9375	0.5	1.4375	36	2	4	-148.7238670163515	172.82680942584935	73	3	28	4096	3864	0.8125	10
4	1	0	0	31	128	65	44.55239461620161	35.687676956017572	-2.1379439921767947	5.7156437416044009	44.787628193563516	0.23523357736190573	-1.0625	0.25	1.375	0.5625	0.3125	0.8125	62	1	2	-148.8591910533859	173.13994572725573	56	4	38	4096	3886	0.875	12
4	1	0	0	32	128	82	34.482934011423925	29.392670818938386	-1.9658331847984035	5.3802865171899939	34.616630183713048	0.13369617228912245	-0.9375	-0.625	1.125	1.4375	0.1875	0.8125	45	1	2	-148.84228003064524	173.10106000131429	63	1	33	4096	3851	0.8125	12
4	1	0	0	33	128	69	45.8458806005798	40.965381941640098	-3.088403126247366	8.1776696808622293	45.87803936779614	0.032158767216339069	-0.4375	-0.375	1.0625	1.4375	0.625	1	58	1	2	-148.3665106672411	171.99996474779065	59	5	27	4096	3852	0.796875	12
4	1	0	0	34	128	73	41.804487788549981	36.034199264860229	-1.8699542653739669	6.5352603803731847	41.86061628562243	0.056128497072448137	-0.75	-0.375	1.0625	1.3125	0.3125	0.9375	54	1	2	-148.54412065550889	172.40854206587945	65	4	26	4096	3855	0.78125	14
4	1	0	0	35	128	64	45.977046221157041	38.788463051013787	-2.3297018310256652	3.5734942505876938	45.977046221157041	0	-1.625	-0.25	2.4375	0.9375	0.8125	0.6875	64	0	0	-148.56812895749923	172.46679170916922	64	4	35	4096	3848	0.8125	12
4	1	0	0	36	128	86	33.948746704492018	30.292021191965419	6.7507439817786268	7.7919123292019993	33.948746704492018	0	-0.3125	1.1875	0.75	0.5	0.4375	1.6875	42	0	0	-148.92210210645967	173.28322908351158	58	2	36	4096	3830	0.796875	8
4	1	0	0	37	128	72	38.761493570302951	30.829732419822033	3.1306841003112355	8.0364758605490717	39.076825374593413	0.31533180429046253	-1.3125	0.75	1.6875	0.9375	0.375	1.6875	54	2	2	-148.38517774468611	172.04033539739231	68	1	40	4096	3833	0.796875	10
4	1	0	0	38	128	76	40.509068634684492	37.766747842750414	-3.6863105853873705	8.2589993419947962	40.666734536829723	0.15766590214523118	-0.5625	-0.875	1.1875	1.9375	0.625	1.0625	51	1	2	-148.50129367267287	172.30826217686626	68	3	34	4096	3848	0.859375	8
4	1	0	0	39	128	81	35.890610159434312	31.241040789134004	-2.0307481014556631	5.8213116444358165	35.890610159434312	0	-0.75	0	1.1875	1.25	0.4375	1.25	47	0	0	-148.54231330714327	172.40040341228015	61	5	32	4096	3872	0.8125	15
4	1	0	0	40	128	79	41.698486662278015	41.093843031966256	-3.0827446405990189	7.0610624564478224	41.95768996949603	0.25920330721801466	-0.25	-0.625	1.0625	1.3125	0.8125	0.6875	48	1	2	-148.69266112537209	172.75522145167605	55	5	37	4096	3877	0.8125	14
4	1	0	0	41	128	87	27.355668624858623	21.653124887394017	-0.59790745914000454	8.4826719193392674	27.355668624858623	0	-1.3125	-0.5	1.5625	1.75	0.25	1.25	41	0	0	-148.55122156255382	172.42845590572984	66	2	31	4096	3872	0.796875	8
4	1	0	0	42	128	72	42.303985776553666	36.049443818161799	-0.55562648507613377	7.0627861002959469	42.469840716059128	0.16585493950546144	-0.8125	-0.125	1.25	1.3125	0.4375	1.1875	54	2	4	-148.60393534931288	172.54175844672955	70	7	36	4096	3870	0.84375	11
4	1	0	0	43	128	77	43.671911502212067	43.252756515720778	-1.5470308059478561	7.6893884308622294	43.680100539572297	0.0081890373602303834	0.3125	-0.0625	0.5625	1.375	0.875	1.3125	50	1	2	-148.68188199433679	172.72554913649607	68	4	31	4096	3834	0.78125	11
4	1	0	0	44	128	80	35.745597015848494	29.712895376227877	4.8681369578452453	6.4636660159201586	35.745597015848494	0	-0.375	0.25	0.875	0.75	0.5	1	48	0	0	-148.72132712723559	172.81909905291519	70	5	27	4096	3849	0.8125	10
4	1	0	0	45	128	81	35.93854961914653	30.756267483471175	4.4619873375541127	6.0329507333032499	35.93854961914653	0	-0.625	0.25	1.1875	1.25	0.5625	1.5	47	0	0	-148.66323988861639	172.68531863993186	72	3	38	4096	3862	0.796875	11
4	1	0	0	46	128	72	44.729566527003767	40.289962603318376	-0.47805880985946035	4.8295716514671327	44.737755564363997	0.0081890373602304251	-0.3125	-0.1875	0.875	1.125	0.5625	0.9375	55	1	2	-148.69759250515651	172.76417218286137	61	0	36	4096	3870	0.859375	12
4	1	0	0	47	128	90	28.509799951299343	25.513159354640678	5.7340341437880756	7.6564639883825896	28.509799951299343	0	-0.5625	0.125	1.0625	1.1875	0.5	1.3125	38	0	0	-148.52390177063376	172.36124930320651	61	3	31	4096	3856	0.84375	12
4	1	0	0	48	128	78	36.678342287935887	29.778000550698951	-2.5567463710273406	8.1266950056670317	36.734470785008335	0.056128497072448109	-0.9375	-0.3125	1.375	1.4375	0.4375	1.125	49	1	2	-148.66752267146819	172.69536394163841	54	1	34	4096	3841	0.84375	9
4	1	0	0	49	128	62	51.570530942558481	46.288657828320475	-0.22704454000167529	5.2382468841826904	51.570530942558481	0	-0.625	-0.0625	1.0625	0.9375	0.4375	0.9375	66	0	0	-148.75737589901628	172.90054153408278	62	3	35	4096	3836	0.8125	8
4	1	0	0	50	128	71	42.140661388760087	36.291173031913798	0.49637005406722064	7.3079241795923947	42.140661388760087	0	-0.75	0.5	1.375	0.875	0.625	1.3125	57	0	0	-148.46195247730894	172.21100464800911	56	4	35	4096	3870	0.828125	11
4	1	0	0	51	128	70	45.745537959956183	43.08838297671271	3.7455670163962829	5.4808155069368681	45.935362629317754	0.1898246693615705	-1.1875	0.5	1.875	0.625	0.6875	1.125	56	2	4	-148.66512983058737	172.69233589019542	59	3	37	4096	3855	0.828125	13
4	1	0	0	52	128	77	36.341571305501198	29.539731432027135	1.7501056160934232	7.2709779014671319	36.397699802573646	0.056128497072448137	-1.0625	0.0625	1.1875	1.1875	0.1875	1.25	50	1	2	-148.61673468179017	172.58066403800882	58	2	36	4096	3853	0.8125	12
4	1	0	0	53	128	88	25.787198640766541	20.696572486829418	1.1535339442161385	5.033199087503152	26.078560715200895	0.29136207443435367	-1.125	0.625	1.25	0.875	0.125	1.5	38	2	4	-148.89462345554864	173.22243209694015	60	4	26	4096	3883	0.84375	9
4	1	0	0	54	128	89	21.732555687952725	48.674844151991872	-1.0746304817367451	6.320780570218709	28.637837637940118	6.9052819499873923	-2.125	0.375	2.5	1.0625	0.375	1.4375	37	2	2	-148.7078410651325	172.78411873162278	73	5	33	4096	3862	0.828125	13
4	1	0	0	55	128	91	30.770123144468565	30.055740578194534	0.58525470058059047	7.1647354506863421	31.02932645168658	0.25920330721801454	-0.1875	-0.0625	1	1.375	0.8125	1.3125	36	1	2	-148.43233424886958	172.15602779065367	49	2	25	4096	3845	0.8125	12
4	1	0	0	56	128	83	38.003987039530415	35.491403376868028	-1.7980450758056408	7.9514276469754859	38.003987039530415	0	-0.1875	-0.1875	0.6875	1	0.5	0.75	45	0	0	-148.6714409978427	172.70696123398242	63	5	30	4096	3874	0.84375	14
4	1	0	0	57	128	100	23.012791531546921	21.634873473679798	-2.3593300465301223	7.7197434167995977	23.012791531546921	0	-0.1875	-0.0625	0.6875	1.4375	0.5	1.375	28	0	0	-148.47905686393838	172.25929925446023	71	3	25	4096	3858	0.84375	15
4	1	0	0	58	128	96	22.071857222099298	17.968013050069277	-0.0056584856483485463	7.056769356057427	22.080046259459528	0.0081890373602303834	-0.6875	0.25	1.0625	1.1875	0.375	1.4375	31	1	2	-148.70447693132945	172.77852376843515	72	3	20	4096	3862	0.796875	10
4	1	0	0	59	128	64	47.280057030158177	43.296495267032593	1.6725379408767484	4.8897070753924953	48.065855989172451	0.78579895901427368	-0.875	0.125	1.625	0.8125	0.75	0.9375	60	4	6	-148.53336919662274	172.38149045730156	64	1	27	4096	3878	0.84375	12
4	1	0	0	60	128	73	41.643693952468286	36.797159785859734	-0.9970628065200703	6.0166241444358165	41.643693952468286	0	-0.375	0.3125	0.9375	1	0.5625	1.25	55	0	0	-148.59109560655974	172.51527088324882	65	4	33	4096	3860	0.8125	11
4	1	0	0	61	128	79	32.713919768898159	24.963903271713138	-1.7204774005889666	6.2491862057656834	32.713919768898159	0	-1.4375	-0.25	1.8125	1.9375	0.375	1.6875	49	0	0	-148.18410276361392	171.57345200894899	69	3	32	4096	3855	0.765625	10
4	1	0	0	62	128	66	47.715237483729185	42.548038969125205	1.696507670732857	6.8179192857442696	47.950471061091091	0.23523357736190562	-0.1875	0.1875	1.0625	0.6875	0.875	0.875	61	1	2	-148.6058325468742	172.54939794396054	61	2	27	4096	3858	0.84375	14
4	1	0	0	63	128	62	45.877441985571557	40.447211747754196	-2.5327766411712323	6.380612710939468	46.043296925077019	0.16585493950546163	-1.4375	-0.25	2.1875	1.25	0.75	1	64	2	4	-148.4529234956003	172.19451673866384	63	4	32	4096	3866	0.8125	11
4	1	0	0	64	128	86	29.342940987801253	23.944486255247264	-1.1648509155128322	6.3471137205104539	29.484826197450605	0.14188520964935246	-0.9375	-0.125	1.0625	1.25	0.125	1.125	40	2	4	-148.90285088671173	173.23803184169499	74	6	35	4096	3830	0.796875	12
4	1	0	0	65	128	74	39.638110345317895	34.229184895055006	3.154653830167344	8.3864360299827886	40.007040094968923	0.36892974965102786	-1.0625	0.8125	1.875	1.125	0.8125	1.9375	52	2	4	-148.50924379612959	172.32621524834551	69	2	30	4096	3858	0.78125	15
4	1	0	0	66	128	92	25.378518468763525	22.432108714056351	0.50768702536391507	9.1250262908236093	25.840796586127107	0.46227811736358104	-0.4375	0	0.6875	1.75	0.3125	1.75	35	1	2	-148.46537153256856	172.22800631796522	57	3	27	4096	3851	0.84375	8
4	1	0	0	67	128	94	28.94304723538305	28.120132708525739	-5.5322951209052281	9.0766210721706824	28.975206002599389	0.032158767216339236	-0.0625	-1.1875	0.4375	1.875	0.375	0.6875	33	1	2	-148.58026155406813	172.49541951040732	61	3	28	4096	3880	0.828125	10
4	1	0	0	68	128	75	38.427850521804727	32.184535298883401	-3.0884031262473657	5.3547991795923958	38.427850521804727	0	-1	-0.375	1.5	1.375	0.5	1	53	0	0	-148.38269049944394	172.02984267389799	64	2	33	4096	3873	0.859375	14
4	1	0	0	69	128	90	30.09911173131107	26.287546797708013	0.19175783884887085	5.8236098362333157	30.09911173131107	0	-0.125	0.5	0.5625	1.1875	0.4375	1.6875	38	0	0	-148.94808159381412	173.34367450523664	75	1	31	4096	3839	0.84375	9
4	1	0	0	70	128	93	29.167561223672843	28.016737382723958	1.0450022662322884	8.4692180702187076	29.301257395961965	0.13369617228912248	-0.3125	-0.1875	0.6875	1.375	0.375	1.25	34	1	2	-148.52947584197299	172.37670731635595	66	6	24	4096	3849	0.8125	11
4	1	0	0	71	128	88	28.122558957440555	24.558589055285042	3.1899405313201482	7.3800930919947949	28.710344209733028	0.5877852522924728	-1.125	0.375	1.375	1.0625	0.25	1.4375	39	1	2	-148.37778409138373	172.02540211990931	63	2	28	4096	3829	0.84375	12
4	1	0	0	72	128	85	30.983320161461661	25.841775335404261	-0.32292345942611069	4.9750585721706849	31.117016333750784	0.13369617228912231	-0.9375	-0.3125	1.25	1.125	0.3125	0.8125	42	1	2	-148.85342589574103	173.12531914715761	59	4	32	4096	3867	0.84375	12
4	1	0	0	73	128	82	34.805857470850036	33.075098290130982	-1.7021661563812049	8.0424926047875917	35.495180128215292	0.68932265736525633	-0.625	0.0625	1.125	1.25	0.5625	1.25	45	1	2	-148.71191597291501	172.79112613732408	55	0	30	4096	3825	0.765625	10
4	1	0	0	74	128	82	38.270782001884078	34.85204946210437	3.2082517755279095	7.7609827953152558	38.270782001884078	0	-0.0625	0.6875	0.625	1.1875	0.5625	1.875	46	0	0	-148.60444187601796	172.54210071879561	65	3	36	4096	3844	0.765625	13
4	1	0	0	75	128	94	29.576241395675858	29.147609227080016	2.2577926414573392	7.3442959097682829	29.576241395675858	0	0	0.0625	0.5625	1.0625	0.5625	1.125	34	0	0	-148.92731669932891	173.29902530199187	71	2	26	4096	3864	0.84375	9
4	1	0	0	76	128	81	36.678939670160468	34.557331453488378	-0.047939459712217386	7.9877993771513741	37.071839149667605	0.39289947950713686	-0.8125	-0.125	1.4375	1.6875	0.625	1.5625	45	2	4	-148.41695689458346	172.11193240042591	66	3	33	4096	3883	0.828125	10
4	1	0	0	77	128	78	34.086309215755741	26.43165818361181	1.947521940590642	5.8740099634791386	34.548587333119322	0.46227811736358093	-0.8125	0.3125	1.125	0.75	0.3125	1.0625	49	1	2	-148.79607803062066	172.99724008008956	69	6	40	4096	3836	0.8125	11
4	1	0	0	78	128	75	43.594941209219974	38.584465271440276	-1.6725379408767491	7.9648814960960461	43.594941209219974	0	-0.5	-0.125	0.875	1.25	0.375	1.125	53	0	0	-148.79963687852489	172.99750863851207	68	4	32	4096	3838	0.8125	11
4	1	0	0	79	128	83	35.268135588213618	32.880867825696845	0.35255167493056811	6.7025160862333157	35.40183176050274	0.13369617228912242	-0.4375	0.125	1.0625	1.3125	0.625	1.4375	44	1	2	-148.71560735787346	172.80272712006839	66	2	37	4096	3864	0.8125	11
4	1	0	0	80	128	72	40.529910430604134	34.748529799607524	-1.8812712366706637	7.8451851961946956	40.663606602893257	0.13369617228912242	-0.9375	0.125	1.4375	1.4375	0.5	1.5625	55	1	2	-148.41844196980108	172.11590446428347	62	3	37	4096	3885	0.828125	12
4	1	0	0	81	128	79	37.295755755732815	32.351975998079515	1.899582480878424	7.4837660862333152	37.295755755732815	0	-0.875	0.1875	1.3125	0.9375	0.4375	1.125	49	0	0	-148.69385800949769	172.75134070561704	64	2	32	4096	3831	0.796875	10
4	1	0	0	82	128	83	28.30732252337836	48.909921416915054	1.7614225873901182	7.438233607327261	34.306956865070933	5.9996343416925736	-2.4375	-0.4375	2.8125	1.125	0.375	0.6875	42	3	4	-148.93418340936766	173.30886527209818	63	3	30	4096	3897	0.875	15
4	1	0	0	83	128	91	28.30925569286566	23.258654970090686	-4.581835986834657	11.968213198146668	28.30925569286566	0	-0.25	-0.5625	0.5	1.75	0.25	1.1875	37	0	0	-148.79133545955901	172.98271934642796	64	4	28	4096	3848	0.84375	14
4	1	0	0	84	128	67	49.30008554254173	44.398540991992717	0.58525470058058999	4.2688502243199602	49.30008554254173	0	-0.25	-0.0625	1.1875	0.875	0.9375	0.8125	61	0	0	-148.73006471289905	172.840645385467	69	4	38	4096	3856	0.828125	12
4	1	0	0	85	128	75	42.609195373996599	38.601758986283697	-2.3593300465301225	4.5572225907249619	42.609195373996599	0	-0.6875	-0.0625	1.125	1.0625	0.4375	1.0625	53	0	0	-148.29910532845086	171.84001817971243	68	2	25	4096	3843	0.828125	12
4	1	0	0	86	128	76	39.475383339748899	37.100387150952914	0.81229924058226597	8.8990555216816391	39.924411316328484	0.44902797657958497	-0.875	0	1.3125	1.1875	0.4375	1.1875	49	3	5	-148.60540000797177	172.55672366800873	65	4	27	4096	3858	0.84375	10
4	1	0	0	87	128	80	35.171659286564598	30.11667094214383	0.5909131862289381	6.9164533668982493	35.171659286564598	0	-0.8125	-0.3125	1.25	1.875	0.4375	1.5625	48	0	1	-148.20817687044611	171.63418118265433	66	4	27	4096	3870	0.8125	16
4	1	0	0	88	128	74	39.38709607546011	33.275932854136946	-3.0051769653823438	8.7097597659201582	39.443224572532558	0.05612849707244822	-1.1875	-0.6875	1.625	1.625	0.4375	0.9375	53	1	2	-148.36992474449342	172.00739482516871	68	2	34	4096	3881	0.828125	13
4	1	0	0	89	128	74	45.229661897232036	42.944415495445398	-3.775195231900739	5.4203767998069023	45.229661897232036	0	-0.25	-0.3125	1	1.125	0.75	0.8125	54	0	0	-148.57481048661013	172.48271542610575	67	8	29	4096	3862	0.828125	12
4	1	0	0	90	128	83	33.996088781979654	29.11744599503612	2.5863745865317969	12.057283247365879	33.996088781979654	0	-0.3125	0.125	0.8125	1.5	0.5	1.5625	45	0	0	-148.55363346978113	172.43192531652976	63	4	31	4096	3868	0.84375	14
4	1	0	0	91	128	79	38.227903645595627	38.088963928354054	1.9418634549422939	8.3454999346717348	38.909634647825235	0.6817310022296077	-0.5625	0.5625	1.0625	1.25	0.5	1.8125	46	3	6	-148.49752104432132	172.29987380834454	49	3	40	4096	3861	0.84375	11
4	1	0	0	92	128	79	37.720216620231711	33.081587480112936	-1.9292106963828805	8.8873253164092027	37.75237538744805	0.032158767216339305	-0.5625	0	1.1875	1.4375	0.625	1.4375	48	1	2	-148.43818427770294	172.16475672446458	64	3	24	4096	3846	0.828125	9
4	1	0	0	93	128	98	23.605637887263158	20.575452446005802	-4.1700278808951762	11.637452357327262	23.605637887263158	0	-0.3125	-0.8125	0.5625	2.3125	0.25	1.5	30	0	0	-148.55726402790514	172.44775988679977	66	3	24	4096	3865	0.828125	15
4	1	0	0	94	128	76	41.900964090198999	38.018295244311992	-1.319986265946181	9.242727682132065	41.900964090198999	0	-0.375	0	0.9375	1.875	0.5625	1.875	52	0	0	-148.3260738248618	171.90490977302215	62	3	28	4096	3858	0.75	13
4	1	0	0	95	128	77	39.878405026103566	35.57570485654019	3.3690456116096063	4.9532897870141059	39.942722560536245	0.064317534432678521	-0.3125	0.3125	1	1	0.6875	1.3125	49	2	4	-149.01780671305341	173.50765948333189	59	2	32	4096	3849	0.796875	14
4	1	0	0	96	128	78	37.114120123731476	33.934013651771483	-2.9036395603095608	6.4101218841826902	37.67793564616784	0.56381552243636412	-1.125	-0.6875	1.6875	2	0.5625	1.25	49	1	2	-148.35243911262303	171.96382178332805	67	3	39	4096	3865	0.78125	11
4	1	0	0	97	128	67	45.225936581070987	37.946637199804822	-0.75304280957335229	5.2147544551779877	45.225936581070987	0	-0.8125	-0.375	1.5	0.9375	0.6875	0.5625	61	0	0	-148.62410294052662	172.59017843580272	70	2	30	4096	3856	0.84375	17
4	1	0	0	98	128	71	44.117811544855186	39.909593194998336	-0.52599826957167715	5.597639067091344	44.149970312071525	0.032158767216339181	-0.625	-0.3125	1.375	0.9375	0.75	0.625	56	1	2	-148.48894004006616	172.27829157917802	66	4	33	4096	3877	0.8125	14
4	1	0	0	99	128	73	43.919797838133386	43.18514894504032	-0.81795772623061284	4.7725802320334154	43.951956605349725	0.032158767216339181	0	0.25	1.125	0.6875	1.125	0.9375	54	1	2	-148.71774558518978	172.8129515106469	61	4	30	4096	3856	0.796875	9
4	1	0	0	100	128	85	35.732944257289082	32.689806980522222	-3.064433396391256	10.507391283792292	35.732944257289082	0	0.0625	-0.3125	0.375	1.6875	0.4375	1.375	43	0	0	-148.45622047434934	172.21038395038876	72	7	30	4096	3870	0.84375	11
4	1	0	0	101	128	90	30.911410971893334	27.331863796438176	6.3023133874236223	8.6879909807635793	30.911410971893334	0	-0.125	0.8125	0.5	0.875	0.375	1.6875	38	0	0	-148.6266773345403	172.59980010534188	68	3	34	4096	3862	0.828125	13
4	1	0	0	102	128	63	50.175507553107509	45.602188315160382	-0.0056584856483478524	7.1804874916044016	50.239825087540188	0.06431753443267834	-0.25	0.25	1.375	1.25	1.125	1.4375	63	2	4	-148.69283542291433	172.75701962979226	79	4	33	4096	3870	0.828125	15
4	1	0	0	103	128	75	34.741539936417358	27.910546161478898	-1.7501056160934231	8.3010845332045996	34.741539936417358	0	-1.875	-0.0625	2.5	1.4375	0.625	1.375	53	0	0	-148.5010653810449	172.31117747287376	65	1	32	4096	3862	0.859375	16
4	1	0	0	104	128	77	36.108868279851174	28.644591268260454	0.095878919424435119	8.5628524845730853	36.108868279851174	0	-0.875	0.25	1.3125	1.0625	0.4375	1.3125	51	0	0	-148.77968441797082	172.95761037895726	72	1	31	4096	3845	0.8125	9
4	1	0	0	105	128	86	29.289343042440688	24.68480015993621	0.93214788986281057	6.9427865171899936	29.321501809657027	0.032158767216339319	-0.8125	0.3125	1.4375	1.25	0.625	1.5625	41	1	2	-148.46651577282084	172.22497380095523	55	1	29	4096	3859	0.8125	13
4	1	0	0	106	128	90	30.38541270232166	27.883181848291505	-2.1985362104484268	8.3973204225610784	30.38541270232166	0	-0.4375	-0.4375	0.9375	1.625	0.5	1.1875	38	0	0	-148.78495848746194	172.96614106564691	67	3	32	4096	3838	0.8125	13
4	1	0	0	107	128	69	46.102553356085932	41.250157068885921	0.20873329579391402	6.2016267998069018	46.102553356085932	0	-0.5625	-0.25	1.1875	1.125	0.625	0.875	59	0	0	-148.71495378293366	172.80301301832893	69	3	24	4096	3853	0.828125	11
4	1	0	0	108	128	84	37.349353701093381	35.538260517903626	0.15513535043334804	6.9032707825224595	37.349353701093381	0	0	-0.125	0.625	1.125	0.625	0.9375	44	0	0	-148.49206044369024	172.29043386150304	62	4	31	4096	3877	0.84375	12
4	1	0	0	109	128	80	41.450002944132113	38.015064968411559	1.1465396713050718	6.9803073432646301	41.450002944132113	0	-0.0625	-0.1875	0.5625	1.4375	0.5	1.25	48	0	0	-148.74435460313028	172.86936100416545	66	3	24	4096	3881	0.859375	9
4	1	0	0	110	128	87	28.629051218355305	24.662150520212432	0.2453557842094366	5.8631255709008488	29.123488102935225	0.49443688457992011	-0.375	0.375	1.0625	0.9375	0.6875	1.3125	39	2	4	-148.88580597670456	173.2017596539082	61	4	30	4096	3824	0.8125	6
4	1	0	0	111	128	97	22.814777824825119	19.121770757020829	1.2014734039283563	9.550873925100748	22.948473997114241	0.13369617228912242	-0.5625	0.75	0.75	1.125	0.1875	1.875	30	1	2	-148.97448864206342	173.40674878648169	66	1	24	4096	3864	0.828125	11
4	1	0	0	112	128	83	35.746194398073076	32.303427231655626	-0.98008734957502761	6.1008265453152567	35.762572472793537	0.016378074720460836	-0.25	-0.4375	0.6875	1.375	0.4375	0.9375	43	2	4	-148.5847426788163	172.50156188600065	60	5	28	4096	3853	0.84375	8
4	1	0	0	113	128	96	24.150544783267179	21.171801892840658	2.9332677758140172	6.8906627460960462	24.385778360629084	0.2352335773619055	-0.5625	0.5	0.75	0.875	0.1875	1.375	31	1	2	-148.69753623348781	172.75928685338272	64	2	24	4096	3843	0.84375	10
4	1	0	0	114	128	84	35.097219545284391	32.481378956479319	1.6245984811645312	8.719495062599696	35.097219545284391	0	-0.3125	0	1	1.125	0.6875	1.125	44	0	0	-148.42599675967743	172.14813903217261	67	2	30	4096	3850	0.796875	10
4	1	0	0	115	128	69	43.754540280852505	37.889269033141648	3.9839285276946528	4.3412904014671327	43.754540280852505	0	-1.125	0.0625	1.5625	0.75	0.4375	0.8125	59	0	0	-148.67497942918813	172.70851393931594	60	3	39	4096	3868	0.828125	11
4	1	0	0	116	128	90	29.92566513666996	27.515535385987752	-4.2885407429130025	8.1387284941440705	30.286405848960758	0.36074071229079785	-0.3125	-0.0625	0.75	1.1875	0.4375	1.125	37	1	2	-148.68003971823198	172.71820669616134	71	3	23	4096	3856	0.8125	10
4	1	0	0	117	128	90	29.190933571304368	24.795492066262289	-1.0097155650794846	8.801128006936867	29.190933571304368	0	-0.375	-0.25	0.8125	1.6875	0.4375	1.4375	38	0	0	-148.57138552597247	172.47158963051836	71	5	22	4096	3846	0.796875	12
4	1	0	0	118	128	68	47.438320314527993	43.963736813397296	-0.6388526459411558	4.6712054295923959	47.502637848960671	0.06431753443267825	-0.5625	0.1875	1.3125	0.6875	0.75	0.8125	58	2	4	-148.61703923880396	172.58011212498316	56	4	33	4096	3854	0.828125	12
4	1	0	0	119	128	96	26.528186074005064	26.487627867255067	2.7894493966773638	8.7358216514671304	26.560344841221403	0.032158767216339181	-0.1875	0.125	0.625	1.1875	0.4375	1.3125	31	1	2	-148.69705375113652	172.7615015738186	67	3	27	4096	3878	0.84375	11
4	1	0	0	120	128	88	31.689020893547379	27.726248794444218	0.91383664565504853	7.4946504788116038	31.689020893547379	0	-0.5625	0	0.6875	1.4375	0.125	1.4375	40	0	0	-148.75705590345116	172.9029499604808	56	3	26	4096	3860	0.828125	13
4	1	0	0	121	128	79	36.291698676301679	32.401680264094122	-1.9714916704467507	7.785321037014105	36.403955670446576	0.11225699414489621	-1.375	-0.375	1.6875	1.625	0.3125	1.25	47	2	4	-148.75028224756183	172.88784134332852	67	2	32	4096	3861	0.84375	16
4	1	0	0	122	128	80	31.599538864809426	25.112227890290508	-0.52599826957167739	7.8612085018575269	31.733235037098548	0.13369617228912231	-1.125	-0.3125	1.4375	1.5	0.3125	1.1875	47	1	2	-148.62103745835925	172.58683325376776	71	1	28	4096	3844	0.796875	8
4	1	0	0	123	128	82	35.941080170858412	31.563604983786013	-1.5470308059478567	8.1564754436550257	35.941080170858412	0	-0.3125	-0.0625	0.875	1.4375	0.5625	1.375	46	0	0	-148.65246801317168	172.65450104578704	63	3	28	4096	3842	0.796875	10
4	1	0	0	124	128	75	37.191090416723568	31.629466676129225	-2.1026572910239903	4.4266418982453226	37.458482761301813	0.26739234457824486	-1.3125	-0.1875	1.75	1.125	0.4375	0.9375	51	2	4	-148.35259206623596	171.96566335987093	67	2	29	4096	3861	0.828125	12
4	1	0	0	125	128	74	39.178362779666196	34.453492676989774	5.0598947966941167	9.5875169200214077	39.525853351172998	0.34749057150680183	-0.9375	0.75	1.9375	1.25	1	2	51	3	6	-148.58558598985001	172.50672405387146	58	2	32	4096	3835	0.828125	14
4	1	0	0	126	128	90	29.943976380877722	26.901512453666795	3.8527629071174129	8.0442162486357159	29.952165418237952	0.0081890373602301197	0	0.25	0.5	1.1875	0.5	1.4375	37	1	2	-148.56283084365428	172.45388210740367	70	3	33	4096	3876	0.84375	10
4	1	0	0	127	128	75	41.134073757617069	38.417998101912114	-3.064433396391256	9.3272013477562752	41.222361021905856	0.088287264288787366	-0.5625	-0.3125	1.625	1.5625	1.0625	1.25	51	2	4	-148.57028532379113	172.46157819438428	64	4	36	4096	3861	0.84375	10
# swap_edge	0	8192	7227
# swap_edge	1	8192	7244
# swap_edge	2	8192	7227
# swap_edge	3	8192	7190
# swap_edge	4	8192	7245
# swap_edge	5	8192	7257
# swap_edge	6	8192	7236
# swap_edge	7	8192	7272
# swap_edge	8	8192	7315
# swap_edge	9	8192	7310
# swap_edge	10	8192	7364
# swap_edge	11	8192	7380
# swap_edge	12	8192	7421
# swap_edge	13	8192	7447
# swap_edge	14	8192	7521
# swap_edge	15	8192	7488
# swap_edge	16	8192	7593
# swap_edge	17	8192	7600
# swap_edge	18	8192	7606
# swap_edge	19	8192	7644
# swap_edge	20	8192	7657
# swap_edge	21	8192	7719
# swap_edge	22	8192	7710
# swap_edge	23	8192	7702
# swap_edge	24	8192	7754
# swap_edge	25	8192	7736
# swap_edge	26	8192	7720
# swap_edge	27	8192	7803
# swap_edge	28	8192	7773
# swap_edge	29	8192	7796
# swap_edge	30	8192	7815
# swap_edge	31	8192	7821
# swap_edge	32	8192	7820
# swap_edge	33	8192	7829
# swap_edge	34	8192	7844
# swap_edge	35	8192	7860
# swap_edge	36	8192	7853
# swap_edge	37	8192	7855
# swap_edge	38	8192	7849
# swap_edge	39	8192	7843
# swap_edge	40	8192	7878
# swap_edge	41	8192	7871
# swap_edge	42	8192	7881
# swap_edge	43	8192	7892
# swap_edge	44	8192	7886
# swap_edge	45	8192	7909
# swap_edge	46	8192	7885
# swap_edge	47	8192	7935
# swap_edge	48	8192	7943
# swap_edge	49	8192	7926
# swap_edge	50	8192	7918
# swap_edge	51	8192	7902
# swap_edge	52	8192	7959
# swap_edge	53	8192	7943
# swap_edge	54	8192	7930
# swap_edge	55	8192	7971
# swap_edge	56	8192	7946
# swap_edge	57	8192	7945
# swap_edge	58	8192	7978
# swap_edge	59	8192	7965
# swap_edge	60	8192	7985
# swap_edge	61	8192	7977
# swap_edge	62	8192	7975
# swap_edge	63	8192	7989
# replica_roundtrips	0	18
# replica_roundtrips	1	20
# replica_roundtrips	2	18
# replica_roundtrips	3	22
# replica_roundtrips	4	23
# replica_roundtrips	5	20
# replica_roundtrips	6	20
# replica_roundtrips	7	24
# replica_roundtrips	8	18
# replica_roundtrips	9	19
# replica_roundtrips	10	18
# replica_roundtrips	11	20
# replica_roundtrips	12	22
# replica_roundtrips	13	19
# replica_roundtrips	14	21
# replica_roundtrips	15	19
# replica_roundtrips	16	27
# replica_roundtrips	17	22
# replica_roundtrips	18	25
# replica_roundtrips	19	24
# replica_roundtrips	20	25
# replica_roundtrips	21	22
# replica_roundtrips	22	17
# replica_roundtrips	23	28
# replica_roundtrips	24	30
# replica_roundtrips	25	25
# replica_roundtrips	26	22
# replica_roundtrips	27	19
# replica_roundtrips	28	22
# replica_roundtrips	29	22
# replica_roundtrips	30	22
# replica_roundtrips	31	24
# replica_roundtrips	32	16
# replica_roundtrips	33	19
# replica_roundtrips	34	21
# replica_roundtrips	35	31
# replica_roundtrips	36	24
# replica_roundtrips	37	21
# replica_roundtrips	38	25
# replica_roundtrips	39	21
# replica_roundtrips	40	20
# replica_roundtrips	41	24
# replica_roundtrips	42	21
# replica_roundtrips	43	22
# replica_roundtrips	44	23
# replica_roundtrips	45	20
# replica_roundtrips	46	21
# replica_roundtrips	47	24
# replica_roundtrips	48	19
# replica_roundtrips	49	20
# replica_roundtrips	50	19
# replica_roundtrips	51	23
# replica_roundtrips	52	22
# replica_roundtrips	53	21
# replica_roundtrips	54	23
# replica_roundtrips	55	23
# replica_roundtrips	56	22
# replica_roundtrips	57	21
# replica_roundtrips	58	24
# replica_roundtrips	59	22
# replica_roundtrips	60	24
# replica_roundtrips	61	21
# replica_roundtrips	62	24
# replica_roundtrips	63	24
# replica_roundtrips	64	18
# completion	PASS
