# format	twist_snake_blocks_v1
# status	NON-CANONICAL floating-point engineering diagnostic
# L	6
# k	1
# chain	2
# base	0
# seed	202609286102
# seam_size	36
# start_twist	36
# chain_initial	coldT
# warmup_sweeps	512
# dwell_sweeps	16384
# visit_sweeps	2048
# equilibration_sweeps	32
# block_length	512
# segments	72
# seam_order	x2_fastest_then_x3
# action_density	minus_sum_logW_divided_by_6L4
# sampling	every_production_sweep_after_full_heatbath_sweep
L	k	chain	segment	n	phase	block	count	sumFn	sumFn2	sumFi	sumFi2	sumBn	sumBn2	sumBi	sumBi2	sumY	sumY2	sumS	sumS2	hF0	hF1	hF2	hF3	hF4	hB0	hB1	hB2	hB3	hB4	sec0	secMinus	secPlus	secOther	secUntwisted	pure0	pureMinus	purePlus	flips
6	1	2	0	36	dwell	0	512	0	0	0	0	417.994241863824	711.647080373606	413.701290387519	445.382196866511	382.7520424336	333.42316238603	-593.700576589196	688.456509150894	0	0	0	0	0	276	111	7	3	115	17030	822	555	25	0	42	0	0	72
6	1	2	0	36	dwell	1	512	0	0	0	0	420.335668057258	711.992532740535	410.451947604126	422.142345817144	393.873444298708	349.832580803387	-594.008829730546	689.175529479313	0	0	0	0	0	281	109	7	6	109	17065	791	559	17	0	42	0	0	78
6	1	2	0	36	dwell	2	512	0	0	0	0	414.47247578289	599.45905883952	416.941874310382	435.064969169458	399.883571462659	366.441552149098	-593.525223509137	688.047802202006	0	0	0	0	0	275	124	4	2	107	17036	805	574	17	0	40	0	0	70
6	1	2	0	36	dwell	3	512	0	0	0	0	410.710576415079	594.892761771473	403.533679049248	400.932835431462	379.68395009685	334.001557907754	-593.786547850597	688.654903248952	0	0	0	0	0	264	121	4	9	114	16996	833	586	17	0	41	0	0	76
6	1	2	0	36	dwell	4	512	0	0	0	0	414.482639056335	570.860395839982	421.526074724194	439.265469996141	394.113438438884	347.072276978569	-593.754733287413	688.580770009678	0	0	0	0	0	260	135	3	1	113	17055	774	583	20	0	46	0	0	72
6	1	2	0	36	dwell	5	512	0	0	0	0	424.078313843506	752.660380139578	411.410058955482	433.461246017453	377.679084653325	330.554260053245	-593.626313172086	688.286048852053	0	0	0	0	0	285	106	8	5	108	16975	885	551	21	0	35	0	0	64
6	1	2	0	36	dwell	6	512	0	0	0	0	434.174581751322	847.243531565781	414.754153250776	447.413848111911	379.655099022781	330.134695574461	-593.827390447418	688.751769001611	0	0	0	0	0	272	109	10	4	117	17036	811	570	15	0	35	0	0	57
6	1	2	0	36	dwell	7	512	0	0	0	0	428.195867987575	729.173025039881	414.763939478835	427.452758057901	387.662687132324	339.744330839508	-594.190818780878	689.594632433631	0	0	0	0	0	276	119	7	2	108	17150	742	529	11	0	39	0	0	73
6	1	2	0	36	dwell	8	512	0	0	0	0	383.8868509932	436.615595859711	401.125484167708	390.438741603363	383.573073688169	339.743031841954	-593.901015074525	688.919627213926	0	0	0	0	0	282	112	1	5	112	17049	810	552	21	0	27	0	0	42
6	1	2	0	36	dwell	9	512	0	0	0	0	382.955734700697	431.954396277812	395.50004754743	371.015268821289	379.155725515174	333.440327452091	-593.673311845854	688.394337559802	0	0	0	0	0	290	109	1	4	108	16979	882	556	15	0	26	0	0	48
6	1	2	0	36	dwell	10	512	0	0	0	0	414.290103240702	635.751740456303	416.326130967674	438.297891280497	390.505140791134	348.660824626712	-593.794382860385	688.675662805405	0	0	0	0	0	270	119	5	5	113	17098	771	543	20	0	35	0	0	64
6	1	2	0	36	dwell	11	512	0	0	0	0	421.036814336328	610.452851731175	422.083047776191	444.429265417474	397.015968978745	361.370738190375	-593.584734497371	688.190080978882	0	0	0	0	0	276	129	4	1	102	16969	797	635	31	0	29	0	0	54
6	1	2	0	36	dwell	12	512	0	0	0	0	406.401559420704	551.089214616323	413.882109130805	431.444686508915	383.959838081204	337.933722757188	-593.761564717174	688.597748433098	0	0	0	0	0	270	123	3	5	111	17024	825	564	19	0	35	0	0	60
6	1	2	0	36	dwell	13	512	0	0	0	0	417.380273184451	677.104289612545	410.110645139358	423.362346032722	392.555274119846	350.983716940799	-593.959754038982	689.05910293579	0	0	0	0	0	270	117	6	4	115	17066	775	576	15	0	41	0	0	76
6	1	2	0	36	dwell	14	512	0	0	0	0	469.002372482579	836.305627439344	451.11155575429	511.65324977224	397.692885012563	363.664781174711	-593.726914393746	688.517825317227	0	0	0	0	0	268	146	8	3	87	16946	825	633	28	0	29	0	0	56
6	1	2	0	36	dwell	15	512	0	0	0	0	415.355994604148	609.821814536775	417.424913605262	434.761901465791	396.80985567766	355.419610280548	-593.856911536429	688.821449625326	0	0	0	0	0	255	132	4	2	119	17051	799	561	21	0	42	0	0	72
6	1	2	0	36	dwell	16	512	0	0	0	0	430.719666723197	656.170364260349	426.427545035888	444.689835103464	397.87723835348	361.487362543162	-593.572074250719	688.157919084148	0	0	0	0	0	290	126	5	1	90	17012	805	595	20	0	35	0	0	62
6	1	2	0	36	dwell	17	512	0	0	0	0	427.687257524138	617.573027518892	426.173344826552	440.720251367972	381.05538634206	337.413511797198	-593.932968671696	688.994374921882	0	0	0	0	0	283	130	4	3	92	16971	865	572	24	0	34	0	0	54
6	1	2	0	36	dwell	18	512	0	0	0	0	424.184745024767	728.671476361558	415.356222924565	447.967051889917	392.785942562806	349.545202570173	-593.971836455174	689.08654019058	0	0	0	0	0	261	121	7	3	120	17069	777	572	14	0	43	0	0	70
6	1	2	0	36	dwell	19	512	0	0	0	0	425.596127891025	666.231129744146	423.906108501875	461.931539174812	381.076099085371	336.154657499739	-594.310109175387	689.871523217313	0	0	0	0	0	245	137	5	4	121	17056	828	532	16	0	31	0	0	54
6	1	2	0	36	dwell	20	512	0	0	0	0	368.348823674755	440.126008294225	381.34193817427	354.347745867362	386.71144258561	340.98492437018	-594.035056365042	689.232051549294	0	0	0	0	0	297	91	2	4	118	17054	829	530	19	0	36	0	0	64
6	1	2	0	36	dwell	21	512	0	0	0	0	446.419740036941	932.979224711193	417.279287129121	457.13660883597	406.109871457735	370.394439919817	-594.029539460599	689.216406136072	0	0	0	0	0	286	103	12	4	107	17131	746	543	12	0	39	0	0	64
6	1	2	0	36	dwell	22	512	0	0	0	0	430.077354154143	665.311834547689	425.783120977149	451.488118837868	392.637391260262	350.691878934122	-593.964235434296	689.065598367353	0	0	0	0	0	267	134	5	1	105	17097	761	561	13	0	37	0	0	72
6	1	2	0	36	dwell	23	512	0	0	0	0	407.562645726639	550.811607995762	405.648618765023	396.275705022627	383.131262179104	335.702352040214	-594.11888746704	689.427581399387	0	0	0	0	0	275	122	3	5	107	17046	815	548	23	0	39	0	0	70
6	1	2	0	36	dwell	24	512	0	0	0	0	398.790583085383	529.923797313199	405.40092299755	401.662840945238	391.08041430768	353.158716985368	-593.971005171775	689.084907785909	0	0	0	0	0	291	111	3	3	104	17042	771	597	22	0	35	0	0	64
6	1	2	0	36	dwell	25	512	0	0	0	0	392.955734700697	558.983220012175	398.464219533924	403.72034360822	386.935753747495	339.653360709346	-593.941737902074	689.015970258548	0	0	0	0	0	282	104	4	5	117	17081	805	534	12	0	36	0	0	64
6	1	2	0	36	dwell	26	512	0	0	0	0	432.217154223827	775.160165982707	422.283246337939	463.277257179061	383.222705016735	330.820383577044	-594.085870480668	689.350534763585	0	0	0	0	0	264	119	8	6	115	17162	753	499	18	0	42	0	0	70
6	1	2	0	36	dwell	27	512	0	0	0	0	436.966857663504	808.185435124886	414.104237183162	427.921919810523	390.557219491025	348.336668332396	-594.14357078673	689.482992858379	0	0	0	0	0	289	109	9	5	100	17047	807	559	19	0	42	0	0	76
6	1	2	0	36	dwell	28	512	0	0	0	0	398.992209209135	494.531781304468	413.199226216876	416.323999938474	400.906420086118	359.638740685734	-593.853274689708	688.808826406202	0	0	0	0	0	291	116	2	3	100	17055	779	582	16	0	40	0	0	69
6	1	2	0	36	dwell	29	512	0	0	0	0	392.927390811015	528.556618001219	402.73003075809	399.235823184584	386.715004684978	342.099822989259	-593.995829524339	689.141090366854	0	0	0	0	0	273	114	3	2	120	17143	740	533	16	0	40	0	0	71
6	1	2	0	36	dwell	30	512	0	0	0	0	401.554515107884	534.549961920705	408.715141543475	405.484266590597	378.533262914158	335.868283046619	-593.76542480377	688.606399506633	0	0	0	0	0	291	113	3	3	102	17012	847	556	17	0	39	0	0	64
6	1	2	0	36	dwell	31	512	0	0	0	0	422.217154223827	685.213381573337	419.035648777727	445.461443321513	392.536482575817	346.131377239195	-593.757982830463	688.591877249304	0	0	0	0	0	272	121	6	2	111	17094	767	558	13	0	37	0	0	59
6	1	2	1	35	down	0	512	638.754221852909	1607.55399027517	635.11001277611	1008.50416623014	428.532269182269	589.025804879735	442.416836389527	487.229080996961	385.749732856046	335.932593552749	-593.85162808746	688.808788590024	215	47	5	21	224	269	140	3	4	96	16582	777	539	22	39	34	0	0	55
6	1	2	1	35	down	1	512	631.700526417597	1522.91629700025	648.143035589954	1050.59388232099	451.008470446646	701.671484624928	450.549310136002	501.760342370485	368.587571703234	318.277982021599	-593.958833099714	689.05744163144	212	44	11	19	226	263	150	5	2	92	16548	821	521	30	58	28	0	0	57
6	1	2	1	35	down	2	512	629.252669042902	1583.64178773634	634.935492200496	1042.60904227732	410.835188212577	481.734004680549	431.3659089175	438.390423731009	374.638984204207	332.407151103141	-593.60690640206	688.23903793241	231	43	7	21	210	284	132	1	3	92	16481	840	572	27	47	28	0	0	52
6	1	2	1	35	down	3	512	669.96290563009	1797.38414109395	648.443811052121	1074.64465955823	424.251596077576	686.815154324576	425.018507680038	468.081634285698	359.833524832007	303.738625903849	-593.689194905839	688.429297787411	228	32	4	25	223	272	120	6	6	108	16528	859	514	19	64	33	0	0	60
6	1	2	2	34	down	0	512	608.226357807909	1373.35487665079	608.276301879871	926.864405727453	446.813901976325	795.613824761147	440.514430019963	497.933898699895	356.443789544282	303.370468289847	-593.642541590349	688.321935056803	223	44	7	16	222	276	127	8	3	98	16079	801	510	18	79	36	0	0	66
6	1	2	2	34	down	1	512	556.230423117287	1034.93359206721	566.585945483046	764.898644316334	472.601152889766	840.98323240723	465.002555282374	554.172196787653	380.254676973979	333.069322374359	-594.013820647577	689.182469745795	233	51	0	9	219	269	147	8	5	83	16064	747	584	13	81	29	0	0	54
6	1	2	2	34	down	2	512	594.415788003526	1379.77659781148	591.800417279538	874.933000425767	449.740952959449	725.937995023509	443.971839756245	496.928181634741	370.586828494497	319.061000458732	-593.963351607391	689.066669917812	241	48	3	17	203	282	136	6	4	84	16060	783	545	20	67	36	0	0	58
6	1	2	2	34	down	3	512	630.317487441021	1727.0293636036	605.050481336252	972.409035785086	465.317487441021	835.475031780079	464.827258026014	560.259845364143	370.882603583529	315.345415166684	-593.971493346363	689.084962854464	237	55	4	25	191	257	148	8	2	97	16202	697	494	15	67	43	0	0	76
6	1	2	3	33	down	0	512	628.993282174461	1653.36063065528	602.1109905898	932.774615521286	436.315454786332	713.690105949964	447.498692326207	523.921939291376	357.181250788767	299.223570938494	-593.722153281805	688.50545698573	238	48	3	23	200	260	135	6	3	108	15642	711	517	26	117	36	0	0	64
6	1	2	3	33	down	1	512	547.275987933843	1050.33846300143	570.257713519784	813.050060464104	439.097567425069	703.230672508607	446.518696865763	504.430246232331	353.962232416563	294.805317253188	-593.725044368428	688.513309434942	244	54	1	10	203	292	124	6	5	85	15588	782	514	12	158	26	0	0	48
6	1	2	3	33	down	2	512	626.700526417597	1515.05155191588	605.275850549236	903.805870802209	429.097567425069	613.257280303922	440.900698970407	480.360794919491	370.778320830135	319.784120763689	-593.461623561277	687.900742323742	220	46	2	19	225	296	125	4	5	82	15534	737	599	26	108	25	0	0	46
6	1	2	3	33	down	3	512	589.368190532281	1303.39611460184	608.100375501653	936.173594141069	461.305291512887	893.0980825042	439.962412125515	494.497665382687	354.745086899847	293.110907881676	-593.843314935507	688.78829080664	229	50	7	15	211	271	129	10	4	98	15653	756	476	11	136	36	0	0	58
6	1	2	4	32	down	0	512	562.112868973218	1185.44977090127	572.378515937372	823.245973421183	436.410649728822	702.313601514568	440.170975952309	480.700135468329	333.989451891137	270.33884358231	-593.737059009306	688.541239171788	234	60	4	13	201	288	126	6	1	91	15179	732	455	18	195	29	0	0	52
6	1	2	4	32	down	1	512	548.73389530602	1040.29455187579	567.393466664998	774.112392607365	439.663938633196	632.282117000673	444.182740442166	464.872984429922	350.400718200473	288.3937258522	-593.850768123864	688.802773187243	265	37	8	10	192	294	134	4	4	76	15114	729	523	18	157	33	0	0	62
6	1	2	4	32	down	2	512	568.514088566032	1122.47061642872	584.715198357537	835.609344662528	470.624471780707	842.136672070777	464.383391323193	551.99568039358	354.471540100599	290.264851524444	-594.491810693858	690.290268356191	237	45	6	11	213	262	150	8	2	90	15249	665	458	12	173	39	0	0	68
6	1	2	4	32	down	3	512	574.079386808832	1265.83956270758	573.833821319853	818.781173548138	463.974028592897	760.879025428387	458.497900279258	519.644679031513	342.660787938719	285.694505736652	-593.491580014656	687.972530585515	260	43	3	15	191	259	156	6	2	89	15071	777	516	20	169	26	0	0	46
6	1	2	5	31	down	0	512	616.201006262279	1491.25243250714	595.841293740496	882.675886726914	480.566711036017	892.272812535683	479.1050069947	589.377817552469	331.699652602267	263.161869674344	-593.909916005831	688.940666737397	233	45	3	19	212	265	150	9	4	84	14809	644	407	12	235	37	0	0	60
6	1	2	5	31	down	1	512	535.106771009151	1026.40985507661	543.572676518733	727.039863875841	485.883858649148	796.224926767486	489.333231434032	573.787607489092	340.987687653017	276.438373029786	-593.742650954746	688.553614441978	251	58	2	10	191	263	171	6	1	71	14660	678	522	12	202	23	0	0	44
6	1	2	5	31	down	2	512	601.306364478214	1464.55220678155	585.495284064304	878.35177671598	485.336741022584	793.963284824114	497.951529877294	615.677331842623	335.938411032193	265.434471548792	-593.986104658837	689.123253785662	238	53	2	19	200	264	169	6	3	70	14752	638	467	15	195	39	0	0	66
6	1	2	5	31	down	3	512	575.289143551339	1238.7912320989	577.863766402901	837.796238693922	492.783525431954	1021.6927667295	481.882178454034	602.706617997231	323.75598377234	251.744238306773	-593.733722243041	688.534929206573	244	48	4	14	202	262	146	12	3	89	14647	724	489	12	210	36	0	0	66
6	1	2	6	30	down	0	512	475.192875643523	668.026257983589	509.81761632016	622.04725019906	462.649823326337	724.265724009741	462.939978142777	522.275997171505	327.386056176244	261.130632445991	-593.700709456607	688.455787088853	269	63	2	3	175	256	161	5	2	88	14124	692	531	13	215	32	0	0	62
6	1	2	6	30	down	1	512	569.146237861641	1290.20275085027	553.355414253901	783.865307733432	482.524138563513	853.163275734407	479.205355505395	569.909912589055	314.986128569211	245.395436774131	-593.703449744651	688.462342629183	267	46	3	16	180	281	151	8	3	69	14206	703	431	20	256	37	0	0	62
6	1	2	6	30	down	2	512	491.834228523214	735.593889573086	512.896536140146	624.346672142824	480.345831330703	926.764162936363	470.187008774519	560.511542197109	332.239732559655	264.600184468502	-593.860037527881	688.822794603606	258	61	4	4	185	270	145	10	1	86	14223	647	480	10	239	31	0	0	56
6	1	2	6	30	down	3	512	503.732822340694	990.075465878181	514.092305822546	671.502196962947	457.092542426329	742.684784390901	463.88255205499	541.817602166046	321.811069856254	250.219761181126	-594.126664933251	689.445280700681	294	57	3	11	147	272	145	6	4	85	14148	717	471	24	224	31	0	0	58
6	1	2	7	29	down	0	512	589.088477116951	1504.44975437453	557.704898307671	813.617466763269	508.935521429771	978.614281996686	498.099034379407	608.74878838447	303.397047333094	227.373639118193	-594.101869726912	689.38700456364	262	54	3	21	172	261	169	10	1	71	13698	697	432	21	252	27	0	0	50
6	1	2	7	29	down	1	512	544.396534421963	1077.23069729872	556.129455711328	765.026384233231	483.61837381664	820.577912500841	484.640127750723	575.125268955078	312.359128704687	237.855548745666	-593.81718853885	688.728462617921	250	55	4	11	192	275	157	7	6	67	13771	641	421	15	264	42	0	0	66
6	1	2	7	29	down	2	512	587.6690769079	1405.07548653661	575.067088471889	851.576825457009	470.489696709764	761.561502983169	484.784197513059	577.475788830175	325.30443153734	256.710053214354	-593.588290203916	688.194808795348	235	59	7	18	193	281	152	6	3	70	13721	633	478	16	288	23	0	0	43
6	1	2	7	29	down	3	512	621.488737020401	1571.12427024914	587.805784778564	871.005706848374	484.012535756024	868.516277994503	485.998148892696	588.496372635312	306.844812948976	235.949661252727	-593.903549703621	688.925611879523	235	48	2	21	206	249	162	8	6	87	13730	665	436	17	270	30	0	0	57
6	1	2	8	28	down	0	512	514.703518761649	991.357965744062	521.948078927437	693.387467859346	492.159393479137	941.637775908616	497.599299193871	631.199096067636	282.062296409271	206.756346769321	-593.88461146096	688.883126777643	251	72	4	10	175	279	149	10	3	71	13300	663	360	13	347	29	0	0	52
6	1	2	8	28	down	1	512	558.437074239779	1214.14511164491	540.692103079025	726.902416995779	530.096607735707	1121.2014204605	510.954342199407	665.895804356318	318.098957784726	247.477611338591	-593.709153776059	688.476935301207	237	65	3	14	193	258	169	13	4	68	13243	616	463	14	337	24	0	0	44
6	1	2	8	28	down	2	512	573.513015600705	1373.87015754051	548.693530957153	784.908133643437	481.622439126018	857.8595102907	487.613530250196	594.384175938601	298.781912220191	225.139722935817	-593.858983187779	688.823257423965	258	57	1	18	178	265	155	8	5	79	13195	663	462	16	299	34	0	0	62
6	1	2	8	28	down	3	512	550.087517427588	1123.37393455294	543.619422452593	726.765766118616	450.461352820082	699.409842681557	471.037882141193	550.385226618233	299.312791833977	222.724008061145	-593.903134320559	688.926469400024	248	56	4	12	192	264	148	5	4	91	13233	637	453	13	267	50	0	0	82
6	1	2	9	27	down	0	512	488.858507103518	832.013835503528	510.454900089371	649.233749898274	495.135114898833	845.217829978173	492.619589080123	586.973675839299	298.103543316706	225.025019916718	-594.011054513478	689.176012940934	269	67	6	7	163	268	171	7	1	65	12834	577	404	9	373	47	0	0	80
6	1	2	9	27	down	1	512	552.93755408446	1198.29056070649	537.426470090778	717.754427430369	520.452262511964	1077.33845473806	513.661828396679	675.07934863693	272.349054690991	198.166008156399	-593.74599328679	688.562207833845	254	59	1	14	184	242	174	12	2	82	12692	681	431	20	356	22	0	0	40
6	1	2	9	27	down	2	512	536.583931962892	1202.62359059336	527.601849754725	733.665846487528	486.143245517589	726.532691643861	497.143117851107	592.946709272523	297.325124915215	225.519245454736	-593.925386298588	688.976789185551	259	70	5	15	163	260	182	4	1	65	12824	570	412	18	323	42	0	0	66
6	1	2	9	27	down	3	512	525.585964617581	964.514947604737	534.590367452415	696.631657133049	521.392469112585	1000.33268833851	515.509930808035	663.893899652512	286.272812244342	208.672797879147	-594.123113442786	689.435741876829	272	47	4	9	180	256	178	10	4	64	12797	606	402	19	373	35	0	0	56
6	1	2	10	26	down	0	512	562.227317497272	1212.05597139892	543.839433096726	739.083533081212	526.123991936026	1011.36151620456	525.793565255216	714.872202061657	292.587181008101	219.938119228289	-593.713331058023	688.484902841333	257	50	2	14	189	249	184	10	4	65	12349	532	421	10	380	31	0	0	58
6	1	2	10	26	down	1	512	539.684265180086	1141.26661369071	527.421338946916	710.116787127816	470.461352820082	768.163724706576	487.752878856478	590.401503982118	288.767146611018	208.529218651584	-594.019718489809	689.197150548179	252	66	1	13	180	264	157	6	5	80	12288	579	428	17	372	29	0	0	52
6	1	2	10	26	down	2	512	532.121959281337	1093.27725680883	535.680206808063	732.392247526335	561.526171218202	1387.75973105827	526.099373047839	729.566284015499	280.293191850533	198.386325640921	-594.123183284393	689.437446446065	244	70	8	12	178	262	163	19	1	67	12349	569	380	14	338	27	0	0	44
6	1	2	10	26	down	3	512	564.444131893208	1362.64222018177	542.603368941963	775.649709504825	500.412682383511	953.688330719715	501.42022312545	645.208625847994	278.180326608661	200.118381365477	-593.634371887784	688.301230656387	242	71	8	18	173	285	154	10	1	62	12269	600	431	12	411	28	0	0	44
6	1	2	11	25	down	0	512	493.579866653514	1019.91626807846	492.592642423841	623.70260999118	548.033821992276	1120.84488839833	541.329660823104	718.617833707443	273.259356876685	197.616006839461	-593.625572177638	688.282461646748	269	84	3	12	144	249	192	12	1	58	11847	554	381	18	428	35	0	0	55
6	1	2	11	25	down	1	512	508.667044253211	907.587678333055	510.886231415521	634.433228616321	530.203038916968	948.964182768452	538.590654103233	700.863860132793	285.28642201929	209.445927988186	-593.839407871166	688.776400181998	258	65	2	8	179	246	199	8	2	57	11917	495	378	10	428	42	0	0	67
6	1	2	11	25	down	2	512	507.313422131643	1009.83866889493	502.431682218544	643.843164493347	575.81700759634	1314.26307149358	560.273609517638	796.302917912217	260.394390134765	188.279769795842	-593.862204400865	688.832027095192	263	74	3	11	161	240	196	16	1	59	11796	604	388	12	439	29	0	0	58
6	1	2	11	25	down	3	512	521.181752680715	1006.22537573965	514.637071542136	657.332844298619	529.338773677273	1013.63956353392	535.373810881824	707.560414028299	267.672389827371	187.839835833149	-593.919542950345	688.963620963669	246	72	0	10	184	257	184	10	3	58	11871	548	369	12	473	33	0	0	58
6	1	2	12	24	down	0	512	511.910169884141	1088.5406615874	494.369987682337	623.933054591684	475.278980277895	849.483014118674	473.548055466213	559.32128888247	256.260117284639	177.507373266003	-593.479056851514	687.942898212606	263	78	4	13	154	263	153	8	2	86	11310	586	381	11	537	29	0	0	50
6	1	2	12	24	down	1	512	475.038846991017	808.883012466	480.000552736061	573.720941569236	482.658913634456	859.600973967343	479.50738483533	570.360776497153	266.632405355954	191.62675018717	-593.875930369715	688.86339404231	269	77	6	7	153	266	156	8	4	78	11307	555	413	13	464	29	0	0	58
6	1	2	12	24	down	2	512	493.656880979767	912.405851512259	487.862896383743	604.404383471541	478.73389530602	818.19698445072	476.718572124462	545.996958302796	240.025519519089	168.075670096042	-593.654965148736	688.350462366738	269	72	4	9	158	265	159	7	3	78	11312	607	357	12	493	28	0	0	52
6	1	2	12	24	down	3	512	506.343798676014	1040.40496183129	494.231677935243	619.040048575924	470.768337159768	692.79654126291	481.860736067786	560.649155367188	253.572432059848	170.649727403376	-593.84318485098	688.785624318827	273	73	1	12	153	277	164	4	2	65	11361	552	368	7	475	38	0	0	66
6	1	2	13	23	down	0	512	564.587997272269	1250.41073649421	553.651992759861	763.87623755281	505.873695375703	1004.77037417639	497.924236234664	623.972407889075	246.848414253238	168.187781374173	-593.643750228516	688.326589144118	261	50	1	15	185	270	158	11	2	71	10810	564	387	15	487	29	0	0	58
6	1	2	13	23	down	1	512	574.521146219461	1270.9943327609	569.696355618996	811.087838835799	493.887923958526	812.287014377678	500.638088343968	600.829769206182	248.05680358407	170.908052549848	-593.803051235985	688.692913867785	246	50	7	15	194	257	179	6	1	69	10944	488	339	5	529	37	0	0	72
6	1	2	13	23	down	2	512	543.801819324154	1080.69721926602	542.6397677181	725.75197119093	540.278980277895	1211.93756257808	523.867076781411	718.02085810217	255.763446689961	175.275919943045	-594.113368679495	689.413658256104	243	61	1	11	196	255	169	15	2	71	10846	517	397	16	471	42	0	0	72
6	1	2	13	23	down	3	512	518.340806331962	960.834685989004	524.998906727479	677.524269260954	557.99531482915	1208.96373379628	538.138289791152	725.914161260185	243.640502627931	163.499370460463	-593.444750886916	687.863081552671	254	64	3	9	182	247	189	14	3	59	10854	531	375	16	500	43	0	0	72
6	1	2	14	22	down	0	512	475.010503101335	667.263508070693	497.263479418091	584.022129217004	481.939586739149	753.867056052181	506.447134108156	625.791211588599	227.09372775822	152.264749291318	-593.525015783913	688.050572052954	268	63	4	3	174	259	172	5	5	71	10410	520	325	9	527	38	0	0	62
6	1	2	14	22	down	1	512	529.079386808832	1046.27636712787	525.63787225122	686.779076383766	515.259726696331	1023.14554409034	507.668947993809	654.886757800438	246.917691477892	165.100053312811	-593.754837474635	688.582054846459	264	58	2	11	177	264	167	11	2	68	10465	459	330	10	539	33	0	0	60
6	1	2	14	22	down	2	512	498.686297834775	892.652422591094	509.675115253538	648.116560496886	559.146237861641	1385.53312408929	526.800225194356	724.454914410539	236.162481412106	164.779450515003	-593.727213208041	688.520518879661	253	75	3	8	173	255	162	19	4	72	10374	533	349	8	590	34	0	0	62
6	1	2	14	22	down	3	512	536.095648046344	1033.8262670733	539.912657979081	739.559726199088	527.217154223827	1111.06483102343	522.344091598593	701.117387355231	230.898813009839	155.321106943597	-593.728888856844	688.521843196012	236	66	4	10	196	272	163	13	2	62	10384	505	355	20	538	34	0	0	56
6	1	2	15	21	down	0	512	510.11586131727	1053.34820404353	509.367469640539	673.436601877044	518.253628732264	1059.88833402506	512.936689896045	670.223059856581	226.013645316236	144.105381244674	-594.001604097822	689.154658382141	253	81	6	12	160	273	161	12	2	64	9960	473	311	8	546	37	0	0	62
6	1	2	15	21	down	1	512	507.074361810092	948.196107164808	513.303829845797	674.739405778651	517.534301836958	991.236455434894	517.314624320837	659.967066116287	221.679461500515	147.659258343444	-594.052767405296	689.273703620522	240	81	3	9	179	266	174	10	0	62	9981	432	328	11	599	28	0	0	52
6	1	2	15	21	down	2	512	526.28711089665	1011.19699271409	525.59163926944	683.244459555313	461.257694041642	713.495873175848	480.653222612051	557.540152734044	227.214489999537	145.866057313947	-594.09597250162	689.372634157293	251	64	3	10	184	275	153	5	2	77	9990	456	302	4	536	37	0	0	66
6	1	2	15	21	down	3	512	495.81700759634	853.917170154481	501.674213242636	622.357467297414	517.966970939468	929.809857555623	525.58307390177	679.878941060005	229.319810593879	153.635528292169	-593.939700229968	689.012843924923	252	75	0	7	178	242	191	8	3	68	9927	471	343	11	554	41	0	0	64
6	1	2	16	20	down	0	512	499.281012932584	926.241332153474	505.316948980105	640.109265177019	520.422845656956	1030.89898127487	523.643384258924	695.985170061508	220.671436668907	145.576236986871	-593.933950570495	688.998238754143	256	75	7	9	165	266	170	11	2	63	9396	483	352	9	659	30	0	0	56
6	1	2	16	20	down	1	512	515.826097904458	952.17038078709	516.347504447657	659.084428412226	489.281012932584	725.128253155069	511.39916858032	615.289229494576	233.460049868257	147.952944600022	-594.120979832453	689.431084856361	262	60	5	9	176	276	179	4	0	53	9538	368	329	5	581	45	0	0	78
6	1	2	16	20	down	2	512	472.150303171019	769.247094421335	484.98133672219	569.979768957501	527.515048255394	1006.14510338154	520.148820649781	655.022408041845	217.317035089939	141.279523394756	-593.684828980185	688.419821838605	273	75	0	6	158	267	179	10	3	53	9541	409	280	10	633	38	0	0	68
6	1	2	16	20	down	3	512	529.952742356645	1196.43068820901	509.998431786385	671.436461372445	527.448197202586	1010.91938609353	529.999783219529	696.257633945304	223.516998893455	142.83356849499	-593.619711897667	688.268126211282	251	81	2	15	163	256	183	10	3	60	9536	372	324	8	595	42	0	0	68
6	1	2	17	19	down	0	512	509.540399801024	909.49366550017	507.817974216481	623.067695973343	563.158433789774	1253.79921030581	546.567778388362	749.746775520272	223.299966875891	143.527031646056	-593.602906731917	688.231042934829	257	65	2	8	180	249	189	15	0	59	9031	381	308	8	653	48	0	0	78
6	1	2	17	19	down	1	512	503.272882313828	925.842215223745	498.178437316454	604.605362759952	538.734968271346	966.334031123334	554.035453216187	745.27447675108	201.686576710993	126.627938957899	-593.738116665707	688.540539868803	276	61	3	9	163	236	207	8	5	56	8999	446	274	9	677	34	0	0	64
6	1	2	17	19	down	2	512	490.931456120393	909.607625916172	499.733671338413	641.389872426353	542.391509423222	973.79345630132	558.048513521062	748.670183945836	217.209050087578	142.206075874547	-593.6666388306	688.378184218494	263	77	6	9	157	234	211	8	4	55	8973	460	286	9	692	26	0	0	42
6	1	2	17	19	down	3	512	496.00739748132	942.303848077409	495.25051944116	613.302144223209	536.037887301654	993.989015333517	547.629929665839	725.970521546607	205.671439072137	132.888453350342	-593.669889173778	688.387550375053	292	60	3	10	147	243	197	9	6	57	8978	409	334	7	672	23	0	0	44
6	1	2	18	18	down	0	512	512.380273184452	1013.00895465326	497.951709612053	638.385999631043	477.629496779448	916.436442213502	467.473616505788	557.930410689496	185.535751781932	118.36048518816	-593.723244917452	688.508812769742	278	62	0	11	161	282	138	10	2	80	8525	399	286	6	703	27	0	0	48
6	1	2	18	18	down	1	512	465.32657774914	790.863497328312	464.054236801896	533.709203005613	518.119926626648	1069.43689944904	496.58187703686	621.87476569386	186.164431514425	118.47835762618	-594.168120605928	689.540627154088	275	81	4	7	145	251	169	12	2	78	8552	380	270	14	695	33	0	0	61
6	1	2	18	18	down	2	512	438.810909632273	647.316274689155	453.477964954201	507.032892890245	445.461352820082	580.2989796222	464.974155958578	512.130367151746	192.757376842452	121.478885742114	-593.763111981362	688.600329036078	261	99	0	4	148	272	156	2	4	78	8532	396	284	4	680	29	0	0	53
6	1	2	18	18	down	3	512	494.242505769457	879.440000937371	490.79720684277	599.29145886064	496.392469112585	886.605414108809	492.514399455767	597.86290687448	194.2998581832	121.515950340457	-593.844624978015	688.789285636395	266	70	3	8	165	260	170	8	1	73	8473	416	319	8	671	28	0	0	50
6	1	2	19	17	down	0	512	562.121959281337	1177.9202757745	551.386360654591	754.126169481872	510.75924685165	1023.16417367874	512.841605971635	667.689413704761	197.096918603211	128.396716734319	-593.525817304154	688.050792702932	252	49	3	13	195	247	170	11	2	82	8092	364	240	8	741	27	0	0	54
6	1	2	19	17	down	1	512	532.649823326337	1020.5273700848	536.169780939662	699.865658573961	478.742985614138	810.667489323946	493.670303533191	600.106160547694	179.318652130459	116.562083884147	-593.931821542613	688.994437288414	256	57	1	10	188	283	153	7	2	67	8075	342	278	9	809	26	0	0	48
6	1	2	19	17	down	2	512	539.531309492906	1001.63957179729	547.267218666557	721.953875035597	498.416747692889	953.887889184579	503.956720080123	646.917805382482	175.18020870175	109.473956629125	-593.800165782508	688.686074370937	243	56	2	9	202	275	155	10	3	69	8075	374	243	12	692	39	0	0	62
6	1	2	19	17	down	3	512	511.441139549156	883.615179941023	527.445146555659	683.123336451549	511.190842988834	1056.94421452691	508.681193159571	669.384166661808	185.753720458728	118.780295975211	-593.979348719966	689.102051215004	243	69	1	7	192	252	163	12	3	82	8099	361	236	8	723	41	0	0	74
6	1	2	20	16	down	0	512	541.017560754765	1170.32381218727	525.197676085228	702.753370160227	511.229350151961	910.550427419614	513.359276425605	645.974778852031	164.37073323358	106.141164187093	-593.908491926868	688.937276664104	269	57	4	14	168	262	180	8	1	61	7537	380	268	7	746	24	0	0	48
6	1	2	20	16	down	1	512	498.349896640081	958.662171896568	496.887204679336	618.959110150911	484.270849659139	782.837779213964	502.906163158922	616.863152877684	173.802883505081	108.389010733859	-593.735324367575	688.53703847425	264	76	3	10	159	283	160	6	5	58	7561	339	282	10	756	31	0	0	58
6	1	2	20	16	down	2	512	515.836261177903	997.682580846908	517.672447317399	678.652630425301	493.944611737889	910.195649929269	514.56347057447	703.244490086132	190.147262118661	124.101838357095	-593.804655693518	688.697717394643	239	78	6	10	179	271	155	9	8	69	7530	357	300	5	771	34	0	0	50
6	1	2	20	16	down	3	512	525.11586131727	1040.0998701295	510.521436907346	642.537080430134	542.179720026027	1111.92160616426	529.471499663409	683.662104397186	169.719627342002	112.845604014735	-593.6997588377	688.454941214665	265	61	0	11	175	245	188	12	3	64	7498	398	282	14	799	27	0	0	48
6	1	2	21	15	down	0	512	506.219186878516	1005.31538500819	498.557675083055	626.820182205563	496.353961949459	773.557964917725	517.19153680451	638.339794722406	162.13863609285	102.514766547574	-593.859720149329	688.825857784875	265	72	7	11	157	270	179	5	4	54	7087	334	251	8	813	39	0	0	62
6	1	2	21	15	down	1	512	480.787590741332	857.781462135003	483.301868366254	582.379209722085	533.254701697591	951.380145792967	543.765761547314	721.935196776973	178.906488205096	115.713599543839	-593.829663824476	688.753663983633	260	82	7	8	155	248	198	8	6	52	7122	314	237	7	834	45	0	0	72
6	1	2	21	15	down	2	512	529.703518761649	1126.33135794875	516.931432052772	690.983953100276	555.250636388213	1205.26484259214	547.29146992405	768.083770844588	165.810259336988	107.838125066673	-593.696495229329	688.44830141637	247	76	2	13	174	246	188	14	2	62	7042	366	259	13	801	28	0	0	50
6	1	2	21	15	down	3	512	554.636667708841	1170.72205183108	537.574349111315	738.336332181597	532.649823326337	1057.58280161448	523.706478427896	671.625299071376	167.13139793199	104.561814751589	-593.859300566329	688.824506190027	240	62	3	13	194	252	184	11	2	63	7082	299	293	6	778	37	0	0	60
6	1	2	22	14	down	0	512	507.793688705399	905.681691165941	503.920619077201	617.259082078308	510.950709701956	942.259957610194	509.742787904293	641.100530631717	154.737562102822	99.0296920897687	-593.765541722766	688.607889717203	259	65	2	8	178	270	172	9	1	60	6640	294	229	5	819	42	0	0	80
6	1	2	22	14	down	1	512	519.971995938209	1033.24709855302	508.79869996283	655.673587833075	518.974028592898	996.304750153432	520.62665864475	681.54964592763	147.505423978631	89.7456691750649	-593.717319079357	688.49683234109	258	68	3	11	172	259	177	10	1	65	6685	306	169	8	873	32	0	0	54
6	1	2	22	14	down	2	512	509.598160545714	838.138014855598	507.100385729249	607.212198189347	535.653888635715	1065.72692854966	527.491952838459	685.917651819727	169.54316162462	105.846886616407	-593.812678180496	688.71589841754	258	57	1	6	190	246	189	11	1	65	6623	302	235	8	833	34	0	0	64
6	1	2	22	14	down	3	512	493.407657384771	842.306521251996	504.290039456038	630.650491228278	509.137147553522	906.166834458276	514.296631347879	633.705520151936	156.710748205736	99.0652426902097	-594.015316618284	689.185283788134	265	67	4	7	169	265	178	8	0	61	6606	334	218	10	792	43	0	0	80
6	1	2	23	13	down	0	512	484.358027258837	795.003641357571	491.90707805556	591.403228245764	568.311389476954	1253.06927116489	562.778163745869	785.276606155348	144.814364684892	88.1011415014963	-593.779077264488	688.639304946546	260	74	1	6	171	266	184	15	4	43	6158	297	193	8	914	33	0	0	54
6	1	2	23	13	down	1	512	457.965897974142	670.479908498659	475.992988278348	550.60695442114	559.521146219461	1247.24045073588	554.643417713191	766.35799175145	149.774713350595	90.8223688462787	-593.903857933397	688.92763049526	279	73	2	4	154	246	185	15	4	62	6144	287	218	7	871	46	0	0	72
6	1	2	23	13	down	2	512	485.26881700445	893.917598468224	490.542118166861	604.967600701814	584.991249519772	1322.49144956112	573.362843209559	815.093660559442	145.071963002639	93.570840696866	-593.35139699536	687.64812426817	278	72	5	9	148	253	196	16	4	43	6151	285	212	8	928	32	0	0	60
6	1	2	23	13	down	3	512	458.800746358828	818.806290568384	467.079099328362	556.001976375762	583.724804997901	1325.71539988225	574.234871107399	820.599491098435	151.841857173652	92.7919696667673	-594.11341610712	689.411013648812	272	93	0	8	139	243	200	16	2	51	6161	280	208	7	825	32	0	0	56
6	1	2	24	12	down	0	512	471.804811668206	768.64886799891	471.524928041941	546.124949125714	541.113828662581	1211.98900293846	511.557272974216	676.129674330664	125.564361761699	80.3486458875239	-593.911152257361	688.945599308032	270	76	3	6	157	256	168	15	4	69	5648	304	185	7	929	36	0	0	64
6	1	2	24	12	down	1	512	489.194908298212	914.279027907398	479.466499748361	580.490115585435	481.76630450508	819.738889662499	491.368144682979	597.250898410525	122.663612271521	80.9330008434677	-594.085250155265	689.348230645223	250	88	2	9	163	276	159	7	0	70	5702	276	161	5	935	35	0	0	58
6	1	2	24	12	down	2	512	485.768337159768	976.018267381624	465.998769443577	546.467370725334	471.822992284443	827.70074080472	480.037499670926	566.314703296788	117.757997337818	75.1378250639466	-593.884364823793	688.881610439864	261	92	0	11	148	298	137	8	3	66	5702	276	161	5	913	28	0	0	54
6	1	2	24	12	down	3	512	465.546384489128	888.660824980062	453.566804758317	524.189295812607	503.157360824448	994.416045658217	499.449925020776	624.761775949046	130.362257196252	85.8862768648547	-593.428154429703	687.824103580822	299	78	2	10	123	278	150	11	7	66	5638	297	200	9	938	23	0	0	40
6	1	2	25	11	down	0	512	557.976061247586	1208.03646039292	547.513066522288	758.749681896838	514.722772343212	955.22980761775	519.8913151826	671.246590981603	125.287252863083	77.88684377801	-593.613708868766	688.254396061893	248	58	4	14	188	254	180	9	2	67	5217	241	168	6	889	43	0	0	82
6	1	2	25	11	down	1	512	545.547457454454	1216.74465606205	529.613821539976	715.317479897837	521.757214196961	1038.91361969398	524.145690579979	706.254721988906	105.219312455072	70.5452228230571	-593.703635872159	688.4635435291	262	62	4	15	169	254	176	11	1	70	5190	268	172	2	976	34	0	0	66
6	1	2	25	11	down	2	512	522.707584071027	896.227150969904	533.389601395253	700.425842012063	582.390436457896	1465.94909537717	544.660785343166	783.828348087672	110.470406444787	80.686509989604	-593.644086704737	688.324313026679	253	53	5	7	194	243	179	20	3	67	5170	287	169	6	1058	39	0	0	68
6	1	2	25	11	down	3	512	519.205071571657	933.214736753214	527.568684372031	676.056751454158	497.985151555705	845.996985277057	512.58808417076	637.044272481676	110.406487165171	72.9628460668995	-593.992967551667	689.133880535994	239	69	3	8	193	278	170	7	0	57	5161	290	176	5	908	32	0	0	56
6	1	2	26	10	down	0	512	494.577833998825	945.665714093697	485.674291550747	588.260063826418	529.607250853833	1047.58412787256	539.238952944418	726.371942632412	114.038934301986	77.6222946533499	-593.254880999419	687.42399401375	276	70	6	10	150	260	177	11	5	59	4746	220	151	3	1103	37	0	0	64
6	1	2	26	10	down	1	512	540.201965951641	1208.25507675993	514.16170993385	682.108751257853	538.062165881958	1098.35352973428	535.290189861894	717.856514423951	100.544694144346	70.812997550143	-593.962682787525	689.064810471853	263	66	2	15	166	258	179	12	5	58	4710	245	158	7	894	59	0	0	96
6	1	2	26	10	down	2	512	539.607250853833	1137.55752007724	532.2921933081	734.491445304961	489.252669042902	768.785906408154	508.059524524332	628.870185067831	119.647941610666	84.6659607564748	-593.492200957003	687.974406294827	256	62	5	13	176	255	180	5	3	69	4687	237	192	4	1150	19	0	0	38
6	1	2	26	10	down	3	512	497.515048255394	995.63955527055	491.314522968921	631.561755965548	577.1786470607	1447.88434285577	548.880381639274	793.189790637747	106.247659173168	72.7504301863306	-593.896245880651	688.908987846608	255	85	6	11	155	262	167	20	5	58	4685	252	175	8	970	39	0	0	72
6	1	2	27	9	down	0	512	499.4147150382	990.856845379483	492.8256257092	614.963122037707	531.55558807321	1053.08612552305	535.146252167679	713.938535913319	105.542954078123	68.0496456316757	-593.690486200909	688.434709117051	278	71	1	11	151	258	181	11	2	60	4234	206	161	7	1027	46	0	0	76
6	1	2	27	9	down	1	512	529.807804012258	1255.62047670998	505.169178962636	686.576217724094	517.93755408446	1031.59211021115	536.257002528046	730.931430356156	110.30326642462	76.7505366923821	-593.750424388055	688.574510038368	273	73	7	17	142	250	171	11	7	73	4238	203	164	3	1109	31	0	0	56
6	1	2	27	9	down	2	512	493.013495445387	979.671921202042	488.365666316413	612.721603515866	524.626504435396	1003.53800907124	527.360953529712	691.128453520273	97.2326399152448	65.6424292614981	-593.831856961144	688.759411927744	275	76	5	11	145	263	179	10	2	58	4271	187	144	6	1076	31	0	0	51
6	1	2	27	9	down	3	512	469.9051448854	699.347322625936	490.581415317834	589.818378888075	545.75924685165	1189.80940858345	527.450595110897	696.439018259514	100.017391425915	70.0772219857255	-593.677742847471	688.402514330629	259	77	2	4	170	243	181	14	4	70	4269	192	143	4	1057	32	0	0	59
6	1	2	28	8	down	0	512	465.91220253883	757.897646753423	478.488427751972	580.202849042648	522.304331823525	967.011182987367	537.846222251621	716.016955614423	84.6695400402217	62.4374497295477	-593.891114130063	688.898567602777	272	79	3	6	152	253	184	9	5	61	3758	206	125	7	1030	32	0	0	58
6	1	2	28	8	down	1	512	485.730902961968	730.708747933425	503.42806464516	612.291703491029	553.590029926958	1160.5238196243	551.568257481768	769.229356624123	81.4042065659736	62.289816380356	-593.915694695738	688.954388139268	246	73	4	4	185	258	186	13	4	51	3786	198	105	7	1150	21	0	0	35
6	1	2	28	8	down	2	512	464.193835332886	747.456842900472	473.685767294545	553.821532754071	532.659986599782	917.791236230587	546.611001297127	722.521372823737	82.4809149390079	59.3165284115109	-594.008025610616	689.168008095554	287	70	5	6	144	245	206	7	2	52	3751	214	125	6	1040	43	0	0	65
6	1	2	28	8	down	3	512	466.554515107884	785.785000200447	478.971771688329	590.058265845175	591.152335825707	1404.26927447024	571.512424000201	816.164203114903	91.3052383709261	66.6431302976189	-593.810104639466	688.710363447074	287	71	8	7	139	254	191	18	3	46	3778	193	123	2	1102	34	0	0	64
6	1	2	29	7	down	0	512	433.8868509932	552.930457525398	460.055808583916	506.197187899678	562.285078241961	1177.72914448871	577.350596700319	835.015107623807	72.5257578812696	58.9405773428339	-593.916142341999	688.955217393642	290	75	4	2	141	250	194	13	6	49	3310	146	123	5	1137	36	0	0	68
6	1	2	29	7	down	1	512	503.215121569138	997.197865868317	497.716899929273	629.903793627978	545.480606401646	1110.352644185	553.646761507185	761.865726762143	56.7557457169781	60.3649489490678	-593.448611240225	687.872478963249	275	69	4	11	153	263	185	12	1	51	3275	181	122	6	1146	28	0	0	52
6	1	2	29	7	down	2	512	498.109763353203	955.144209568888	493.308392912959	628.564011100692	574.310429787591	1202.74954930737	574.040801502257	806.78245097546	72.1434295700276	57.9209139363552	-593.863519626631	688.833709332579	270	72	4	10	156	240	207	13	5	47	3311	164	103	6	1159	32	0	0	62
6	1	2	29	7	down	3	512	484.367117566955	898.640440819832	494.538793344844	640.913410320658	573.063238847284	1132.76330217719	586.706780365679	834.655481523771	83.4817380990887	66.5905510650183	-594.07984898718	689.336203276907	266	81	3	9	153	233	219	11	4	45	3303	181	94	6	1062	30	0	0	56
6	1	2	30	6	down	0	512	459.47247578289	856.077685948914	447.611017354742	507.916130015663	546.009543411972	979.424942467889	553.663285441662	734.0930989426	79.0916479808981	60.8756733303172	-593.979700877887	689.101999729543	267	98	4	9	134	238	214	8	1	51	2809	139	118	6	1129	36	0	0	68
6	1	2	30	6	down	1	512	460.998307173201	746.132676769794	455.62890052501	499.474751504876	583.235448116027	1252.09810729431	576.84562500745	826.743593377182	79.9848769954414	58.335958173874	-593.802419695527	688.694157631703	282	77	1	6	146	245	208	14	3	42	2822	144	104	2	1145	30	0	0	58
6	1	2	30	6	down	2	512	457.169556752582	746.367270209052	462.270779484216	545.901638029759	519.693355488204	953.737118563934	540.237791007394	737.235607656601	58.2264976273675	55.3439658425297	-594.02387892357	689.207666218714	264	90	4	6	148	270	174	9	8	51	2826	151	92	3	1090	34	0	0	61
6	1	2	30	6	down	3	512	453.349896640081	702.043544787173	453.530241258267	497.284509173872	534.512055911343	992.767729923602	547.858254617367	738.684336959261	71.1040387818392	56.4391512925909	-593.373798239109	687.696411038795	272	85	1	5	149	240	197	9	6	60	2828	142	98	4	1159	31	0	0	59
6	1	2	31	5	down	0	512	498.550449798506	1055.53222614495	484.026371217777	619.216916065652	592.93755408446	1335.79832475653	585.272317222856	834.399858630967	63.4147343503097	57.2229997253291	-594.033122063899	689.227864567688	289	72	2	13	136	254	202	16	3	37	2346	119	91	4	1187	37	0	0	64
6	1	2	31	5	down	1	512	508.388403803207	976.352640053314	503.358095347114	640.757792740189	584.320593061036	1301.12649445156	602.313570928613	920.102908151619	56.3052648707319	61.4021314229196	-593.98331451052	689.112925731987	262	70	3	10	167	209	211	15	13	64	2357	130	69	4	1182	35	0	0	64
6	1	2	31	5	down	2	512	466.900006610696	823.43865815255	465.076871616132	548.161231967441	652.121959281337	1691.15752999329	628.385981777031	994.465827619257	58.7822605630458	58.7160376424013	-593.716954189657	688.492286630483	286	76	6	8	136	236	215	23	7	31	2361	122	76	1	1192	36	0	0	66
6	1	2	31	5	down	3	512	474.281012932584	775.458626394091	475.124117413965	549.114904379057	590.423918622282	1343.12028321153	590.095729873649	869.96477079843	66.968438415658	54.401834146722	-594.069562622139	689.310639663393	264	78	3	6	161	225	209	16	6	56	2338	128	93	1	1145	35	0	0	64
6	1	2	32	4	down	0	512	454.788550430694	802.238654847202	450.043143776282	522.441889513881	623.600193200403	1539.37970508417	609.074910886576	932.637025124769	36.6301806336206	46.1501169334395	-593.980335101566	689.105359037793	282	85	12	8	125	235	213	20	1	43	1871	108	66	3	1155	35	0	0	68
6	1	2	32	4	down	1	512	431.056067917891	701.300301748595	435.76249366463	484.963307036401	649.10880366384	1727.62493750987	627.665374561984	997.798968585518	29.7189664235658	48.9213495160403	-593.531156063358	688.061154935039	263	108	8	6	127	224	213	24	6	45	1895	94	56	3	1217	26	0	0	48
6	1	2	32	4	down	2	512	454.281012932584	669.622705044079	456.135186668015	505.643210295114	618.724804997901	1566.49810564164	594.239097374215	883.65303174466	44.2398976032304	52.5300180770551	-593.771619593333	688.620887532842	264	84	5	4	155	235	204	21	2	50	1868	107	70	3	1222	30	0	0	58
6	1	2	32	4	down	3	512	420.470443128201	607.237328589121	435.018434540081	481.351950454435	592.99531482915	1375.58236090568	606.428478610159	930.318501742219	42.0261236769127	52.5954810274246	-593.562891369468	688.137318352909	274	101	8	4	125	239	199	17	9	48	1825	121	95	7	1229	22	0	0	42
6	1	2	33	3	down	0	512	440.480606401646	721.556626264589	442.246776430459	496.830313286652	596.834228523214	1457.94200685123	586.958027403588	878.777386926282	25.1565036937826	47.2598983735027	-593.669530916671	688.3840478613	259	106	2	6	139	234	197	19	4	58	1364	119	48	5	1283	33	0	0	58
6	1	2	33	3	down	1	512	447.927390811015	801.037774255942	443.574798513317	500.779548774434	597.428943621023	1306.25375876522	604.391660220889	897.84217908402	26.8587832335711	48.1999797130882	-593.964915102848	689.067100073878	269	102	2	8	131	257	209	15	3	28	1412	71	51	2	1246	28	0	0	46
6	1	2	33	3	down	2	512	437.264751695072	703.265707483	434.353838249135	469.622286382488	576.737960615398	1236.33003169067	592.068414986432	875.32445082334	27.7099930782647	49.8898714064704	-594.003252216789	689.160364951612	284	91	6	6	125	255	199	14	4	40	1421	67	46	2	1216	40	0	0	76
6	1	2	33	3	down	3	512	427.743945303501	678.452839336119	428.298523304381	452.714006589206	604.214161879775	1431.00453517022	596.43289695354	901.84227989856	39.3264725187855	54.9309055173297	-593.976392441586	689.094570991821	305	85	5	6	111	241	204	18	5	44	1396	90	46	4	1262	35	0	0	60
6	1	2	34	2	down	0	512	429.116821006633	651.213377441652	433.401879897322	466.213990249311	594.780533087902	1307.13801898728	600.275412207673	893.267331589706	12.9399300916284	53.3404491475563	-593.674797151062	688.396361039494	287	90	9	5	121	243	211	15	5	38	938	52	33	1	1344	37	0	0	58
6	1	2	34	2	down	1	512	430.365084912266	588.990769905341	435.222431781902	456.944037691192	597.247644044161	1284.42184097956	611.785758025045	908.902727772021	16.9995050952573	52.4577559299061	-593.719224700314	688.497893465071	277	90	3	3	139	223	225	14	5	45	922	65	36	1	1339	30	0	0	55
6	1	2	34	2	down	2	512	393.627464124759	485.114928598986	411.415040922306	409.039425677683	607.084525083536	1374.58636447003	604.805519870852	896.824667857328	19.875839593158	52.9719884817748	-594.197002271867	689.607471041372	293	103	2	2	112	221	225	16	2	48	946	46	31	1	1258	36	1	0	63
6	1	2	34	2	down	3	512	429.981086246327	697.757506855849	429.140021745882	463.244812821416	619.242505769457	1596.37792159055	614.282737753342	983.868877558992	6.56773382611814	48.037377539664	-593.883622029766	688.881459034171	272	105	3	6	126	242	192	22	10	46	925	64	34	1	1209	26	0	0	50
6	1	2	35	1	down	0	512	415.220146567879	587.371244851609	418.769442347106	423.639335963103	678.715714689783	1817.37128616846	652.655814252711	1050.70001977275	10.9109778358432	45.3442367444141	-594.097273845246	689.375437683158	303	88	4	4	113	217	234	25	3	33	468	24	20	0	1238	38	4	2	75
6	1	2	35	1	down	1	512	447.457287510705	876.569481190078	435.09382944496	504.19709759786	665.481679366972	1687.11053390606	677.585472817999	1149.09837571456	8.16883917825048	47.6597155341727	-593.779003656693	688.639253522707	254	118	6	10	124	214	237	22	8	31	472	25	15	0	1332	35	2	2	73
6	1	2	35	1	down	2	512	429.942579083201	658.874136314753	431.33632055668	458.665963565198	612.603298820418	1280.17528642746	642.229468185458	987.249354398792	5.33274280051581	50.1644039402109	-593.852847124425	688.807095153808	282	96	0	5	129	211	246	13	4	38	465	25	21	1	1372	30	2	2	65
6	1	2	35	1	down	3	512	387.092542426329	446.449746111159	405.032647529255	390.911113537952	664.445204858534	1722.42450175909	655.69512838603	1071.42589908238	4.2934773659394	48.7370659338448	-594.174700099467	689.555659086519	276	115	1	1	119	209	232	23	10	38	460	27	24	1	1319	34	2	0	64
6	1	2	36	0	dwell	0	512	400.988143899757	568.44308589896	407.444157285315	409.076546199772	0	0	0	0	-5.99444418566005	46.7913649021394	-593.925468605255	688.976331101444	293	105	3	4	107	0	0	0	0	0	0	0	0	0	1356	0	0	0	0
6	1	2	36	0	dwell	1	512	411.641692707581	562.525137619009	411.317508881028	417.075652275999	0	0	0	0	-5.96307822907978	48.8203051507529	-594.025218263211	689.208479316013	264	111	5	3	129	0	0	0	0	0	0	0	0	0	1359	0	0	0	0
6	1	2	36	0	dwell	2	512	414.961832664764	635.967704307155	413.868888185639	446.860095439854	0	0	0	0	6.61187702165519	47.0402198101454	-594.014265960848	689.181962071056	269	112	8	5	118	0	0	0	0	0	0	0	0	0	1291	0	0	0	0
6	1	2	36	0	dwell	3	512	404.539326835698	578.822246982203	405.938744754983	409.830794955864	0	0	0	0	-8.39613355226158	55.293375652447	-593.953632857206	689.041937193285	282	109	4	4	113	0	0	0	0	0	0	0	0	0	1355	0	0	0	0
6	1	2	36	0	dwell	4	512	410.902039265385	625.181448087274	402.936828039326	399.638321106306	0	0	0	0	-16.0910762280265	52.7576276901422	-594.116306477146	689.420631611024	279	109	7	5	112	0	0	0	0	0	0	0	0	0	1352	0	0	0	0
6	1	2	36	0	dwell	5	512	424.011462790698	757.434662851567	417.383487335571	462.689837126076	0	0	0	0	-17.0750142473746	48.5312275393324	-593.713861994267	688.48807007854	274	115	5	8	110	0	0	0	0	0	0	0	0	0	1413	0	0	0	0
6	1	2	36	0	dwell	6	512	405.335668057258	651.156611390523	396.58955906352	400.715558694536	0	0	0	0	1.14136148547735	50.6637114135601	-594.035891781006	689.23528064858	281	116	6	6	103	0	0	0	0	0	0	0	0	0	1283	0	0	0	0
6	1	2	36	0	dwell	7	512	393.118853661322	484.707833462347	401.531425631397	385.492831424349	0	0	0	0	7.44712358886097	44.2963598394886	-593.665336053767	688.374492732378	292	104	2	2	112	0	0	0	0	0	0	0	0	0	1459	0	0	0	0
6	1	2	36	0	dwell	8	512	394.846311175384	635.840868307238	391.171051734469	392.109597118266	0	0	0	0	1.36123656556936	43.2399646474729	-593.828628315331	688.751600699633	279	126	3	6	98	0	0	0	0	0	0	0	0	0	1362	0	0	0	0
6	1	2	36	0	dwell	9	512	406.478573746957	591.827131964152	402.242346666864	401.326478181182	0	0	0	0	5.3977240929758	48.4378884363038	-594.101105785065	689.385906432039	258	122	6	4	122	0	0	0	0	0	0	0	0	0	1327	0	0	0	0
6	1	2	36	0	dwell	10	512	439.165491443204	677.387221923854	429.763550622578	454.818578437534	0	0	0	0	-7.60143848925195	51.5153613780083	-593.825025531392	688.744870803033	270	95	5	5	137	0	0	0	0	0	0	0	0	0	1395	0	0	0	0
6	1	2	36	0	dwell	11	512	435.546384489128	804.044413809715	418.556119995702	458.108447843693	0	0	0	0	-9.17958171877395	43.5375444171847	-593.934535917199	688.999140232197	295	98	3	9	107	0	0	0	0	0	0	0	0	0	1326	0	0	0	0
6	1	2	36	0	dwell	12	512	384.155328169759	507.668807318657	393.522774956106	382.752675386922	0	0	0	0	-5.17963006256741	52.6673621535649	-593.433425596783	687.837534927414	289	117	0	3	103	0	0	0	0	0	0	0	0	0	1418	0	0	0	0
6	1	2	36	0	dwell	13	512	431.689290178826	922.074131356731	402.335735527644	428.574058132186	0	0	0	0	8.22819702246184	53.6337504140793	-594.02174128033	689.19923423962	252	138	7	12	103	0	0	0	0	0	0	0	0	0	1372	0	0	0	0
6	1	2	36	0	dwell	14	512	413.483598745697	666.153509902193	404.609609132889	408.261462162523	0	0	0	0	-10.7803588908893	50.6417510903916	-594.134535188439	689.464760605745	282	111	2	6	111	0	0	0	0	0	0	0	0	0	1310	0	0	0	0
6	1	2	36	0	dwell	15	512	442.006437791957	796.888774733861	420.755003810626	447.846016980996	0	0	0	0	-6.23562569229083	46.8344531640013	-593.88996700098	688.893019516583	254	115	4	8	131	0	0	0	0	0	0	0	0	0	1324	0	0	0	0
6	1	2	36	0	dwell	16	512	393.455254856016	604.001849600581	397.425391929925	425.127797536838	0	0	0	0	5.86660562642747	47.7056708308846	-593.932020302247	688.993812296351	265	132	3	5	107	0	0	0	0	0	0	0	0	0	1355	0	0	0	0
6	1	2	36	0	dwell	17	512	397.129976624129	596.375676729705	395.314411279839	389.43259005716	0	0	0	0	6.54160046096353	43.5029962614183	-593.971988420256	689.086236648572	295	110	4	5	98	0	0	0	0	0	0	0	0	0	1335	0	0	0	0
6	1	2	36	0	dwell	18	512	406.257694041642	626.291874569517	404.447796071835	419.020202139915	0	0	0	0	-3.65342538333769	40.0282772382309	-593.904010798264	688.927448775526	259	125	7	5	116	0	0	0	0	0	0	0	0	0	1338	0	0	0	0
6	1	2	36	0	dwell	19	512	369.702445796323	412.012488587022	384.150105602156	354.727141240727	0	0	0	0	3.35957149358788	51.4394239861276	-593.938738228959	689.007091264583	288	120	1	1	102	0	0	0	0	0	0	0	0	0	1319	0	0	0	0
6	1	2	36	0	dwell	20	512	420.028683717572	676.220029390481	413.738198618834	428.713278103437	0	0	0	0	8.49704223670677	43.4822843387325	-594.184664336452	689.578516976676	284	105	2	6	115	0	0	0	0	0	0	0	0	0	1301	0	0	0	0
6	1	2	36	0	dwell	21	512	399.309356822265	538.787660979978	405.959923838084	400.255736412896	0	0	0	0	-22.238367648424	48.9161693393699	-594.289419176086	689.822006560658	273	115	3	3	118	0	0	0	0	0	0	0	0	0	1304	0	0	0	0
6	1	2	36	0	dwell	22	512	417.841286176644	609.075470009867	419.685081977728	437.221555614683	0	0	0	0	-18.509042256146	51.0612190862063	-593.586362718547	688.19039472756	263	111	5	4	129	0	0	0	0	0	0	0	0	0	1314	0	0	0	0
6	1	2	36	0	dwell	23	512	427.638587087566	755.510046096047	417.235633911143	450.70640827529	0	0	0	0	-1.2246659923499	50.5650508850104	-594.203838184411	689.622953735298	292	101	5	8	106	0	0	0	0	0	0	0	0	0	1253	0	0	0	0
6	1	2	36	0	dwell	24	512	415.076281188817	736.737983454791	405.460068923235	415.039817514987	0	0	0	0	9.43215027150086	52.5778754183031	-593.90750867839	688.936157622947	292	112	0	8	100	0	0	0	0	0	0	0	0	0	1349	0	0	0	0
6	1	2	36	0	dwell	25	512	405.489696709764	584.384112172153	401.53006956965	396.616681192927	0	0	0	0	7.96941133825843	44.8094504894843	-593.969183923774	689.080016360199	269	115	8	4	116	0	0	0	0	0	0	0	0	0	1336	0	0	0	0
6	1	2	36	0	dwell	26	512	396.180679715389	532.662604341996	400.986784849929	401.518706602182	0	0	0	0	2.00249071061364	45.6551706397552	-593.83686006041	688.770273657989	275	116	3	3	115	0	0	0	0	0	0	0	0	0	1374	0	0	0	0
6	1	2	36	0	dwell	27	512	408.118853661322	619.654617871717	403.331003570831	412.704084400442	0	0	0	0	-4.69698675010811	47.0408408480697	-594.124812222171	689.440070634716	284	109	4	5	110	0	0	0	0	0	0	0	0	0	1231	0	0	0	0
6	1	2	36	0	dwell	28	512	390.518040599446	516.972576894049	400.570069202241	391.191198978508	0	0	0	0	-6.21816166431707	49.8069889654858	-593.835098971815	688.768824104408	290	111	2	3	106	0	0	0	0	0	0	0	0	0	1344	0	0	0	0
6	1	2	36	0	dwell	29	512	401.564678381328	542.98012265553	406.6569234446	403.862261044287	0	0	0	0	-7.65529823882673	48.5009887012317	-594.086858378987	689.349221978242	268	115	7	3	119	0	0	0	0	0	0	0	0	0	1342	0	0	0	0
6	1	2	36	0	dwell	30	512	379.769296849131	497.184990284402	393.865530134092	384.823736427569	0	0	0	0	10.7233905755763	55.8034117098937	-593.876696911248	688.864250249938	291	117	5	3	96	0	0	0	0	0	0	0	0	0	1347	0	0	0	0
6	1	2	36	0	dwell	31	512	401.506917636639	540.224910240745	402.21700481197	391.246867919903	0	0	0	0	1.55254087078923	47.0610388991502	-593.758044423079	688.588504494335	275	111	6	3	117	0	0	0	0	0	0	0	0	0	1402	0	0	0	0
6	1	2	37	1	up	0	512	403.176614406011	540.381006552138	411.233266961004	414.197443506648	635.481679366972	1491.32782814667	640.490415845047	993.197193811491	-0.748848290581805	49.0589886690278	-594.052125299002	689.27491155873	285	105	2	3	117	222	233	18	6	33	470	24	18	0	1302	37	0	0	68
6	1	2	37	1	up	1	512	446.171589407271	693.562392664136	448.937813787331	512.885602784988	656.556661038536	1786.01030983314	653.969236011952	1132.97932668912	17.1742672357482	52.1757557619526	-593.382864317168	687.720859564023	261	96	4	5	146	197	221	25	10	59	451	43	17	1	1365	37	1	3	68
6	1	2	37	1	up	2	512	413.541359490387	557.715819932627	422.654335330404	430.991993054495	668.993282174461	1790.84178691	662.49230283204	1094.74702907806	3.25508591378861	46.2565237991234	-593.970422058399	689.08297643353	283	98	4	3	124	234	217	25	9	27	452	41	17	2	1316	34	2	0	61
6	1	2	37	1	up	3	512	434.443058927882	807.077232845061	421.990236007198	451.192290539686	590.635708019478	1205.0187411439	618.892282701562	920.30648021147	23.5578505473546	51.2568163457474	-593.805674704682	688.699886103394	283	106	4	9	110	218	233	12	3	46	477	27	6	2	1296	43	1	0	79
6	1	2	38	2	up	0	512	447.82203259508	729.820039306525	443.810365174682	502.584609543864	645.932529085719	1616.03514239821	623.944569143441	965.550331271092	32.5747910045605	51.9822404113119	-593.66072107444	688.365305914052	264	96	6	6	140	226	227	21	2	36	936	56	30	2	1340	27	0	0	47
6	1	2	38	2	up	1	512	454.433968619763	772.167707612503	440.533171577722	479.790419395593	578.783638707917	1151.20854203992	606.027671989517	909.624646846164	0.408461676396609	47.874830637278	-593.762726461128	688.600251614301	273	89	7	7	136	211	230	11	6	54	918	65	41	0	1360	34	0	0	65
6	1	2	38	2	up	2	512	443.627464124759	712.596084853708	442.07600549488	487.910230940055	637.035854646965	1597.13979421753	614.790893787015	939.432794178881	13.9723847115005	54.4310533578983	-594.090507774296	689.359148810954	289	84	4	6	129	234	217	21	3	37	940	51	33	0	1205	37	0	0	62
6	1	2	38	2	up	3	512	424.577833998825	538.237773429605	429.811178257786	434.915217960031	619.167637373856	1365.27994237848	624.465247595207	956.936450952247	23.0214728389326	47.9368445866203	-593.909920838858	688.939754313831	288	83	4	2	135	204	243	15	5	45	941	39	41	3	1222	42	0	0	74
6	1	2	39	3	up	0	512	442.054035263202	754.131787088827	432.621965184449	471.946844140733	640.951782667282	1646.09988665624	620.111167379328	972.916566234065	30.3034402837151	52.2143196353096	-593.768647450054	688.614594751052	270	101	4	7	130	221	221	22	1	47	1407	79	46	4	1243	32	0	0	52
6	1	2	39	3	up	1	512	450.403592075393	770.765493326129	443.199602203316	498.068094919945	566.306364478214	1112.57659863782	589.405777620506	852.907369476653	35.5051106056481	51.550070424237	-593.704532781081	688.46667787119	263	99	5	7	138	254	207	11	3	37	1415	66	52	3	1285	24	0	0	46
6	1	2	39	3	up	2	512	440.124951625388	675.446199782346	438.124416961446	472.461579987161	607.439106894467	1367.57527237974	614.170677755235	938.171177562425	40.2114230529709	52.7293592731172	-593.822349519188	688.736653388366	279	89	4	5	135	230	217	16	10	39	1413	73	49	1	1234	44	0	0	72
6	1	2	39	3	up	3	512	442.678167216019	648.883012466	438.637696862194	469.663269149315	599.732935616657	1357.83957510264	591.119369828079	868.983226599064	9.43399399799051	49.4940161687557	-593.787825963999	688.658211431785	269	90	3	4	146	231	216	16	2	47	1392	90	53	1	1199	31	0	0	58
6	1	2	40	4	up	0	512	430.028683717572	617.945087681137	432.863501483801	450.90507193329	592.851449450088	1302.58990253547	593.12873324084	857.371143779861	50.8742684178801	59.6878387184168	-593.552072802032	688.11518690546	292	85	2	4	129	248	209	15	3	37	1884	100	60	4	1268	37	0	0	66
6	1	2	40	4	up	1	512	439.626504435396	646.440441646169	447.174540161185	492.694041338375	579.943652048527	1283.19300567648	585.169277476476	855.257913910056	48.0637743988782	54.6808255747411	-593.861234150873	688.830476788887	263	96	3	4	146	241	201	15	5	50	1868	95	83	2	1205	25	0	0	50
6	1	2	40	4	up	2	512	436.352888984132	736.613820629462	432.076448260789	471.126754181619	590.280053243221	1270.07460925069	603.704074299345	907.653902807029	40.5663531598097	52.9340602987383	-593.96877340601	689.080201821336	291	93	1	7	120	226	217	14	8	47	1874	92	80	2	1222	31	0	0	54
6	1	2	40	4	up	3	512	424.367117566955	618.241323890103	428.997763842891	459.225338053831	586.201006262279	1258.36107962745	599.368592207811	881.651811832059	42.9637465942172	51.6528027128985	-594.089521842597	689.357239605555	270	103	2	4	133	237	210	14	8	43	1854	119	72	3	1120	43	0	0	72
6	1	2	41	5	up	0	512	493.311389476954	874.752193560156	494.046607157721	613.790642461102	601.13415520947	1361.07993080976	593.341347070539	868.017416506974	49.0956205395355	61.3209924211047	-593.896594638749	688.909627606447	270	67	6	8	161	230	218	16	1	47	2322	149	85	4	1146	36	0	0	66
6	1	2	41	5	up	1	512	493.14827051633	949.0541879053	482.040769770666	598.882183033304	575.692395798842	1242.14467093611	579.505477544797	836.42790621995	72.8055992847877	62.3442359580469	-593.71250685712	688.483579713943	264	79	5	10	154	240	205	14	2	51	2388	101	68	3	1248	23	0	0	43
6	1	2	41	5	up	2	512	475.999380138528	785.899430247043	477.543116486518	557.290460489586	556.40263238603	1101.32382871401	573.057385478733	816.6832989191	42.7013840146597	55.4517730036869	-594.101465925275	689.386732898896	249	87	1	6	169	241	204	11	4	52	2352	127	78	3	1154	38	0	0	69
6	1	2	41	5	up	3	512	468.599120235077	832.97879639745	466.118316696749	537.797674564482	619.540399801024	1528.56684106897	602.484434578698	916.465669895269	50.9815195874138	59.4919425876175	-593.952988051558	689.041679691778	276	83	1	8	144	241	206	20	4	41	2361	127	68	4	1125	47	0	0	90
6	1	2	42	6	up	0	512	417.495794673831	571.448419853079	427.805618182673	444.495442865711	590.240473114768	1400.50874049639	574.577999108395	838.911719514324	58.025273941705	56.2725922559187	-593.913846200742	688.953954433639	268	105	3	3	133	257	188	18	5	44	2832	134	106	0	1110	41	0	0	70
6	1	2	42	6	up	1	512	465.230309841323	786.280345902109	463.396470614713	525.556897894629	531.027724028209	977.614286128371	542.702973454658	719.031800580541	68.0486610072404	62.3399491270959	-593.89471834721	688.90631973249	288	74	1	7	142	262	187	9	5	49	2876	115	78	3	1146	45	0	0	88
6	1	2	42	6	up	2	512	465.672069251952	791.435115955421	464.382713472513	539.79998813594	582.870703031652	1250.59921526383	571.014524278448	797.515332209056	72.8027562222604	58.37551124542	-593.912913779708	688.949708566337	274	81	5	7	145	247	207	14	3	41	2822	152	93	5	1167	36	0	0	68
6	1	2	42	6	up	3	512	441.564678381328	754.651965355555	447.079879868923	517.876211629967	567.620406471329	1326.01028917471	570.859978282321	861.0791269937	58.7906643970157	55.6888060901584	-593.541669800845	688.084797470466	268	103	3	7	131	256	175	17	8	56	2802	166	99	5	1190	33	0	0	51
6	1	2	43	7	up	0	512	496.987184210394	1068.44265758522	476.19136851913	591.784307323391	644.252669042902	1681.55974841134	613.526426206875	947.053046562933	83.8696898585793	61.2678465424326	-593.722421516672	688.505871601449	251	96	5	13	147	231	213	23	4	41	3266	175	136	7	1170	27	0	0	50
6	1	2	43	7	up	1	512	488.762239195702	1012.76105731635	470.780085482758	569.035308650411	630.17362206196	1616.92825811309	606.1102960115	934.574865792968	83.610764024777	62.4651757788682	-593.557331953933	688.125816307336	270	88	0	12	142	242	203	22	5	40	3281	187	116	0	1147	40	0	0	68
6	1	2	43	7	up	2	512	509.856474448829	1048.9295761078	502.843834160121	667.133279179119	585.923438777601	1157.83514735623	597.253230211824	862.250008619336	73.910955905487	59.5966881638822	-593.959375784431	689.058260387236	264	75	4	12	157	224	231	11	5	41	3280	177	126	1	1070	41	0	0	72
6	1	2	43	7	up	3	512	463.590029926958	758.452859994545	468.443029140073	539.401361008014	622.391509423222	1545.33226002477	604.190324184555	938.565383030076	76.6949735833305	56.5306688129554	-594.144925107619	689.487730474758	262	87	3	6	154	214	218	20	4	56	3277	192	109	6	1093	31	0	0	46
6	1	2	44	8	up	0	512	518.302299168836	959.006746977586	508.19117903826	633.207857172666	530.336741022584	1050.58191193351	532.555991259053	708.432537242765	89.6235314248496	61.5342236448827	-593.999483302779	689.147628130309	260	61	1	9	181	256	179	11	5	61	3791	168	130	7	1036	35	0	0	66
6	1	2	44	8	up	1	512	502.639660052892	890.398758854632	501.31249274134	611.152855947232	517.323585405088	1071.18679030476	524.061884828095	714.273159217292	67.0386375035568	61.3978288861215	-593.550080407755	688.107164138053	275	59	1	8	169	240	170	12	6	84	3791	198	104	3	983	41	0	0	72
6	1	2	44	8	up	2	512	489.415788003526	842.758853772355	493.903036406724	596.65549395525	502.977134212913	766.2378023514	528.500824408413	673.205520659414	77.1854270465319	65.195965668492	-593.778787316118	688.637605267395	253	79	0	7	173	231	203	4	4	70	3782	181	126	7	1180	27	0	0	52
6	1	2	44	8	up	3	512	481.267857315087	790.706523731007	489.991104677141	595.713432660672	544.808876977584	1147.16550406851	536.790367424349	727.459960894409	82.3730552902594	57.4107720480084	-593.885985512589	688.887440442963	256	78	3	6	169	256	181	13	3	59	3812	164	119	1	1018	51	0	0	87
6	1	2	45	9	up	0	512	505.17362206196	937.019161194276	503.13720881929	635.541345052318	542.02569137352	1141.61206605764	540.544149727113	741.420269743115	91.1963167093339	67.1606681423024	-593.841932901602	688.78228031475	258	71	3	9	171	257	178	13	4	60	4197	223	182	6	998	39	0	0	72
6	1	2	45	9	up	1	512	486.027724028209	906.299424462683	486.569999954785	595.209419334042	493.503925292587	809.860848943835	509.667151476983	625.364661711316	100.520747481685	65.6554118178238	-593.852962343505	688.808425166998	254	87	4	9	158	260	177	6	2	67	4253	224	127	4	1054	42	0	0	74
6	1	2	45	9	up	2	512	517.101632734447	1126.74730857821	496.158914848359	638.316578294929	560.998307173201	1386.42536251826	545.882448695303	787.122477371722	108.995155775799	80.005522374618	-593.561305093675	688.133118724338	278	69	3	14	148	262	162	19	2	67	4219	243	141	5	1096	28	0	0	50
6	1	2	45	9	up	3	512	495.845351486022	884.343772165437	499.029531167768	612.589856349958	498.907177540089	821.132248456051	514.669637074661	637.204783475432	92.3143104193911	65.4901594387593	-593.783291758472	688.648640057205	261	72	3	8	168	256	183	6	1	66	4208	230	161	9	1074	21	0	0	40
6	1	2	46	10	up	0	512	501.814974941651	898.777479229076	507.813050623028	628.273154994555	533.31246244228	917.106534473388	536.535232408685	681.450324676166	121.832270779686	78.3950784211296	-593.653931872927	688.347614862293	251	74	3	8	176	249	205	7	2	49	4706	273	135	6	1021	39	0	0	68
6	1	2	46	10	up	1	512	503.042912300395	856.670158366848	501.874752503073	605.261032123763	530.883858649148	1015.7881223472	532.934727949276	693.244018123111	107.259854583358	72.8759690968304	-594.032773839215	689.225820778529	271	57	2	7	175	259	185	10	2	56	4731	228	156	5	945	41	0	0	74
6	1	2	46	10	up	2	512	518.158433789774	960.071936076108	520.166599454307	671.954346839037	515.499859983209	1026.6368986227	519.464812389954	677.853100906733	101.127652458023	75.1285376387218	-593.786980698799	688.655204149369	253	64	5	9	181	254	169	11	5	73	4654	272	190	4	942	35	0	0	64
6	1	2	46	10	up	3	512	519.578906964151	964.239565186594	517.971058602651	668.122182475549	560.835188212577	1349.50784668374	538.433065774624	753.665092013665	115.876597048539	77.7627414601194	-593.795777442889	688.675976573904	251	65	3	9	184	260	165	18	6	63	4730	205	182	3	1065	30	0	0	58
6	1	2	47	11	up	0	512	533.522105908824	1154.66881971371	523.54169877542	691.532196584649	521.574841654773	1001.09543825141	517.581337795801	651.522469487528	128.271166710534	83.2777540077385	-593.927500711601	688.982919544207	276	58	4	14	160	257	179	10	2	64	5224	231	172	5	988	38	0	0	61
6	1	2	47	11	up	1	512	567.25673435228	1192.30254247775	548.174539307943	732.97496319683	547.928463776341	1160.84666362858	535.615046624373	716.742372714287	127.615557103254	85.6928681538075	-593.855346257543	688.815688768178	241	53	1	13	204	240	191	13	0	68	5179	246	202	5	970	34	0	0	61
6	1	2	47	11	up	2	512	565.81700759634	1298.40054234825	546.005912481181	750.727089214457	506.325618059777	907.215618170811	521.07593405801	687.959546929802	111.544006252083	73.7491871905729	-593.820895943765	688.734756456456	236	68	3	16	189	249	180	8	3	72	5199	241	183	9	905	37	0	0	66
6	1	2	47	11	up	3	512	533.79165605071	1167.5708239749	517.918717470848	685.16934343115	555.54853041978	1137.42715427525	546.215294083807	737.283281801591	123.996606242235	78.2963089346087	-593.75026570685	688.570097457888	250	75	2	14	171	241	201	12	0	58	5211	248	166	7	972	37	0	0	68
6	1	2	48	12	up	0	512	443.541359490387	679.387662632652	445.992831319349	483.182341225907	490.289143551339	807.582801614476	507.192632931182	635.332793684873	136.747168023913	79.9845028671703	-594.128241877077	689.448057677432	283	84	4	5	136	252	177	6	3	74	5691	261	187	5	845	47	0	0	92
6	1	2	48	12	up	1	512	481.430976275712	864.652863299893	477.703954122777	567.798974447119	506.804811668206	972.349534433299	503.457721650779	630.938945371611	131.924717447484	83.124795861197	-593.641331335795	688.320090438526	250	89	4	8	161	262	164	10	6	70	5656	266	214	8	962	31	0	0	56
6	1	2	48	12	up	2	512	496.978093902275	964.805858122956	481.690643165959	590.501792119391	475.922365812275	708.079473574219	495.445370258255	601.171559907753	127.877123173179	86.685079680905	-593.567000859973	688.14517182259	245	89	3	10	165	261	173	4	3	71	5650	296	191	7	949	32	0	0	54
6	1	2	48	12	up	3	512	444.20399860633	650.104297875915	453.581447121803	494.496316730465	503.646717706322	993.922475186804	490.58584752167	602.431591449847	122.654286574306	73.644562835806	-593.957018751019	689.052980743511	272	87	3	4	146	284	150	11	4	63	5607	307	224	6	904	32	0	0	57
6	1	2	49	13	up	0	512	492.217154223827	944.3929883234	494.714726655318	630.912269198911	598.456327821342	1426.71761995299	581.141496995145	851.034033869507	140.020311648903	88.4883680882389	-593.828708905958	688.753342530707	272	75	4	10	151	232	205	18	2	55	6141	308	199	8	866	39	0	0	66
6	1	2	49	13	up	1	512	477.87979333977	780.162839157293	482.265537686816	564.693092135807	584.425951276971	1224.14911107758	580.975962060635	818.718172574285	122.973554792371	76.3381267098989	-593.517857842982	688.03395485253	269	73	1	6	163	234	219	13	1	45	6151	315	186	4	880	39	0	0	62
6	1	2	49	13	up	2	512	498.139180208211	964.528251502395	493.697456224371	623.794627341273	595.480606401646	1449.02670282407	577.862300947876	850.921500910452	142.245332471718	91.0398004297512	-593.767810167139	688.614533117305	250	85	3	10	164	251	191	19	2	49	6142	311	194	9	886	38	0	0	70
6	1	2	49	13	up	3	512	466.852409139451	717.97391967887	479.991873067128	556.760221025089	594.368190532281	1385.47815392683	576.999779468614	821.775007212935	150.853936606139	90.3568904609082	-593.718645619836	688.498373332837	286	66	2	5	153	229	208	17	2	56	6200	273	178	5	876	39	0	0	72
6	1	2	50	14	up	0	512	483.244538424146	826.635123392454	494.882614536583	600.268941630215	559.4147150382	1271.25596230921	537.410784700223	733.821141828251	152.178449270091	100.680433763095	-593.668242937903	688.378764724959	263	76	3	7	163	274	171	16	2	49	6628	324	208	8	848	32	0	0	56
6	1	2	50	14	up	1	512	492.35192929477	913.748647231343	508.613219051082	673.449524483387	550.124951625388	1257.49055161678	530.727264235106	712.264889793071	146.444258434288	90.2128086755889	-594.072363702669	689.318427822378	257	79	8	9	159	271	166	16	1	58	6659	315	188	6	819	44	0	0	78
6	1	2	50	14	up	2	512	513.235448116027	992.891892748932	506.278779180557	649.47712040128	570.212129225086	1301.32825646042	552.011385605938	782.328725650188	158.703773069536	101.116136937357	-594.320088644188	689.894120204071	241	79	5	10	177	248	189	16	1	58	6666	261	230	11	768	45	0	0	86
6	1	2	50	14	up	3	512	530.864605067585	1088.97171200319	522.629358754958	705.140561970172	526.642765672908	946.114516811983	531.767707686382	689.624979929232	146.625363059867	94.3670173036752	-593.76991418136	688.61722142814	252	67	5	12	176	239	199	8	2	64	6667	311	189	1	912	31	0	0	56
6	1	2	51	15	up	0	512	497.313422131643	882.809845160568	497.396115240491	608.410246674969	568.273955279154	1267.22759581039	546.102556273876	737.074964284902	176.102491616768	109.158283062964	-594.287684351172	689.817498759618	271	65	2	8	166	235	196	15	3	63	7078	341	254	7	710	32	0	0	56
6	1	2	51	15	up	1	512	469.856474448829	689.009399493747	488.51606940805	578.230537903603	514.914235193519	1022.57392546323	520.537191338461	685.441697076628	159.393529019118	103.357144863136	-593.663900592708	688.370758496857	276	64	8	4	160	265	167	11	1	68	7107	335	229	9	887	31	0	0	60
6	1	2	51	15	up	2	512	543.426910966334	1218.96328482411	520.392525472116	697.491818336017	544.789623396021	1146.26483846046	538.812625327096	741.061090238115	164.252688701178	104.514533649101	-593.599348592722	688.220958635881	248	72	5	15	172	261	181	13	0	57	7064	352	257	7	925	19	0	0	38
6	1	2	51	15	up	3	512	484.712609069768	862.156627917263	489.293655447214	596.31234793952	541.958840320712	1109.33091723995	533.741032617946	711.462707002331	147.179595653086	102.480852079	-593.717330744305	688.493797433142	269	75	3	8	157	250	186	12	3	61	7065	396	212	7	848	26	0	0	44
6	1	2	52	16	up	0	512	477.035854646965	639.365952214342	502.597752205914	598.418065562541	560.499859983209	1172.11583893838	550.892045082849	756.087463079419	157.772164457304	105.735731789351	-593.423463609258	687.812250851945	258	64	4	2	184	262	192	13	0	45	7581	374	232	5	844	32	0	0	62
6	1	2	52	16	up	1	512	511.574841654773	874.066614517045	516.984609216658	646.128903459703	544.463385474771	1183.62270917576	534.12636771796	720.706887444226	184.891732047153	116.668968394792	-593.647236726541	688.331063688724	265	55	1	7	184	249	176	14	7	66	7624	320	238	10	765	44	0	0	84
6	1	2	52	16	up	2	512	490.710576415079	795.850642402823	495.952653153725	588.063276176017	537.362092568214	1067.68435607716	532.027016644454	706.918125045005	176.104538169663	114.798396192626	-593.673915473967	688.394297998949	280	56	3	6	167	246	189	11	3	63	7554	393	233	12	781	33	0	0	54
6	1	2	52	16	up	3	512	514.770369814457	875.390780647723	526.153043417986	671.582528236101	532.639660052892	1160.31893546869	516.056813788028	674.721002851191	154.003334777686	91.8525969975156	-593.496421466654	687.979833954393	270	48	5	7	182	263	166	14	1	68	7591	355	237	9	870	31	0	0	54
6	1	2	53	17	up	0	512	522.054035263202	1029.17392298422	534.816914021092	734.992673254311	532.746091234153	1099.24799236567	531.342287488585	717.508099861034	186.663085985191	114.943778978629	-593.941066116145	689.014450102234	274	56	4	11	167	239	184	12	2	75	8012	382	299	11	728	26	0	0	48
6	1	2	53	17	up	1	512	543.533342147595	1009.64400780707	557.360544219014	759.158150690064	474.981086246327	806.127800051215	486.785281922657	574.362694047916	182.26571672268	111.060295386172	-593.911526379359	688.945142765124	236	56	6	9	205	276	151	7	5	73	8109	347	244	4	697	52	0	0	90
6	1	2	53	17	up	2	512	526.958840320712	1011.43956436026	532.504355852272	714.569999917612	506.6507830157	965.011170592311	505.386003997269	636.46421883987	187.736825942086	117.274377011208	-593.861808665032	688.828541176627	254	62	2	10	184	282	159	10	2	59	8049	366	282	7	771	30	0	0	54
6	1	2	53	17	up	3	512	514.175654716649	915.9127341447	522.533566799525	677.855803490675	476.929423465704	663.354855992362	508.589709019309	620.820153947832	183.172567366632	111.84654698201	-593.652014336457	688.345710637212	259	60	3	8	182	282	169	3	6	52	8009	368	307	20	689	32	0	0	54
6	1	2	54	18	up	0	512	415.317487441021	496.800973141006	436.478916695364	454.897520339823	482.131049589455	895.348644752332	481.896275628077	587.088427791846	192.948681147672	125.449152243823	-593.730053383688	688.524529129479	269	99	1	1	142	266	152	9	2	83	8551	401	257	7	703	34	0	0	54
6	1	2	54	18	up	1	512	453.723732032575	733.041765425239	463.483618424442	538.097784476401	491.238440460079	797.185010942828	491.438932919681	569.368577674408	207.613587398489	132.623915995765	-593.58930573174	688.198538786494	280	82	5	6	139	280	168	6	2	56	8451	409	353	3	674	34	0	0	62
6	1	2	54	18	up	2	512	462.639660052892	678.753523949922	471.629799182022	527.9796732657	538.61837381664	1204.25197113991	510.771765968429	676.378558733681	191.869911425757	121.406490532893	-593.887073565227	688.888432184842	279	70	1	4	158	263	163	15	5	66	8501	422	282	11	714	33	0	0	58
6	1	2	54	18	up	3	512	473.926431121652	856.527365953113	476.749679871717	577.177295568276	466.38230583914	793.532234408322	470.282235113315	551.562437251183	184.369975304178	114.371292646511	-593.820355958418	688.733523517493	239	101	5	8	159	275	147	7	2	81	8523	423	261	9	664	36	0	0	70
6	1	2	55	19	up	0	512	470.077354154143	691.626696213376	487.417045761731	578.624101443598	573.196940952901	1234.38103134225	567.226919919455	799.745961824849	208.814837734599	132.432359399891	-593.917190149162	688.957815385255	275	66	4	4	163	243	199	14	7	49	9008	411	301	8	644	41	0	0	68
6	1	2	55	19	up	1	512	506.180679715389	1003.48744599677	494.670610202566	627.800875908502	583.177687371338	1397.59122879355	564.845899737344	808.977695629314	194.065612844886	122.121118798973	-594.113892533243	689.413963538704	271	69	5	11	156	240	191	18	2	61	9043	394	272	19	654	35	0	0	58
6	1	2	55	19	up	2	512	507.400599731341	873.729589329194	515.521162272855	661.44114610377	545.327650714466	1044.83646535094	550.273290823983	735.653146950143	212.246920372191	142.340512334775	-593.227161977226	687.359905878282	248	68	3	7	186	246	199	10	4	53	8925	435	358	10	670	37	0	0	68
6	1	2	55	19	up	3	512	494.47247578289	948.612057794268	494.478415388481	608.372184541762	591.288183861977	1315.52694177105	580.826353991402	831.240724586749	215.156995559584	141.740492641235	-593.656164554611	688.35249979445	271	74	4	10	153	214	221	15	2	60	8977	406	335	10	606	30	0	0	52
6	1	2	56	20	up	0	512	508.781492777265	971.249310360383	506.933869528931	645.819986514846	513.244538424146	874.142887442492	536.633807991328	721.986885929523	225.426265716754	152.259559837208	-594.036652673254	689.236664975023	277	61	1	10	163	263	181	7	9	52	9467	453	308	12	576	37	0	0	62
6	1	2	56	20	up	1	512	485.729829996642	900.026249720218	488.475999311993	592.725056224199	546.564678381328	1217.55884633532	532.427451416179	714.076842350991	206.304680240035	131.512308863008	-593.845971766519	688.794739056541	267	79	4	9	153	264	169	15	4	60	9496	469	260	15	625	36	0	0	59
6	1	2	56	20	up	2	512	501.008470446646	855.041777820294	500.867798957984	607.481416337029	494.991249519772	846.309626872011	512.982547241701	643.67766387703	215.468719130117	143.973898676294	-593.581591207816	688.180732050207	267	61	2	7	175	265	172	7	1	67	9407	481	342	10	609	37	0	0	71
6	1	2	56	20	up	3	512	507.005364826631	1106.30162800668	483.096903446061	595.29484924484	559.674101906641	1275.67459024494	543.41586051213	758.235945941948	208.057117280432	135.215265388566	-593.962070444402	689.0624509643	287	71	2	14	138	263	174	16	4	55	9439	466	322	13	613	25	0	0	46
6	1	2	57	21	up	0	512	527.899046921333	1008.57126881538	514.642149213705	642.61220982494	513.46541812946	950.897655016793	516.344783665833	661.801840770016	220.746274665004	141.823687797181	-593.742736677376	688.552928623789	264	55	2	10	181	258	177	9	3	65	9890	498	347	17	539	30	0	0	56
6	1	2	57	21	up	1	512	494.194908298212	811.004086198054	502.27894324119	608.692551909881	509.031789337587	946.14200189321	509.044580372946	639.048167822027	230.071892803811	157.410057305655	-593.593315816799	688.209156319886	258	67	4	6	177	252	176	9	3	72	9898	492	346	16	581	37	0	0	64
6	1	2	57	21	up	2	512	506.276947623206	896.930910629252	514.802589666677	652.439162342722	551.843318831333	1230.84931614474	530.700532013914	707.851871211564	226.585216583817	152.301045804978	-593.512759971985	688.021454612544	274	57	1	8	172	256	177	15	2	62	9909	495	332	16	613	27	0	0	50
6	1	2	57	21	up	3	512	518.330643058517	1026.51538831354	514.167108025254	663.441782240391	533.52317887415	1096.54422031127	530.080720610884	709.512307348613	223.255229997126	156.046917193651	-593.724475786408	688.508860615967	269	63	1	11	168	247	181	12	3	69	9856	532	357	7	550	38	0	0	56
6	1	2	58	22	up	0	512	506.306364478214	869.232913237766	511.319444863484	629.91241970886	499.933488775082	888.527806661911	499.485623303373	616.746871317673	237.328851573088	157.390452605093	-593.890591625996	688.895269332867	254	65	3	7	183	268	169	8	2	65	10419	456	374	15	599	37	0	0	66
6	1	2	58	22	up	1	512	528.763312161028	980.924711784277	531.551687458252	696.685326977145	488.397494111326	900.042655106206	492.098328552816	611.157475116256	236.091157634558	151.68127861513	-593.976118457773	689.0969100909	245	61	6	9	191	276	151	9	5	71	10486	479	284	15	534	30	0	0	52
6	1	2	58	22	up	2	512	539.184745024767	1170.38545495697	529.284379361775	731.704049188859	496.594095236336	888.242221834441	506.739581496634	645.789577430378	211.421515712635	141.971568367108	-593.425066900298	687.819215414485	265	62	1	14	170	252	170	8	6	76	10302	605	342	15	545	29	0	0	50
6	1	2	58	22	up	3	512	576.536334491647	1382.91495008375	547.801194547719	779.801166212331	485.980126556964	800.808078193689	502.806839009325	621.457995459864	242.736635196106	165.601408471545	-593.604115087244	688.232879358797	247	61	3	18	183	250	174	6	4	78	10344	525	379	16	524	33	0	0	58
6	1	2	59	23	up	0	512	541.152335825707	1139.70607889052	544.778413596222	745.237558305255	520.528203872891	1027.9526375743	518.146137669219	674.632407042244	249.000049949623	169.256753084938	-593.976900880336	689.096792806454	258	60	4	13	177	271	167	11	4	59	10868	528	370	10	497	28	0	0	52
6	1	2	59	23	up	1	512	576.248603733524	1348.01650454643	570.707061784444	839.371497943893	490.355994604148	876.945989757159	494.744562626753	610.278838146858	251.249345615116	171.400468594463	-593.636110829122	688.30637455897	241	60	6	17	188	259	166	8	1	78	10934	478	358	6	496	30	0	0	53
6	1	2	59	23	up	2	512	567.371182876333	1292.99299823944	552.512544503104	771.644154108813	520.826097904458	1034.25242011208	512.885520050343	646.952474840311	249.646787393317	172.892838530335	-594.088863688233	689.357558770379	252	56	5	16	183	262	173	11	0	66	10958	455	346	17	522	40	0	0	65
6	1	2	59	23	up	3	512	513.456327821342	847.234247759216	533.121599815673	683.893466494573	501.373215531022	856.54066985077	511.508313186192	643.501917919438	250.099252115651	173.287649721774	-593.900171608904	688.919607096535	248	59	5	6	194	265	176	7	2	62	10867	494	406	9	505	29	0	0	56
6	1	2	60	24	up	0	512	514.577833998825	1088.53045917807	507.988574042437	685.759260009989	481.238440460079	855.459952652172	479.965815574577	577.361272136462	257.565572901351	177.231153090856	-593.644586444608	688.324825057924	268	71	9	13	151	272	154	8	2	76	11426	527	328	7	518	30	0	0	56
6	1	2	60	24	up	1	512	511.142172552263	1120.77037004471	488.115452302777	605.7221547209	475.518040599446	948.181007378475	461.767448685075	538.718541502675	243.362457070084	163.755130080898	-593.87634528674	688.862433252379	269	79	3	14	147	282	131	11	3	85	11335	563	373	17	475	24	0	0	42
6	1	2	60	24	up	2	512	450.519113564772	590.998760507306	467.27918636762	514.239414357947	475.557620727899	743.662620868737	491.027782826568	601.772395569222	249.809959661307	178.125567147372	-593.850013864215	688.802030592496	269	77	2	2	162	263	169	5	0	75	11364	544	370	10	462	29	0	0	56
6	1	2	60	24	up	3	512	466.736887650072	749.518926378979	469.125955529886	528.413248002467	486.449156891949	894.56726525103	484.784650910611	586.359880698833	249.170173181916	175.432262193605	-593.570252736014	688.156619177331	296	64	1	6	145	282	148	9	4	69	11286	605	378	19	495	32	0	0	52
6	1	2	61	25	up	0	512	500.528203872891	922.11671622429	515.810722013377	690.419284742276	544.454295166653	1117.0679490385	546.720415263707	749.202355770599	280.711650380165	205.288447764075	-593.597912765301	688.218515212478	271	65	6	9	161	243	191	12	2	64	11826	564	396	14	446	38	0	0	68
6	1	2	61	25	up	1	512	496.76630450508	806.437340157839	507.855515449569	617.677791836107	553.331716023844	1172.09145534548	546.309756029344	746.068698329281	268.830027974366	187.313085334907	-593.764144990461	688.604043645853	280	52	2	6	172	232	196	13	3	68	11858	561	367	14	402	48	0	0	86
6	1	2	61	25	up	2	512	539.654848325078	1168.93800328688	516.035196292527	666.269564941345	560.529276838217	1255.58413613593	549.653992276721	768.884558754071	282.905445395999	214.616078116711	-593.347340482107	687.636204485457	268	59	3	14	168	230	191	15	5	71	11734	609	446	11	486	30	0	0	54
6	1	2	61	25	up	3	512	499.126984280077	881.820928987492	510.773269673518	643.682053097301	516.383378804467	925.833359730923	527.909813560857	672.292531920237	266.670253947222	194.78074308415	-593.60602779069	688.236586761287	276	59	6	8	163	246	189	8	2	67	11706	651	427	16	387	34	0	0	62
6	1	2	62	26	up	0	512	498.667044253211	817.614286128371	504.154508393529	606.51680672214	542.495794673831	1251.38412456721	521.117312185697	691.911904336605	283.709731659434	205.164426049041	-593.845859346458	688.794190014835	262	62	2	6	180	256	166	16	1	73	12349	558	388	17	372	47	0	0	86
6	1	2	62	26	up	1	512	542.371182876333	1179.26572400974	530.363239235334	730.721747010538	492.764271850391	798.406296352743	503.220248771855	615.688825485585	280.019316871268	205.791105117927	-593.559719650294	688.128475484107	256	65	2	14	175	283	168	6	2	53	12306	606	384	16	385	40	0	0	58
6	1	2	62	26	up	2	512	517.150303171019	988.810290001051	511.074161500132	634.786343852444	522.50488498195	1063.88123723575	512.846878404981	656.986683102996	286.815407084241	206.585120336923	-593.77783313034	688.636190027934	269	60	1	10	172	278	161	12	4	57	12253	602	448	9	384	26	0	0	48
6	1	2	62	26	up	3	512	539.405624730082	1172.94953608597	524.261940240262	719.01319968883	524.933488775082	1076.36594395097	521.968426916186	706.899889842946	274.831548477941	196.949928667639	-593.959394615384	689.054382766008	256	66	5	14	171	256	169	12	7	68	12324	580	397	11	370	35	0	0	64
6	1	2	63	27	up	0	512	516.411722694148	993.315393271558	518.106359183004	682.296877836227	514.597087580388	978.291437992404	506.693759312471	621.796665351675	296.790543052463	217.425709045451	-594.079211897101	689.33692348774	251	70	6	10	175	279	164	10	5	54	12804	582	427	11	360	35	0	0	64
6	1	2	63	27	up	1	512	525.990289830409	909.743787039504	530.161786215653	671.76796495441	512.322512439762	1121.42003682751	496.433754942642	644.041797006646	302.48966568272	228.751058357997	-594.122338369422	689.434899503872	239	61	1	7	204	273	147	14	2	76	12891	526	393	14	333	45	0	0	70
6	1	2	63	27	up	2	512	481.814974941651	830.023597204057	497.136653722166	613.463680334405	525.443172203845	981.619615950804	524.705738321262	677.624488592095	300.314802360513	224.277397161738	-594.009786348977	689.172635874041	251	85	2	7	167	236	195	9	1	71	12818	580	421	5	324	30	0	0	51
6	1	2	63	27	up	3	512	507.735927960709	902.926478751156	509.47450622946	627.863765897088	519.665011598523	923.337124348294	517.825366680166	646.805899314455	290.921422543525	211.231355872329	-593.872081581689	688.853014273007	266	61	1	8	176	265	185	8	1	53	12737	613	459	15	314	18	0	0	37
6	1	2	64	28	up	0	512	497.265824660398	777.318498891573	517.945247545032	644.633294200976	481.967930628831	821.37569738813	501.012028738949	637.085844606868	310.57163825473	236.838366712345	-593.598523591695	688.218757243001	267	56	2	5	182	268	159	7	5	73	13201	680	434	21	315	33	0	0	63
6	1	2	64	28	up	1	512	515.413755348837	919.317613342291	527.928153389838	682.91687934598	501.967930628831	964.267050267822	500.315292207574	630.932849311167	304.938075804175	227.750522990078	-593.793205251534	688.674137494923	256	61	3	8	184	264	161	10	4	73	13249	632	440	15	278	40	0	0	74
6	1	2	64	28	up	2	512	545.806844322895	1221.16328399778	542.06750738277	757.884876239583	483.253628732264	967.35396217971	485.621300703252	618.890112489085	303.022731998999	234.60465397171	-593.603097692466	688.229554731016	251	68	6	15	172	269	142	11	2	88	13129	736	462	9	311	27	0	0	50
6	1	2	64	28	up	3	512	566.987184210394	1327.6488721306	537.326384403797	737.101170428036	496.056067917891	878.477692559611	500.838530935329	618.742073902801	295.090310065569	217.95088433979	-594.007894359585	689.167876109218	255	59	3	17	178	275	163	8	3	63	13258	633	429	16	271	41	0	0	66
6	1	2	65	29	up	0	512	569.819040251029	1232.29411529868	567.694489326211	812.986610261533	507.513975290068	1069.65329161364	493.720778462451	618.323058050518	314.780343448144	246.707349740804	-594.049343132961	689.266113777267	237	56	5	14	200	292	142	13	1	64	13706	662	462	18	294	31	0	0	52
6	1	2	65	29	up	1	512	630.212129225086	1544.67194186047	599.579639797918	890.302943727175	472.706511105701	800.981457176981	484.133247620947	600.186709071695	307.36311815021	236.600521869897	-593.704848726421	688.465035483816	248	30	1	20	213	278	148	7	6	73	13617	711	506	14	278	25	0	0	46
6	1	2	65	29	up	2	512	592.246571078835	1445.82138209135	570.383430963023	821.662474919952	511.6507830157	1121.17746518135	505.664473678152	696.064786109329	310.733342857067	230.235773242941	-593.872999371704	688.855242937061	244	55	4	19	190	270	147	14	3	78	13820	618	402	8	258	40	0	0	74
6	1	2	65	29	up	3	512	555.452262511964	1132.79078725842	562.042607131065	792.309318853271	472.735927960709	736.254636051131	488.097020600939	576.854911929804	312.493918228223	245.978803444352	-594.316702200832	689.885893485356	246	53	5	12	196	266	164	5	3	74	13705	676	454	13	316	20	0	0	40
6	1	2	66	30	up	0	512	524.358027258837	1006.62226846697	534.805986007081	724.717039620808	461.133082244144	641.37747261838	475.757976179899	547.53562493308	323.020646553542	256.410015400175	-593.536000298231	688.07389427158	252	64	5	10	181	275	162	3	3	69	14159	683	505	13	211	28	0	0	48
6	1	2	66	30	up	1	512	530.836261177903	984.407639137564	539.615056497062	710.102156183652	458.330643058518	783.171702913485	456.981613309121	517.56293937654	331.529075836345	261.593714872081	-593.871343453645	688.85305172713	247	59	4	9	193	269	144	7	1	91	14260	627	455	18	203	42	0	0	68
6	1	2	66	30	up	2	512	554.31952009571	1237.65907453992	541.59560763538	740.999672091827	460.64372536227	753.063945474143	469.341184179159	555.920202338023	328.216553277627	265.355673691453	-593.913437283232	688.948957856682	250	64	2	15	181	261	151	6	5	89	14184	683	480	13	267	24	0	0	46
6	1	2	66	30	up	3	512	556.622439126018	1273.23201942511	548.862877516681	774.269465447754	468.109763353203	796.416935339184	464.974083162496	541.671466452356	317.379679605054	239.092430879382	-593.908157333751	688.937584405636	257	61	4	16	174	274	148	7	3	80	14213	662	474	11	264	27	0	0	46
6	1	2	67	31	up	0	512	559.799786669465	1141.42005748594	564.268856757839	774.192533203459	526.306364478214	1123.31716850181	507.746285016443	670.542870204736	328.884268967843	256.779110947584	-594.155701347156	689.511390755741	246	51	2	12	201	242	174	13	1	82	14783	660	416	13	187	39	0	0	74
6	1	2	67	31	up	1	512	574.933488775082	1303.90031579632	574.74089006568	831.533737730941	509.223252187894	1087.59698279805	489.261230426341	612.395797604317	335.653882839657	276.316566356216	-593.651490582365	688.344123260756	260	47	1	16	188	255	155	13	4	85	14610	715	530	17	193	35	0	0	66
6	1	2	67	31	up	2	512	555.145278172278	1022.88081305369	565.118792608534	754.280216740695	478.685224869449	844.96770843884	477.728819965381	561.04021736738	320.359563023522	256.088104858026	-593.651930413398	688.342958966817	253	38	3	9	209	286	147	8	2	69	14590	775	497	10	250	28	0	0	50
6	1	2	67	31	up	3	512	585.222292498531	1222.34600463123	585.616458939053	833.065608888742	458.474508437579	707.942435164975	465.728706672269	525.135359907274	327.953456865243	252.547708551832	-593.672922376246	688.392941626035	237	41	5	13	216	276	150	5	3	78	14669	719	468	16	198	38	0	0	57
6	1	2	68	32	up	0	512	577.535374802284	1213.51097296218	574.103340624329	808.064097994955	459.654848325078	819.758396536816	457.424271685913	538.801823676257	347.883624537591	288.078687449634	-593.956268974164	689.048457486275	233	51	0	13	215	268	138	8	5	93	15133	725	509	17	129	33	0	0	59
6	1	2	68	32	up	1	512	572.246571078835	1302.95663700697	573.251845905677	831.416378681713	447.525211528839	628.366833631939	459.997510359363	520.705267137597	346.019031916252	288.647765714616	-593.474939095888	687.936006800351	252	54	1	16	189	252	160	3	4	93	15088	764	511	21	189	37	0	0	67
6	1	2	68	32	up	2	512	633.456327821342	1593.3628548577	608.788681307596	934.354480677284	442.553555418521	687.957514292882	445.412122840926	492.325911001482	331.288738720166	261.879221174244	-593.900100417629	688.918711767193	228	43	4	21	216	261	144	5	3	99	15077	792	499	16	138	19	0	0	34
6	1	2	68	32	up	3	512	575.576874309462	1273.66306984091	574.819676007637	834.662314111662	450.298233859458	699.574366172028	456.941376471246	503.627938819984	342.809479390861	276.030675379248	-594.137216232991	689.470075695115	246	50	5	15	196	262	148	5	5	92	15196	740	439	9	141	41	0	0	64
6	1	2	69	33	up	0	512	591.258767006969	1343.22493916254	583.606611754808	844.072589461209	466.190842988834	763.216940297206	468.438104520758	556.355297262563	354.900449017095	294.632036636505	-593.890859510627	688.899626318743	234	52	0	16	210	256	155	6	8	87	15647	729	511	9	127	40	0	0	70
6	1	2	69	33	up	1	512	628.858507103518	1683.97836395202	601.656734541671	913.485247242412	449.443058927882	756.746859606038	445.609083914389	498.375290736635	350.075623707754	284.217213442	-594.014417826273	689.183036332191	249	45	3	24	191	295	128	7	1	81	15685	735	465	11	95	38	0	0	64
6	1	2	69	33	up	2	512	555.259726696331	1197.70873967005	567.307639872218	817.401134435983	483.762239195702	856.568154931997	471.661135657899	542.607575189698	365.0001896252	317.340382619106	-593.292261228233	687.509030161599	260	52	5	14	181	278	153	8	3	70	15576	764	543	13	158	31	0	0	58
6	1	2	69	33	up	3	512	584.934561740408	1261.58502994858	588.379200589543	855.424503886756	445.691322833515	649.471036479097	458.149591098356	524.486858036198	350.542443892325	296.549942541359	-593.671173752722	688.389563792	227	51	6	14	214	277	144	4	5	82	15536	757	584	19	113	42	0	0	68
6	1	2	70	34	up	0	512	600.07842711947	1321.35576220007	592.047805123489	851.572085025628	452.188810334145	628.157072757747	459.212989384172	509.760337510028	369.35891378681	316.710971862538	-594.069200148955	689.310882284319	234	41	2	15	220	267	156	3	7	79	16077	753	559	19	91	26	0	0	48
6	1	2	70	34	up	1	512	589.885891303837	1407.46661699606	582.957608245249	868.16431454525	473.983118901016	880.378354035977	461.956419519904	545.167504684529	378.53168469088	333.116350213445	-593.838271224407	688.775490146534	240	55	5	18	194	269	145	9	2	87	16094	741	555	18	88	34	0	0	62
6	1	2	70	34	up	2	512	599.22432515322	1320.35044064101	602.345369294561	894.310431126584	425.931456120393	584.235116781758	434.518072554533	460.697583120703	351.380017311623	289.088702582145	-593.754739569785	688.580949784807	230	43	5	15	219	271	138	3	3	97	16029	818	545	16	85	43	0	0	74
6	1	2	70	34	up	3	512	567.428943621023	1221.63734759487	572.748965440762	824.571440381312	458.800746358828	781.72425124339	453.279722454835	515.713743006085	366.656279416557	313.491900233761	-593.851324073772	688.806415230071	253	48	4	14	193	272	142	7	3	88	16066	776	552	14	85	30	0	0	52
6	1	2	71	35	up	0	512	638.724804997901	1598.19655613698	626.236328704605	982.56907290204	455.201965951642	739.96460695051	457.840831854938	523.388865020854	371.608021421885	320.165233035134	-593.256646387624	687.427189660164	239	33	2	21	217	271	144	6	4	87	16475	857	562	26	41	25	0	0	40
6	1	2	71	35	up	1	512	594.627577400722	1315.73270321258	613.912392424846	941.912015735366	461.747050923516	787.113165763792	456.851154299957	519.220076632716	371.775224118858	319.446149109548	-593.612868353079	688.25108816761	218	52	10	15	217	273	145	7	1	86	16564	785	549	22	49	24	0	0	42
6	1	2	71	35	up	2	512	631.728870307279	1553.42272239716	618.930625075011	953.476414920576	437.408617074133	739.255949914157	436.463104800004	474.86856608622	377.237601324277	330.322972736064	-594.05527683754	689.280107349198	233	38	2	20	219	287	121	7	3	94	16619	772	515	14	58	35	0	0	60
6	1	2	71	35	up	3	512	604.8677106876	1223.94690009655	628.803296180485	938.921405285965	462.427870655697	853.910497547227	450.809393940278	521.729640247323	366.821966567057	312.605390066294	-594.278972680502	689.794736168317	228	29	4	12	239	282	130	9	5	86	16575	826	503	16	52	41	0	0	65
# final_twist	35
# completion	PASS
