a1,a2,n,source_before,source_after,before_p1,before_p4,before_p1p,before_p4p,before_q,before_r,after_p1,after_p4,after_p1p,after_p4p,after_q,after_r
0,0,0,1,1,0,0,0,0,1,0,0,0,0,0,1,0
0,0,6,1,4,2,1,3,4,0,4,2,1,3,4,2,4
0,1,0,1,1,0,0,0,0,1,0,0,0,0,0,1,0
0,1,6,2,4,2,1,3,4,0,4,2,1,3,4,3,4
0,2,0,1,1,0,0,0,0,1,0,0,0,0,0,1,0
0,2,6,3,4,2,1,3,4,0,4,2,1,3,4,4,4
0,3,0,1,1,0,0,0,0,1,0,0,0,0,0,1,0
0,3,6,4,4,2,1,3,4,0,4,2,1,3,4,0,4
0,4,0,1,1,0,0,0,0,1,0,0,0,0,0,1,0
0,4,6,0,4,2,1,3,4,0,4,2,1,3,4,1,4
1,0,0,2,1,0,0,0,0,1,0,0,0,0,0,2,0
1,0,6,1,4,2,1,3,4,0,4,2,1,3,4,2,4
1,1,0,2,1,0,0,0,0,1,0,0,0,0,0,2,0
1,1,6,2,4,2,1,3,4,0,4,2,1,3,4,3,4
1,2,0,2,1,0,0,0,0,1,0,0,0,0,0,2,0
1,2,6,3,4,2,1,3,4,0,4,2,1,3,4,4,4
1,3,0,2,1,0,0,0,0,1,0,0,0,0,0,2,0
1,3,6,4,4,2,1,3,4,0,4,2,1,3,4,0,4
1,4,0,2,1,0,0,0,0,1,0,0,0,0,0,2,0
1,4,6,0,4,2,1,3,4,0,4,2,1,3,4,1,4
2,0,0,3,1,0,0,0,0,1,0,0,0,0,0,3,0
2,0,6,1,4,2,1,3,4,0,4,2,1,3,4,2,4
2,1,0,3,1,0,0,0,0,1,0,0,0,0,0,3,0
2,1,6,2,4,2,1,3,4,0,4,2,1,3,4,3,4
2,2,0,3,1,0,0,0,0,1,0,0,0,0,0,3,0
2,2,6,3,4,2,1,3,4,0,4,2,1,3,4,4,4
2,3,0,3,1,0,0,0,0,1,0,0,0,0,0,3,0
2,3,6,4,4,2,1,3,4,0,4,2,1,3,4,0,4
2,4,0,3,1,0,0,0,0,1,0,0,0,0,0,3,0
2,4,6,0,4,2,1,3,4,0,4,2,1,3,4,1,4
3,0,0,4,1,0,0,0,0,1,0,0,0,0,0,4,0
3,0,6,1,4,2,1,3,4,0,4,2,1,3,4,2,4
3,1,0,4,1,0,0,0,0,1,0,0,0,0,0,4,0
3,1,6,2,4,2,1,3,4,0,4,2,1,3,4,3,4
3,2,0,4,1,0,0,0,0,1,0,0,0,0,0,4,0
3,2,6,3,4,2,1,3,4,0,4,2,1,3,4,4,4
3,3,0,4,1,0,0,0,0,1,0,0,0,0,0,4,0
3,3,6,4,4,2,1,3,4,0,4,2,1,3,4,0,4
3,4,0,4,1,0,0,0,0,1,0,0,0,0,0,4,0
3,4,6,0,4,2,1,3,4,0,4,2,1,3,4,1,4
4,0,0,0,1,0,0,0,0,1,0,0,0,0,0,0,0
4,0,6,1,4,2,1,3,4,0,4,2,1,3,4,2,4
4,1,0,0,1,0,0,0,0,1,0,0,0,0,0,0,0
4,1,6,2,4,2,1,3,4,0,4,2,1,3,4,3,4
4,2,0,0,1,0,0,0,0,1,0,0,0,0,0,0,0
4,2,6,3,4,2,1,3,4,0,4,2,1,3,4,4,4
4,3,0,0,1,0,0,0,0,1,0,0,0,0,0,0,0
4,3,6,4,4,2,1,3,4,0,4,2,1,3,4,0,4
4,4,0,0,1,0,0,0,0,1,0,0,0,0,0,0,0
4,4,6,0,4,2,1,3,4,0,4,2,1,3,4,1,4
