claim_id	old_status	proposed_status	disposition	relation	related_proposed_claims	v95_canon_line	program_id	queue_role	work_state	work_mode	existing_decision_or_falsifier	audit_reason
ALPHA-S-RUNNING	O	O	UNCHANGED	NO_REGISTERED_DECISION_SATISFIED	FIELD-CONSERVATIVE-CHAIN-LAW;FIELD-CHAIN-FIRST-WORK;FIELD-LOCAL-WORK-RECORD	11368	NONABELIAN_QCD	FOLLOWUP	BLOCKED	FORMAL	closes positively by a running derived from the 3/4 seed matching the measured strong coupling at a named scale within its stated window; closes negatively if every derived scheme from the seed misses the measured value or breaks the seed ratio 15 : 4	No running from the 3/4 seed at a named measurement scale/window, or exhaustive derived-scheme failure, is supplied.
BINARY-RECORD-VALUATION-NONSELECTION	T	T	UNCHANGED	RETAINED_SYMBOLIC_WRITER_BOUNDARY	FIELD-LOCAL-WORK-RECORD	5731	NOT_APPLICABLE	NOT_APPLICABLE	NOT_APPLICABLE	NOT_APPLICABLE	fires on an exact injection-stable equality-only valuation not of the displayed orbit form, a binary valuation with W_2(d)=c d^2 for all d and a!=b, failure of totality, involution, covariance, source preservation or older-record preservation of the displayed writer, a listed scalar law violated by some integer power member, two positive integer powers giving the same normalized reading on (1,1,0,0), or a nonzero nonnegative separately additive pairing on abelian groups; physical selection of an apparatus class is outside this L1 theorem	A total reversible symbolic writer already exists in the older blank/symbol-transposition class. The new cyclic writer adds concrete event timing/conservation, not selection of quadratic incidence or a physical/Born record.
COLOR-MEASURE-SELECTION	O	O	UNCHANGED	NO_REGISTERED_DECISION_SATISFIED	FIELD-CONSERVATIVE-CHAIN-LAW;FIELD-CHAIN-FIRST-WORK;FIELD-LOCAL-WORK-RECORD	16184	NONABELIAN_QCD	ROOT	STOP	FORMAL	closes positively by one canonical normalized lift compatible with the frozen action and observables; closes negatively by an exhaustive exact classification yielding no lift or more than one inequivalent lift under every registered constraint; STOP while the carrier, equivalence, observables, action, normalization, equality, or constraints are incomplete	No canonical normalized L4-to-L6 color measure, compatible action/observables or exhaustive lift classification is supplied.
DE-CONFORMAL-WEIGHT	O	O	UNCHANGED	NO_REGISTERED_DECISION_SATISFIED	FIELD-CONSERVATIVE-CHAIN-LAW;FIELD-CHAIN-FIRST-WORK;FIELD-LOCAL-WORK-RECORD	16235	COSMOLOGY	FOLLOWUP	STOP	FORMAL	DE-TRACE-DENSITY-UNDERDETERMINATION proves FRW continuity alone is nonunique; closes positively only when an explicit registered source and complete typed dictionary uniquely select Delta_DE; closes negatively only after a frozen complete admissible source class excludes every such dictionary; STOP while the carrier, source map, equality, admissible class, or dependencies are incomplete; reject as CIRCULAR any closure that assumes w = -14/15, Delta_DE = 1/p, rho_DE proportional to a^(-1/p), or Delta_DE := gamma_tr, or that uses COSMOLOGY-REGISTER or COSMOLOGY-READING-DICTIONARY to choose the source or dictionary	No registered cosmological source and complete density dictionary selecting Delta_DE, or complete negative source-class theorem, is supplied.
DECODER-RESERVOIR-RECORD-ACCOUNTING	T	T	UNCHANGED	DISTINCT_RECORD_RESOURCE_MODEL	FIELD-CONSERVATIVE-CHAIN-LAW;FIELD-LOCAL-WORK-RECORD	4537	NOT_APPLICABLE	NOT_APPLICABLE	NOT_APPLICABLE	NOT_APPLICABLE	fires if an admitted exact context/pair/port or compatible cold history violates either inverse direction, energy/local balance, tape-heat identity, ordinal/remainder uniqueness, finite support/locality, prefix/reversal or finite-budget clause; G01-G07; integrity-only mismatch is STOP	A finite cyclic pointer is not the old fresh signed port tape, immutable batches and never-reissued lifetime ordinals. The new recurrence does not provide that resource model's reset.
DECODER-RETARDED-LOCAL-ENERGY-TRANSPORT	T	T	UNCHANGED	DISTINCT_TRANSPORT_MODEL	FIELD-CONSERVATIVE-CHAIN-LAW;FIELD-CHAIN-FIRST-WORK	4440	NOT_APPLICABLE	NOT_APPLICABLE	NOT_APPLICABLE	NOT_APPLICABLE	fires if an admitted exact pair, force, aperture, source or compatible history breaks a recurrence/support/positivity/energy/current/work/source-norm/locality/prefix identity; G01-G09; integrity-only failure is STOP	The old rational D3 wave, five-shell stencil, signed current and retarded continuation are different from this finite integer chain. No equivalence, continuum or SI dictionary is proved.
DRESS-CROSSCOUNT	O	O	UNCHANGED	NO_REGISTERED_DECISION_SATISFIED	FIELD-CONSERVATIVE-CHAIN-LAW;FIELD-CHAIN-FIRST-WORK;FIELD-LOCAL-WORK-RECORD	18375	DECODER_CORE	FOLLOWUP	BLOCKED	FORMAL	closes positively when the integer crossing count per observable is derived; until then the form decision is armed: an exact witness departing from 72 alpha^4 (about 0.204 ppm, labeled) fires the exponential reading	The input length N and reaction step N do not derive the registered crossing count per observable or test its exponential reading.
FIELD-CHARGED-SEPARATION-BOUND	T	T	UNCHANGED	RETAINED_OBSTRUCTION	FIELD-CONSERVATIVE-CHAIN-LAW;FIELD-CHAIN-FIRST-WORK	7540	NOT_APPLICABLE	NOT_APPLICABLE	NOT_APPLICABLE	NOT_APPLICABLE	Fires on an admitted zero-energy field with nonzero node charge, an isolated opposite carrier pair on different nodes at zero field energy, an admitted bridge flux with magnitude other than abs(q), or violation of Hf>=q^2*L or the corresponding total energy bound.	Neutral resources in separate cell field graphs do not separate an isolated opposite-charge pair across electric bridge edges. Energy 41 independent of N is not a counterexample to q^2 L.
FIELD-EISENSTEIN-RESONANCE	T	T	UNCHANGED	REUSED_ENDPOINTS_DIFFERENT_FIELD	FIELD-CONSERVATIVE-CHAIN-LAW;FIELD-CHAIN-FIRST-WORK	7373	NOT_APPLICABLE	NOT_APPLICABLE	NOT_APPLICABLE	NOT_APPLICABLE	Fires on any failed displayed field identity or norm identification, an incorrect complete shell count or bijection, a wrong carrier energy or vector-sum balance, failure of the coupled involution, or an admitted endpoint below total energy 22 under the specified nonnegative contributions.	The metric and R/AM energies 18/20 are reused, but order five and multiplier five differ from the old triangle order three and multiplier three. Its shells, six-unit release and active-contact bound keep their original hypotheses.
FIELD-GAUSS-CONTACT-MEMORY	T	T	UNCHANGED	DISTINCT_ACCOUNTING_CLASS	FIELD-CONSERVATIVE-CHAIN-LAW	7272	NOT_APPLICABLE	NOT_APPLICABLE	NOT_APPLICABLE	NOT_APPLICABLE	Fires on a nodewise continuity or divergence identity failure, failure of the displayed field update or defect conservation under its current condition, failure to invert the register update with recovered data, or a finite-support Gauss field with nonzero summed node charge.	New actual node charge and divergence are separately fixed. Neutral resource channels are not old electric current edges; resource swaps do not subsume the switched-contact flux-memory theorem.
FIELD-SHEAR-ENERGY-BOUNDARY	T	T	UNCHANGED	CONCRETE_SPECIALIZATION	FIELD-CONSERVATIVE-CHAIN-LAW	7321	NOT_APPLICABLE	NOT_APPLICABLE	NOT_APPLICABLE	NOT_APPLICABLE	Fires on failure of the shear inverse, energy or divergence invariant, the completed-square or singular-value criterion, or if the displayed two-triangle state is nonintegral, zero, divergent or has nonzero energy.	New C^T C=[[2,-1],[-1,3]] has top eigenvalue (5+sqrt(5))/2<4, specializing the general positive-shear criterion. The old two-triangle eigenvalue-4 integer zero mode remains valid in its different graph.
GENERATIONS-L3	O	O	UNCHANGED	NO_REGISTERED_DECISION_SATISFIED	FIELD-CONSERVATIVE-CHAIN-LAW;FIELD-CHAIN-FIRST-WORK;FIELD-LOCAL-WORK-RECORD	19783	NONABELIAN_QCD	ROOT	READY	FORMAL	closes positively by deriving the generation count at the L3 boundary layer; closes negatively if the derived count differs from three	N is a freely supplied chain length at L1, not a generation count derived at L3.
INTEGER-ENERGY-FUNDED-INVOLUTION	T	T	UNCHANGED	CONCRETE_SPECIALIZATION	FIELD-CONSERVATIVE-CHAIN-LAW	7237	NOT_APPLICABLE	NOT_APPLICABLE	NOT_APPLICABLE	NOT_APPLICABLE	Fires on an admitted input leaving the integer nonnegative state space, failure of the lifted map to square to identity or preserve H0+n, nonlocal dependence under the stated locality premise, or failure of reverse-order inversion.	The concrete endpoint pairing, exact split/image tests and resource guard instantiate the generic funded-involution principle. The particular endpoint/image proof adds content without replacing the arbitrary-involution theorem.
INTEGER-F-JG-INVARIANTS	T	T	UNCHANGED	CONCRETE_SPECIALIZATION	FIELD-CONSERVATIVE-CHAIN-LAW	7173	NOT_APPLICABLE	NOT_APPLICABLE	NOT_APPLICABLE	NOT_APPLICABLE	Fires on failure of the displayed conjugacy or integer inverse, an integer linear invariant outside Z chi, a symmetric quadratic invariant outside the stated three-parameter family, failure of its eigenvalue or definiteness classification, an incorrect Q metric, or a reaction energy difference other than -2C.	The chosen phase-basis circ(6,2,-1,2) lies in the already classified invariant family. Positivity and charge are reused; the full original family and absence of unique physical metric selection remain.
INTEGER-FINITE-PREACTIVATION-QUOTIENT	T	T	UNCHANGED	DISTINCT_DECISION_CLASS	FIELD-CONSERVATIVE-CHAIN-LAW;FIELD-CHAIN-FIRST-WORK	7487	NOT_APPLICABLE	NOT_APPLICABLE	NOT_APPLICABLE	NOT_APPLICABLE	Fires on failure of the phase-position quotient under the stated hypotheses, more than the stated number of decision states, a first terminal event after Q nonterminal steps, a recurrent decision state later reaching its first terminal event, or a failure of field-phase omission with all its explicit premises.	Field, funding and reaction variables are outside the old pure-routing synchronous-four-phase quotient. First work N does not replace its Q bound or extend it outside the no-mixing/no-omitted-variable class.
INTEGER-SEPARATED-FACTOR-CERTIFICATE	T	T	UNCHANGED	DISTINCT_CERTIFICATE_CLASS	FIELD-CONSERVATIVE-CHAIN-LAW	7433	NOT_APPLICABLE	NOT_APPLICABLE	NOT_APPLICABLE	NOT_APPLICABLE	Fires on a state satisfying the full locality, completeness, isolated-orbit, translation and separation hypotheses whose union fails to evolve as the certified factors at any future substep.	Finite-chain radius-two locality and recurrence do not prove the old complete outward-factor/separation hypotheses or classify all persistent states.
LAMBDA-COCYCLE-ANGLES	H	H	UNCHANGED	NO_REGISTERED_DECISION_SATISFIED	FIELD-CONSERVATIVE-CHAIN-LAW;FIELD-CHAIN-FIRST-WORK;FIELD-LOCAL-WORK-RECORD	19055	ENRICHMENT	ROOT	BLOCKED	ENRICHMENT	fires if RH is disproved, or if one nontrivial zero is exactly proved not to be 1/(1 - xi) with xi != 1 and xi^(4 . 5^a) = 1 for any integer a >= 0; for a critical-line zero that is exactly the exclusion of its Cayley angle 2 arctan(1/(2 gamma)) from 2 pi (1/4) Z[1/5]; failure of the tail limit t_(n_A) -> M localizes to such an off-grid ordinate by LAMBDA-COCYCLE-BRANCH-COLLAPSE together with the all-real annihilation lemma in LAMBDA-COCYCLE-GRID-EQUIVALENCE; within the pointwise residual-bound test, an exact finite violation of 0 <= M - t_n <= 2 M contradicts membership, while finite satisfaction does not decide the row; no claim is made that these bounds classify every possible finite-profile obstruction	The order-five field and C5 pointer supply no constraint on nontrivial zeta zeros, Cayley-angle grids or the cocycle hypothesis.
METRO-ADMISSIBILITY	O	O	UNCHANGED	NO_REGISTERED_DECISION_SATISFIED	FIELD-CONSERVATIVE-CHAIN-LAW;FIELD-CHAIN-FIRST-WORK;FIELD-LOCAL-WORK-RECORD	18738	DECODER_CORE	FOLLOWUP	STOP	FORMAL	STOP until R1 through R8 each has a typed child and decision condition; closes only when all eight children close; METRO-FINITE-STATE-RATIONALITY proves conditional rationality inside only part of R1 and does not close it	No complete set of typed decisions for R1 through R8 is supplied; the conjunction of all eight children is unchanged.
METRO-ADMISSIBILITY-DIM	O	O	UNCHANGED	NO_REGISTERED_DECISION_SATISFIED	FIELD-CONSERVATIVE-CHAIN-LAW;FIELD-CHAIN-FIRST-WORK;FIELD-LOCAL-WORK-RECORD	18683	DECODER_CORE	FOLLOWUP	STOP	FORMAL	closes positively when the direct translated-box criterion decides the complete frozen child, the independent joint certificate is terminating, sound, complete, and coherent, and every allowed reduction preserves the decision and terminal value; closes negatively on an exact admitted counterexample to soundness, completeness, coherence, total normalization, or reduction invariance; STOP while any type, endpoint, certificate field, reduction, completeness proof, boundary theorem, or effective modulus is incomplete	Finite-energy recurrence does not decide the complete translated-box child or supply its sound, complete, coherent terminating certificate and reduction-invariant value.
METRO-EDGE-SCALE	O	O	UNCHANGED	NO_REGISTERED_DECISION_SATISFIED	FIELD-CONSERVATIVE-CHAIN-LAW;FIELD-CHAIN-FIRST-WORK;FIELD-LOCAL-WORK-RECORD	16966	DECODER_CORE	FOLLOWUP	BLOCKED	FORMAL	closes by deriving the canonical selector on the commutator phi ladder (the kinetic coefficient and dressing insertion routes) and the SI clause over the single m_e bridge; closes negatively if two inequivalent selectors survive every named gate, so no canonical selector exists	Chosen energy/resource units supply neither the canonical commutator-phi ladder selector nor its SI clause over the electron-mass bridge.
METRO-REDUCTION-CALCULUS	O	O	UNCHANGED	NO_REGISTERED_DECISION_SATISFIED	FIELD-CONSERVATIVE-CHAIN-LAW;FIELD-CHAIN-FIRST-WORK;FIELD-LOCAL-WORK-RECORD	18669	DECODER_CORE	ROOT	STOP	FORMAL	closes positively when every forbidden entry has an exact witness, common q^k blocking and decision and terminal-value transport are decided, and approx_red is complete for the registered class; closes negatively if one transformation is both allowed and forbidden or an admitted arrow changes a frozen decision or terminal value after exact transport; STOP while any forbidden-witness, blocking, decision, terminal-value, or completeness obligation remains; METRO-REDUCTION-ARROWS closes only obligations A and C and leaves this row O and STOP	No complete forbidden-witness, common blocking, decision/terminal-value transport or approx_red classification is supplied.
MINIMAL-READ-DERIVATION	O	O	UNCHANGED	NO_REGISTERED_DECISION_SATISFIED	FIELD-CONSERVATIVE-CHAIN-LAW;FIELD-CHAIN-FIRST-WORK;FIELD-LOCAL-WORK-RECORD	14026	DECODER_CORE	ROOT	STOP	FORMAL	closes positively only when a complete typed derivation from the registered carrier, maps, admissible protocol class, accumulator/equality rule, and dependency graph uniquely forces w = 1 and beta_1; closes negatively only when the complete admissible decoder class is proved nonempty and either contains fully compliant beta_1 and beta_3 realizations or uniquely forces beta_3; STOP while decoder completion, the complete class, cover-to-output map, redundancy rule, accumulator, graph, or layer typing is incomplete; failure of no-feedback or any one favored route is STOP unless it classifies the complete admissible class	The chosen group, architecture and reader do not force w=1 and beta_1 or classify a nonempty complete admitted decoder class with the required alternatives.
NEUTRON-DELTA-EM	O	O	UNCHANGED	NO_REGISTERED_DECISION_SATISFIED	FIELD-CONSERVATIVE-CHAIN-LAW;FIELD-CHAIN-FIRST-WORK;FIELD-LOCAL-WORK-RECORD	11430	QUANTUM_EM	FOLLOWUP	BLOCKED	FORMAL	closes positively by deriving the interior compression channel value; closes negatively if the derived electromagnetic delta moves the neutron outside its measured tier window	Selected R/AM energies 18 and 20 supply no neutron identity, interior compression value or measured-tier comparison.
NS-TILT	H	H	UNCHANGED	NO_REGISTERED_DECISION_SATISFIED	FIELD-CONSERVATIVE-CHAIN-LAW;FIELD-CHAIN-FIRST-WORK;FIELD-LOCAL-WORK-RECORD	16246	COSMOLOGY	FOLLOWUP	BLOCKED	EMPIRICAL	live: the tilt n_s - 1 = -5 alpha fails against CMB-S4	No CMB-S4 observation or test of n_s-1=-5 alpha is supplied.
PHOTON-CONE-CONVERGENCE	O	O	UNCHANGED	NO_REGISTERED_DECISION_SATISFIED	FIELD-CONSERVATIVE-CHAIN-LAW;FIELD-CHAIN-FIRST-WORK;FIELD-LOCAL-WORK-RECORD	12755	PHOTON_CONTINUUM	ROOT	STOP	FORMAL	STOP until A_global and its admissible-map contract are frozen independently and GATE-L4-L5-PHOTON-GLOBAL-CARRIER passes; closes AGREE only when the complete class is nonempty and some (X_quad,K_quad) in A_global together with an admissible total typed iota:X_quad->carrier(K_op) proves exact global null-set equality; closes DIFFER only when the same complete nonempty class and admissible-map contract are fixed and, for every (X_quad,K_quad) in A_global and every admissible total typed iota:X_quad->carrier(K_op), an exact witness proves that equality fails; the closed tangent germ and empty separated inversion-equivariant single-chart subclass neither close nor falsify this broader gate, and failure of a provisional carrier while completeness remains open is STOP	No independently frozen complete A_global/map class, global-carrier gate, exact null-set equality or exhaustive negative comparison is supplied.
PHOTON-MASSLESS-PHASE	O	O	UNCHANGED	NO_REGISTERED_DECISION_SATISFIED	FIELD-CONSERVATIVE-CHAIN-LAW;FIELD-CHAIN-FIRST-WORK;FIELD-LOCAL-WORK-RECORD	12794	PHOTON_CONTINUUM	ROOT	STOP	FORMAL	STOP until one exact primary source and edition, theorem statement and dependencies, complete source and TWIST-J action carriers and equality, coupling and normalization, finite-volume measure, boundary conditions, thermodynamic limit, observable, N=5 regime, comparison constants and named L4-to-L6 gate are frozen; closes positively only when every hypothesis is proved and exactly the source conclusion follows; closes negatively only if a frozen complete admissible bridge class is proved empty or every member violates an exact necessary hypothesis or conclusion; failure of one proposed map and the registered finite Wilson/Villain nonmembership are STOP or boundary information, not negative closure	An order-five update is not the required primary-source theorem, measure, thermodynamic limit, coupling comparison or L4-to-L6 gate.
PROTON-RESIDUAL-IS-QCD	O	O	UNCHANGED	NO_REGISTERED_DECISION_SATISFIED	FIELD-CONSERVATIVE-CHAIN-LAW;FIELD-CHAIN-FIRST-WORK;FIELD-LOCAL-WORK-RECORD	11434	NONABELIAN_QCD	FOLLOWUP	STOP	FORMAL	closes positively exactly when Der_QCD is proved nonempty by an exhibited derivation; closes negatively only by an exact theorem Der_QCD=empty, equivalently every admissible derivation violates a named frozen law; failure of one derivation is STOP, and the row is STOP while the schema is incomplete	No exhibited member of the complete Der_QCD class or proof that every admissible derivation fails is supplied.
QDD-CLEAN-ENERGY-OBSTRUCTION	T	T	UNCHANGED	RETAINED_CLASS_OBSTRUCTION	FIELD-CONSERVATIVE-CHAIN-LAW;FIELD-LOCAL-WORK-RECORD	6737	NOT_APPLICABLE	NOT_APPLICABLE	NOT_APPLICABLE	NOT_APPLICABLE	one admitted energy-conserving clean implementation has unequal code energy changes or realizes the equal-gap target, a nonconstant additive local energy survives global B, or a necessary characteristic-function, purification or finite Fourier proof step fails	A classical integer permutation with chosen resources and constant pointer energy is not the specified strongly energy-conserving clean unitary encoder and does not refute its additive-energy obstruction.
QDD-CONDITIONAL-INCIDENCE-AND-SYMBOLIC-RECORD	T	T	UNCHANGED	DISTINCT_SYMBOLIC_RECORD	FIELD-LOCAL-WORK-RECORD	1377	NOT_APPLICABLE	NOT_APPLICABLE	NOT_APPLICABLE	NOT_APPLICABLE	fails if any four-dimensional identity, support boundary, occupied-slot count inside the declared bounded source set, whole-cycle/remainder relation, controlled-cell inverse, fresh-cell condition, unchanged source or older-record preservation fails; the finite embedding is not asserted for all integer v	The work predicate and cyclic pointer do not provide captured QDD source, Cartesian incidence, slot calendar or fresh archive payloads, nor turn symbolic writing into physical capture.
QDD-FINITE-MEMORY-O2B-BOUNDARY	T	T	UNCHANGED	DISTINCT_MEMORY_CLASS	FIELD-LOCAL-WORK-RECORD	2753	NOT_APPLICABLE	NOT_APPLICABLE	NOT_APPLICABLE	NOT_APPLICABLE	fires if a frozen finite-memory branch lies outside A_rep, if an arbitrary frozen family lacks the stated rational realization, if either phase-dependent witness fails an operational premise or becomes sign-equivalent, or if pointwise completeness is false; a wider physical apparatus class or adopted phase gauge is outside scope; integrity mismatch without exact negation is STOP	A neutral finite pointer does not classify the L4 phase-indexed rational instrument branches, eliminate their post-state ambiguity or cover outside physical architectures.
QDD-FRESH-RECORD-EXTENSION	T	T	UNCHANGED	DISTINCT_LAYER_AND_CAPACITY	FIELD-LOCAL-WORK-RECORD	2578	NOT_APPLICABLE	NOT_APPLICABLE	NOT_APPLICABLE	NOT_APPLICABLE	fires if an exact rational T satisfying every displayed equation lacks the explicit construction, or if the construction fails reversibility, fresh/append-only/prefix-preserving record writing, old-cell persistence, no-feedback, exact repeated outcomes or the T^N/HIGH^N identity at a finite N; a different record protocol, L5 realization or absence of sampling is outside scope, and a pin, transcript or architecture mismatch without an exact mathematical negation is integrity STOP	Fresh cells preserved under every finite L4 repetition differ from one wrapping L1 pointer. No old branch-family scope, fresh-capacity claim or L5 event stream is supplied or replaced.
QDD-INSTRUMENT-APPARATUS	O	O	UNCHANGED	NO_REGISTERED_DECISION_SATISFIED	FIELD-CONSERVATIVE-CHAIN-LAW;FIELD-CHAIN-FIRST-WORK;FIELD-LOCAL-WORK-RECORD	2275	DECODER_CORE	FOLLOWUP	STOP	FORMAL	STOP until one target-independent complete physical apparatus contract resolves every apparatus-manifest field, O1 supplies a total typed realized-event transducer on supported preparations with physical context key, selected ready phase, persistence/update/reset semantics, ZERO_SUPPORT handling, exact ordered occurrence law and a passed L1-to-L5 gate, and both O2 children close at compatible scope and equality; algebraic projectors, branch weights, factorization, conditional selectors, carry-bank existence and pointwise finite-memory completeness do not discharge the physical identifiers; closes positively only when the same selected complete family realizes the physical effects and occurrence law exactly; closes negatively only for a frozen complete admissible physical class proved empty or unable to realize the required effects or event law; failure to provide sampling remains STOP, not a sampling-impossibility theorem, and an L6 probability claim requires a separate gate	No physical manifest field is filled or partially satisfied: no total physical event transducer, occurrence/sampling law, L1-to-L5 gate, complete physical family or compatible O2-child closure is supplied.
QDD-INSTRUMENT-CLASS-COMPLETENESS	O	O	UNCHANGED	NO_REGISTERED_DECISION_SATISFIED	FIELD-CONSERVATIVE-CHAIN-LAW;FIELD-CHAIN-FIRST-WORK;FIELD-LOCAL-WORK-RECORD	2798	DECODER_CORE	FOLLOWUP	STOP	FORMAL	STOP until a complete physical apparatus contract and proof frozen before target comparison maps every admitted apparatus into exactly the declared whole-family class under one frozen equality and explicitly disposes of every listed outside architecture; closes positively only with complete compatible scope and closes negatively with one independently admissible apparatus outside the claimed class or violating a claimed family equality; pointwise membership T_m in A_rep does not by itself close this obligation	One chosen finite integer model does not classify all physical apparatus families, including unbounded memory, nonlinear, mixed, irrational and differently typed cases, under whole-family equality.
QDD-PASSIVE-NATIVE-MEMORY	T	T	UNCHANGED	RETAINED_NATIVE_READBACK_BOUNDARY	FIELD-LOCAL-WORK-RECORD	3865	NOT_APPLICABLE	NOT_APPLICABLE	NOT_APPLICABLE	NOT_APPLICABLE	fires if an independently checked exact admitted counterexample breaks the fixed-schema fiber factor criterion, a stated inverse fiber or initialized all-time readback, the supported three-record lower bound, an initial record census, complete multiplicity inventory, preparation optimum or supported attainment at the declared native origin-zero domain; retaining the original head, removing a record field or changing the preparation domain is a different comparison, while implementation, authority, pin, byte-integrity, incomplete execution, transcript or architecture failures are STOP and not by themselves mathematical counterexamples; no physical QDD obligation is closed	A selected five-state pointer does not realize the exact initialized three-state native phase tag or change passive-record fiber/domain optima, physical register cost or reset.
QDD-RECORD-SATURATION-DESCENT	T	T	UNCHANGED	RETAINED_RECORD_EQUALITY_BOUNDARY	FIELD-LOCAL-WORK-RECORD	2657	NOT_APPLICABLE	NOT_APPLICABLE	NOT_APPLICABLE	NOT_APPLICABLE	fires if passive readback is not idempotent, fresh repetition does not form the stated free count action, saturation descent differs from projective idempotence or the Q sign class, or either period-two or infinite-order witness fails; adopting the quotient as physical law is outside scope; integrity mismatch without exact negation is STOP	Residues identify event counts modulo five and can return to BLANK. This does not prove that a terminal-symbol quotient carries the projective branch action or equate passive reading with fresh interaction.
QDD-RECORD-SUFFICIENCY-TERMINALITY	T	T	UNCHANGED	RETAINED_CONDITIONAL_SELECTOR	FIELD-LOCAL-WORK-RECORD	2601	NOT_APPLICABLE	NOT_APPLICABLE	NOT_APPLICABLE	NOT_APPLICABLE	fires if any implication in the four-way equivalence fails for a branch satisfying all frozen complementary-projector and two-sided support/effect equations with dim(QV)>=2, or if +/-Q are not one registered sign class; a weaker-assumption strengthening, failure to derive record sufficiency, or another apparatus class is outside scope, and a pin, transcript or architecture mismatch without an exact mathematical negation is integrity STOP	HIT need not determine a QDD conditioned ray or erase repetition count. The proposal supplies neither the full rational branch equations nor physical record sufficiency or projective terminality.
QDD-SELECTED-BORN	D	D	UNCHANGED	RETAINED_DICTIONARY	FIELD-LOCAL-WORK-RECORD	11852	NOT_APPLICABLE	NOT_APPLICABLE	NOT_APPLICABLE	NOT_APPLICABLE	fires as dictionary STOP on a contradiction between occurrence, zero-support, conditioning and the specified normalized ordered law; empirical disagreement requires an independently frozen realization and uncertainty contract	No one-supported-outcome probability, branch-trace history law, sampling or native random seed is supplied. The selected L5-to-L6 occurrence law remains an independent D adoption.
QDD-SELECTED-PAIR-LAW	D	D	UNCHANGED	RETAINED_DICTIONARY	FIELD-LOCAL-WORK-RECORD	12109	NOT_APPLICABLE	NOT_APPLICABLE	NOT_APPLICABLE	NOT_APPLICABLE	fires as dictionary STOP if source/control/occurrence/record laws conflict, fail normalization or contradict the exact declared premise tests and history comparison; later empirical use requires a separate realization and error contract	The residue gives no pair kernel, settings law or renewed-trial independence. The selected L5-to-L6 pair law and its native-derivation boundary remain.
QDD-SELECTED-PAIR-RECORD	D	D	UNCHANGED	RETAINED_DICTIONARY	FIELD-LOCAL-WORK-RECORD	12082	NOT_APPLICABLE	NOT_APPLICABLE	NOT_APPLICABLE	NOT_APPLICABLE	fires as dictionary STOP if local event, full record, prior-identifier pairing, capacity or whole-pair renewal conditions are missing or internally inconsistent, or if the exact stipulated comparison fails	There is no two-wing tuple, prior trial pairing or whole-pair renewal. Receiver-coordinate return does not implement the selected pair reset or alter its D gate.
QDD-SELECTED-PAIR-SOURCE	D	D	UNCHANGED	RETAINED_DICTIONARY	FIELD-CONSERVATIVE-CHAIN-LAW;FIELD-CHAIN-FIRST-WORK;FIELD-LOCAL-WORK-RECORD	12059	NOT_APPLICABLE	NOT_APPLICABLE	NOT_APPLICABLE	NOT_APPLICABLE	fires as dictionary STOP if a selected carrier, alignment, source law, local-access or setting-control field is missing, ill-typed or inconsistent with the exact marked tensor comparison	No marked tensor pair, independent setting controller or physical local-access preparation is supplied. The old L1-to-L4 pair-source adoption remains.
QDD-SELECTED-RECORD	D	D	UNCHANGED	RETAINED_DICTIONARY	FIELD-LOCAL-WORK-RECORD	11823	NOT_APPLICABLE	NOT_APPLICABLE	NOT_APPLICABLE	NOT_APPLICABLE	fires as dictionary STOP if the selected event/record/resource/renewal semantics are internally inconsistent or do not yield the declared exact ordered-record comparison; an unperformed experiment supplies no physical falsification	BLANK/HIT supplies neither the complete ordered ETH-QDD-1 tuple nor physical completion, fresh-cell capacity or source-memory renewal. Its L4-to-L5 D gate remains.
QDD-SELECTED-SOURCE	D	D	UNCHANGED	RETAINED_DICTIONARY	FIELD-CONSERVATIVE-CHAIN-LAW;FIELD-CHAIN-FIRST-WORK;FIELD-LOCAL-WORK-RECORD	11795	NOT_APPLICABLE	NOT_APPLICABLE	NOT_APPLICABLE	NOT_APPLICABLE	fires as dictionary STOP if a required source, equality, metric, code, context or chosen-condition field is missing or ill-typed, or the exact source/code comparison fails; failure of physical adequacy requires its own independently specified realization and error contract	The selected L1 metric/preparation is not the ETH-QDD-1 coherent complex source/context dictionary or its derivation from U. The original L1-to-L4 D gate is retained.
QDD-TERMINAL-EVENT-SEMANTICS	O	O	UNCHANGED	NO_REGISTERED_DECISION_SATISFIED	FIELD-CONSERVATIVE-CHAIN-LAW;FIELD-CHAIN-FIRST-WORK;FIELD-LOCAL-WORK-RECORD	2787	DECODER_CORE	FOLLOWUP	STOP	FORMAL	STOP until an independent public law, dynamics or dictionary owns the complete record and equality and makes physical event completion imply the exact relevant saturation without target-derived construction; closes positively at most D when that law also passes an independent consequence, and closes negatively only with a fully typed independently admissible completed physical event whose canonical post-state record retains a nonzero residual commutator; a bare mathematical O!=+/-I witness is not a physical falsifier	The chosen R-to-AM event and HIT reader are L1 definitions, not an independently justified physical completed event, saturation law, independent consequence or admissible physical counterexample.
QDD-UNINTERRUPTED-COARSE-RECORD	T	T	UNCHANGED	DISTINCT_CONTROLLED_RECORD	FIELD-CHAIN-FIRST-WORK;FIELD-LOCAL-WORK-RECORD	6458	NOT_APPLICABLE	NOT_APPLICABLE	NOT_APPLICABLE	NOT_APPLICABLE	an admitted source vector, code matrix unit, waiting word, deviation, archive content, reference or parity violates the complete identity, ready-restoration condition, HIGH coherence or repeated-record formula	The old entrance/holding/signed-archive protocol restores the freely evolved native checkpoint under explicit resources. Returning the old receiver while p remains marked is different bookkeeping, not a new native protocol or event law.
QNM-LEAVER-MU	O	O	UNCHANGED	NO_REGISTERED_DECISION_SATISFIED	FIELD-CONSERVATIVE-CHAIN-LAW;FIELD-CHAIN-FIRST-WORK;FIELD-LOCAL-WORK-RECORD	17062	TENSOR	FOLLOWUP	BLOCKED	FORMAL	closes positively when the public continued fraction computation and the preregistered inference rule decide mu; closes negatively when the exact spectrum is incompatible with that public interval	No public continued-fraction computation and preregistered measurement inference deciding mu is supplied.
QUANT-SUBSTRATE	O	O	UNCHANGED	NO_REGISTERED_DECISION_SATISFIED	FIELD-CONSERVATIVE-CHAIN-LAW;FIELD-CHAIN-FIRST-WORK;FIELD-LOCAL-WORK-RECORD	12823	QUANTUM_EM	ROOT	READY	FORMAL	the two physical gates decide: exact gate values close the Larmor clause; the Schwinger branch has exact arithmetic target J Jbar / script-Q = 1/(2 pi), and a failed physical-realization gate fires it	No physical Larmor gate or Schwinger physical-realization gate is decided by integer resource transfer.
RECORD-LOADER-RETENTION-CLASS	T	T	UNCHANGED	DISTINCT_WRITER_WITH_COMPATIBLE_RECURRENCE	FIELD-LOCAL-WORK-RECORD	6070	NOT_APPLICABLE	NOT_APPLICABLE	NOT_APPLICABLE	NOT_APPLICABLE	fires on an exact function of the zero-port amplitude and energy projection recovering the batch increment, a perfect two-port loader outside the displayed block form, an orthogonal map preserving a finite-dimensional record subspace while transferring orthogonal source amplitude into it, an orthogonal protected-bank perfect loader without a rational isometric embedding, a rational isometry of <1> into <2>, a first-lap FLOW step that changes an earlier record or emits for a BLANK source, or a FLOW power with period other than 2N on the complete state; physical realization is outside this L1 theorem	The nonlinear conditional C5 permutation lies outside the orthogonal rational two-port loader class. Wraparound agrees with finite FLOW reuse and gives no full-payload bank, lifetime ordinals or physical reset cost.
RECORD-OCCURRENCE-SELECTION-CRITERIA	T	T	UNCHANGED	COMPATIBLE_FINITE_CYCLE_BOUNDARY	FIELD-CONSERVATIVE-CHAIN-LAW;FIELD-LOCAL-WORK-RECORD	5827	NOT_APPLICABLE	NOT_APPLICABLE	NOT_APPLICABLE	NOT_APPLICABLE	fires on an exact equivariant selector from a ready state whose stabilizer fixes no outcome, an invariant ready law with nonuniform transitive pushforward, a start with limiting accepted frequencies contradicting the cycle-balance criterion, a stationary law not of the cycle-weighted form, failure of the identity or 0011 countermodels, a closed deterministic model with fewer than 2^k supported initial states or uniform N not divisible by b^k realizing the independent law through k, or failure of the displayed b^k-state cycle; physical realization is outside this L1 theorem	Each finite energy shell is a permutation class consistent with the old cycle criteria. First work and retention prove no required cycle balance, initial ensemble, independent trials or physical occurrence law.
SCHEME-DICTIONARY	O	O	UNCHANGED	NO_REGISTERED_DECISION_SATISFIED	FIELD-CONSERVATIVE-CHAIN-LAW;FIELD-CHAIN-FIRST-WORK;FIELD-LOCAL-WORK-RECORD	11368	DECODER_CORE	ROOT	STOP	FORMAL	STOP until the exact source-seed domain and normalizations, every consumed seed dependency, a named measurement scheme, scale and threshold conventions, a total map with equality and window semantics, source manifests, and the complete acyclic dependency graph are public; failure of one candidate is STOP; closes positively only by an exact dictionary at that frozen scope requiring no new free dimensionless parameter; closes negatively only if every admissible dictionary requires a new free dimensionless parameter	Dimensionless totals 41 and 42 do not provide the complete source-seed, measured-coupling scheme, scale, threshold, equality, parameter and dependency contract.
SQRT-PHI-TIME-GRAVITY	O	O	UNCHANGED	NO_REGISTERED_DECISION_SATISFIED	FIELD-CONSERVATIVE-CHAIN-LAW;FIELD-CHAIN-FIRST-WORK;FIELD-LOCAL-WORK-RECORD	8168	DECODER_CORE	FOLLOWUP	STOP	FORMAL	STOP until the source domain, branch equivalence or selector, pre-update versus post-update convention, Y-to-D_clock map, gravity source/readout codomain, equality, and dependencies are frozen; closes positively only when an exact total bridge on the declared domain is compatible with SQRT-PHI-DIGIT-LIFT, METRO-TICK, and GRAVITY-BRIDGE-LAW; closes negatively if the frozen bridge class is empty or every admissible bridge violates a registered input; any SI claim remains bounded by METRO-EDGE-SCALE	A chosen macrostep clock gives neither the full typed branch/equality/clock/gravity bridge nor compatibility with its registered inputs or an SI clause.
TRACEKERNEL-CURVATURE-FORCING	O	O	UNCHANGED	NO_REGISTERED_DECISION_SATISFIED	FIELD-CONSERVATIVE-CHAIN-LAW;FIELD-CHAIN-FIRST-WORK;FIELD-LOCAL-WORK-RECORD	934	DECODER_CORE	FOLLOWUP	BLOCKED	FORMAL	closes positively only if the complete public class is nonempty and every fully admissible realization satisfies every clause of DEF-EXACT-HODGE-HOME-CLOSURE; closes negatively if a complete nonempty class contains even one fully admissible realization violating any clause, so a mixed Hodge/non-Hodge class is negative; within such a proved nonempty class, required full faithful GL_2(F_5) equivariance of the same bracket under the frozen block action supplies an exact negative route; closes EMPTY if the complete class is empty; STOP while the carrier, measure, projection group, commutator choice, admissible class, equivalence, completeness or layer bridge is unfixed or inexact	No complete admissible curvature class, exact Hodge home-closure, admissible counterexample or required layer bridge is supplied; stored-block locality is a different property.
TRIVIAL-RAPIDITY-EVALUATION-BRIDGE	O	O	UNCHANGED	NO_REGISTERED_DECISION_SATISFIED	FIELD-CONSERVATIVE-CHAIN-LAW;FIELD-CHAIN-FIRST-WORK;FIELD-LOCAL-WORK-RECORD	19289	ENRICHMENT	ROOT	STOP	ENRICHMENT	STOP until a non-circular transfer mechanism, its complete domain, approximation or kernel, uniform norm and reconstruction errors are frozen; closes positively at RH strength only by deriving the displayed all-epsilon estimate from the refined shell, and closes negatively only after a frozen complete admissible transfer class containing both route families is proved empty or incapable of any such transfer; failure of one candidate or every fixed-mode estimate is STOP, not negative closure	Finite-chain recurrence supplies no refined-shell transfer, growing-mode or operator estimate, uniform error control, or complete admissible transfer class.
U-NATIVE-APPARATUS-HISTORY-FACTOR	T	T	UNCHANGED	RETAINED_NATIVE_PORT_BOUNDARY	FIELD-LOCAL-WORK-RECORD	1304	NOT_APPLICABLE	NOT_APPLICABLE	NOT_APPLICABLE	NOT_APPLICABLE	fails if equal-kappa common-ready histories separate, the three-state-prefix characterization or any stated ready-state partition fails, or a nonconstant target factors through one identical apparatus-history class; extra source access changes the declared input	A new chain/pointer is not a readout of unchanged native (q,r) histories alone. It neither evades their kappa factor nor classifies all physical apparatuses.
U-NATIVE-CHART-AND-QDD-READBACK	T	T	UNCHANGED	RETAINED_NATIVE_READBACK_BOUNDARY	FIELD-LOCAL-WORK-RECORD	1018	NOT_APPLICABLE	NOT_APPLICABLE	NOT_APPLICABLE	NOT_APPLICABLE	fails if a chart inverse, update identity, exact fiber criterion, explicit merger, auxiliary-alphabet lower bound, fiber multiplicity or maximum 6500 is false; restricting the preparation domain or retaining the original head changes the input contract	A ready C5 work counter is not initialized native phase information. It changes no first-three-tick fiber, native chart or minimal auxiliary-state result.
U-NATIVE-COMMON-READY-SOURCE-RETENTION	T	T	UNCHANGED	DISTINCT_READBACK_SCOPE	FIELD-LOCAL-WORK-RECORD	5115	NOT_APPLICABLE	NOT_APPLICABLE	NOT_APPLICABLE	NOT_APPLICABLE	fails on an exact admitted source, ready or time violating the complete classification, fibre counts, QDD-sign distinction, supported-pair bound, inverse or zero treatment, or on a current-state archive violating the F3 factor equivalence; a byte or architecture mismatch without mathematical negation is integrity STOP; apparatus-only input, additional memory and physical realization are different contracts	A work-event residue does not recover the full original native source or change its 21-good/4-exceptional ready classification; virtual readback still supplies no material writing.
U-NATIVE-INVARIANT-AND-NOWRITE	T	T	UNCHANGED	RETAINED_FAMILY_BOUNDARY	FIELD-LOCAL-WORK-RECORD	1088	NOT_APPLICABLE	NOT_APPLICABLE	NOT_APPLICABLE	NOT_APPLICABLE	fails if the vector law, exact factorization, fiber sizes, codebook, recurrence or eventual-constant implication fails at the frozen class; late original-QDD readback remains bounded by the separate merger theorem	Finite retention and eventual recurrence on a changed architecture do not contradict the old permanent-writing obstruction on synchronized native fibers; transient retention and added memory were outside its conclusion.
U-NATIVE-RECORD-CONTINUATION-BOUNDARY	T	T	UNCHANGED	RETAINED_FAMILY_BOUNDARY	FIELD-CHAIN-FIRST-WORK;FIELD-LOCAL-WORK-RECORD	7113	NOT_APPLICABLE	NOT_APPLICABLE	NOT_APPLICABLE	NOT_APPLICABLE	an exact failure of the common-sign difference identity, a freshly common fixed raw target or fixed affine observation later separating two occupied payloads at a common time under the unchanged protocol, or failure of the displayed nonlinear coordinate counterexample or invariant-tail no-return; changing preparation, observation support, coupling or the common-time readiness contract changes the comparison class	An added pointer and coupling change the old fixed raw/affine native-target class. Return of only the original receiver at N+1 is not return of the complete extended state or a native reusable writer.
U-NATIVE-SOURCE-RECEIVER-RECORD	T	T	UNCHANGED	DISTINCT_CARRIER_AND_READER	FIELD-CHAIN-FIRST-WORK;FIELD-LOCAL-WORK-RECORD	6990	NOT_APPLICABLE	NOT_APPLICABLE	NOT_APPLICABLE	NOT_APPLICABLE	an exact failure of the displayed actual prefix, common receiver or source/reference independence, a declared occupied or absent preparation violating its all-time readout, a failure of the ready-carrier parametrization, invariant graph or induced-law identity, or an admitted fixed bare-memory reader resolving the displayed incompatible labels; other preparations, physical realization, renewal and new couplings are outside scope	The old unchanged-U theorem retains payloads from its five preparations and distinguishes absence. A changed chain with a work-event residue does not strengthen or replace that native payload theorem.
