L	k	n	destination_n	difference_engineering	cumulative_difference_engineering	chain0_forced_source	chain0_forced_destination	chain0_steps_since_last_reset_at_destination	chain1_forced_source	chain1_forced_destination	chain1_steps_since_last_reset_at_destination
4	1	1	2	-0.18391083532656882	-0.18391083532656882	0	1	0	0	1	0
4	1	2	3	-0.07790871387517251	-0.26181954920174144	1	0	1	1	0	1
4	1	3	4	0.27162048835847896	0.009800939156736632	0	1	0	0	1	0
4	1	4	5	0.0091462924093626	0.018947231566099454	1	0	1	1	0	1
4	1	5	6	-0.07309502279113289	-0.054147791225034325	0	1	0	0	1	0
4	1	6	7	-0.06292805334926099	-0.11707584457429565	1	0	1	1	0	1
4	1	7	8	0.06934446590547891	-0.04773137866881694	0	1	0	0	1	0
4	1	8	9	0.15452041849751214	0.10678903982869503	1	0	1	1	0	1
4	1	9	10	-0.35210989337425175	-0.24532085354555644	0	1	0	0	1	0
4	1	10	11	-0.04351561477937388	-0.2888364683249307	1	0	1	1	0	1
4	1	11	12	-0.009914825530343452	-0.29875129385527455	0	0	2	0	0	2
4	1	12	13	-0.030057169467008427	-0.3288084633222823	0	0	3	0	0	3
4	1	13	14	0.030020911336729517	-0.2987875519855523	0	0	4	0	0	4
4	1	14	15	0.022176484692953913	-0.2766110672925981	0	0	5	0	0	5
4	1	15	16	-0.01888900474628724	-0.2955000720388856	0	0	6	0	0	6
4	2	1	2	-0.040873442467413534	-0.040873442467413534	0	1	0	0	1	0
4	2	2	3	0.11051992919810516	0.0696464867306914	1	0	1	1	0	1
4	2	3	4	-0.08089330522422844	-0.011246818493536814	0	0	2	0	1	0
4	2	4	5	-0.07200481623072558	-0.08325163472426222	0	0	3	1	0	1
4	2	5	6	0.013909619467617262	-0.06934201525664552	0	1	0	0	0	2
4	2	6	7	0.1358734884832009	0.06653147322655517	1	0	1	0	0	3
4	2	7	8	-0.08658127459160841	-0.020049801365052744	0	0	2	0	1	0
4	2	8	9	0.0314613544879917	0.011411553122939289	0	0	3	1	0	1
4	2	9	10	0.0666263092726756	0.0780378623956155	0	0	4	0	0	2
4	2	10	11	0.013449402848297626	0.09148726524391293	0	0	5	0	0	3
4	2	11	12	-0.11960042689398626	-0.028113161650074048	0	0	6	0	0	4
4	2	12	13	0.04980477510037534	0.021691613450301794	0	0	7	0	0	5
4	2	13	14	0.021332355867769603	0.0430239693180714	0	0	8	0	0	6
4	2	14	15	-0.023289077144392545	0.01973489217367863	0	0	9	0	0	7
4	2	15	16	-0.04254127987978795	-0.022806387706109543	0	0	10	0	0	8
6	1	1	2	-0.16828515606734884	-0.16828515606734884	0	1	0	0	1	0
6	1	2	3	-0.19075311050003552	-0.3590382665673846	1	0	1	1	0	1
6	1	3	4	-0.11131339396706474	-0.4703516605344493	0	0	2	0	1	0
6	1	4	5	-0.05997626508964765	-0.5303279256240967	0	0	3	1	0	1
6	1	5	6	-0.09319593540709215	-0.6235238610311891	0	1	0	0	1	0
6	1	6	7	-0.09332373042849607	-0.7168475914596852	1	0	1	1	0	1
6	1	7	8	-0.02488976127266529	-0.7417373527323505	0	1	0	0	1	0
6	1	8	9	-0.01122416974324475	-0.7529615224755952	1	1	0	1	0	1
6	1	9	10	0.030570565601724997	-0.7223909568738707	1	1	0	0	1	0
6	1	10	11	-0.2197162238413955	-0.9421071807152668	1	0	1	1	0	1
6	1	11	12	-0.04453641480965409	-0.9866435955249209	0	0	2	0	1	0
6	1	12	13	0.11537877355960861	-0.8712648219653119	0	0	3	1	0	1
6	1	13	14	0.0837706559268625	-0.7874941660384494	0	1	0	0	0	2
6	1	14	15	0.06148518340755654	-0.7260089826308942	1	0	1	0	0	3
6	1	15	16	0.03004831200019109	-0.6959606706307042	0	1	0	0	1	0
6	1	16	17	-0.2395552478498944	-0.9355159184805988	1	1	0	1	0	1
6	1	17	18	0.9819666732575341	0.04645075477693439	1	0	1	0	1	0
6	1	18	19	0.05932773760869959	0.10577849238563353	0	0	2	1	0	1
6	1	19	20	0.00033530804758664934	0.10611380043322072	0	0	3	0	0	2
6	1	20	21	0.017998221850571247	0.12411202228379281	0	0	4	0	0	3
6	1	21	22	0.001215587439609811	0.12532760972340284	0	0	5	0	0	4
6	1	22	23	-0.01555439141334558	0.10977321831005682	0	0	6	0	0	5
6	1	23	24	0.022959131203001	0.13273234951305746	0	0	7	0	0	6
6	1	24	25	0.014591164950072497	0.14732351446312997	0	0	8	0	0	7
6	1	25	26	0.012710744612933589	0.16003425907606328	0	0	9	0	0	8
6	1	26	27	-0.004469169896618164	0.15556508917944534	0	0	10	0	0	9
6	1	27	28	0.021299166994731028	0.17686425617417711	0	0	11	0	0	10
6	1	28	29	-0.010193473723479396	0.16667078245069789	0	0	12	0	0	11
6	1	29	30	-0.010861331093821924	0.15580945135687507	0	0	13	0	0	12
6	1	30	31	-0.014659849367769373	0.1411496019891061	0	0	14	0	0	13
6	1	31	32	-0.023787073680665155	0.11736252830844052	0	0	15	0	0	14
6	1	32	33	-0.0017987005482101859	0.11556382776023	0	0	16	0	0	15
6	1	33	34	0.007322168204884294	0.12288599596511318	0	0	17	0	0	16
6	1	34	35	0.0014201075812449448	0.12430610354635796	0	0	18	0	0	17
6	1	35	36	-0.019332283368789394	0.10497382017756784	0	0	19	0	0	18
6	2	1	2	0.003908280423091659	0.003908280423091659	0	1	0	0	1	0
6	2	2	3	-0.03975206299359199	-0.03584378257050025	1	1	0	1	0	1
6	2	3	4	0.1319116526980031	0.09606787012750306	1	0	1	0	1	0
6	2	4	5	0.02593699190687354	0.12200486203437677	0	0	2	1	0	1
6	2	5	6	-0.052610555344301924	0.06939430669007507	0	0	3	0	1	0
6	2	6	7	-0.2342897035353126	-0.16489539684523713	0	0	4	1	1	0
6	2	7	8	-0.08088486684129037	-0.24578026368652672	0	0	5	1	0	1
6	2	8	9	-0.06712603521957997	-0.3129062989061069	0	0	6	0	0	2
6	2	9	10	-0.052426567257624845	-0.3653328661637314	0	1	0	0	1	0
6	2	10	11	0.030013429055229246	-0.3353194371085024	1	0	1	1	0	1
6	2	11	12	-0.10331837859362561	-0.438637815702128	0	0	2	0	0	2
6	2	12	13	0.03273762928132906	-0.40590018642079784	0	0	3	0	0	3
6	2	13	14	0.006576095592463638	-0.3993240908283333	0	1	0	0	0	4
6	2	14	15	-0.04176437348030956	-0.4410884643086419	1	0	1	0	0	5
6	2	15	16	-0.1272188271100522	-0.5683072914186926	0	0	2	0	0	6
6	2	16	17	-0.29306306768708895	-0.8613703591057824	0	0	3	0	0	7
6	2	17	18	-0.22597861266847236	-1.0873489717742553	0	0	4	0	0	8
6	2	18	19	-0.3863444232919303	-1.473693395066185	0	0	5	0	0	9
6	2	19	20	-0.3070067443170123	-1.7807001393831978	0	1	0	0	0	10
6	2	20	21	-0.16919641430794413	-1.9498965536911417	1	0	1	0	0	11
6	2	21	22	-0.022449187768435436	-1.972345741459577	0	0	2	0	0	12
6	2	22	23	-0.05304424217558634	-2.025389983635164	0	0	3	0	0	13
6	2	23	24	-0.02878139532725066	-2.0541713789624145	0	0	4	0	0	14
6	2	24	25	0.03708555303062459	-2.0170858259317903	0	0	5	0	0	15
6	2	25	26	-0.034815484329621116	-2.051901310261411	0	0	6	0	0	16
6	2	26	27	0.011033780339617882	-2.040867529921792	0	0	7	0	0	17
6	2	27	28	-0.03751610202869188	-2.0783836319504836	0	0	8	0	0	18
6	2	28	29	0.00503844688857169	-2.0733451850619113	0	0	9	0	0	19
6	2	29	30	-0.026947293091600044	-2.100292478153512	0	0	10	0	0	20
6	2	30	31	-0.021368389421390854	-2.121660867574903	0	0	11	0	0	21
6	2	31	32	0.000510397042329358	-2.121150470532574	0	0	12	0	0	22
6	2	32	33	0.0204834431561981	-2.100667027376376	0	0	13	0	0	23
6	2	33	34	0.03198912166537926	-2.0686779057109965	0	0	14	0	0	24
6	2	34	35	0.0037417257894124534	-2.064936179921584	0	0	15	0	0	25
6	2	35	36	-0.021877506555697868	-2.0868136864772824	0	0	16	0	0	26
8	1	1	2	-0.011108421805579027	-0.011108421805579027	0	1	0	0	1	0
8	1	2	3	-0.13985344925946508	-0.150961871065044	1	1	0	1	0	1
8	1	3	4	-0.099411618400991	-0.250373489466035	1	1	0	0	1	0
8	1	4	5	-0.00832207448840483	-0.25869556395443993	1	0	1	1	0	1
8	1	5	6	-0.06534036327179638	-0.32403592722623564	0	1	0	0	0	2
8	1	6	7	0.06780981321734592	-0.2562261140088893	1	0	1	0	0	3
8	1	7	8	0.13402773712754557	-0.12219837688134394	0	1	0	0	0	4
8	1	8	9	-0.020155588785110645	-0.1423539656664543	1	0	1	0	0	5
8	1	9	10	0.02138835213781931	-0.120965613528635	0	1	0	0	1	0
8	1	10	11	-0.0015392165039333494	-0.12250483003256818	1	0	1	1	0	1
8	1	11	12	-0.11062393671323867	-0.23312876674580707	0	0	2	0	1	0
8	1	12	13	0.14135158247276008	-0.09177718427304704	0	0	3	1	0	1
8	1	13	14	-0.1191934018693408	-0.21097058614238762	0	1	0	0	1	0
8	1	14	15	0.05184608545659963	-0.1591245006857882	1	0	1	1	0	1
8	1	15	16	-0.03089546497717577	-0.1900199656629642	0	1	0	0	1	0
8	1	16	17	-0.07531527622600927	-0.2653352418889732	1	0	1	1	0	1
8	1	17	18	-0.03382497501910309	-0.29916021690807604	0	1	0	0	1	0
8	1	18	19	-0.04875998547359012	-0.34792020238166543	1	0	1	1	0	1
8	1	19	20	-0.10171368545223358	-0.44963388783389924	0	1	0	0	1	0
8	1	20	21	-0.20017835323716485	-0.6498122410710643	1	0	1	1	0	1
8	1	21	22	0.005179231324609512	-0.644633009746455	0	1	0	0	0	2
8	1	22	23	-0.15899874722071897	-0.8036317569671745	1	0	1	0	0	3
8	1	23	24	0.05474062155316317	-0.7488911354140111	0	1	0	0	1	0
8	1	24	25	-0.025720984107579448	-0.7746121195215903	1	0	1	1	0	1
8	1	25	26	-0.08850034175676535	-0.863112461278357	0	1	0	0	1	0
8	1	26	27	0.059970305104638966	-0.8031421561737169	1	0	1	1	1	0
8	1	27	28	0.051640467158794556	-0.7515016890149209	0	0	2	1	1	0
8	1	28	29	0.1148706256670497	-0.6366310633478722	0	0	3	1	0	1
8	1	29	30	-0.29467942147009263	-0.9313104848179634	0	1	0	0	1	0
8	1	30	31	-0.04405190579213847	-0.9753623906101012	1	0	1	1	0	1
8	1	31	32	0.058853221223634566	-0.9165091693864653	0	0	2	0	1	0
8	1	32	33	0.12698527345217514	-0.7895238959342912	0	0	3	1	0	1
8	1	33	34	-0.185410384875058	-0.9749342808093466	0	1	0	0	0	2
8	1	34	35	0.1865669264757532	-0.7883673543335945	1	0	1	0	0	3
8	1	35	36	-0.9699025570964217	-1.7582699114300162	0	1	0	0	0	4
8	1	36	37	0.1611586099609117	-1.5971113014691056	1	0	1	0	0	5
8	1	37	38	-1.0237974853934773	-2.620908786862582	0	0	2	0	0	6
8	1	38	39	0.14685949068331233	-2.4740492961792704	0	0	3	0	0	7
8	1	39	40	-0.424882960555738	-2.8989322567350087	0	0	4	0	0	8
8	1	40	41	-0.008506236908330658	-2.9074384936433404	0	0	5	0	0	9
8	1	41	42	-0.024889317417010122	-2.9323278110603503	0	0	6	0	0	10
8	1	42	43	-0.013131499591556003	-2.945459310651909	0	0	7	0	0	11
8	1	43	44	-0.0063585696142317155	-2.951817880266141	0	0	8	0	0	12
8	1	44	45	-0.010249786621758808	-2.9620676668879007	0	0	9	0	0	13
8	1	45	46	0.005804048682222687	-2.956263618205675	0	0	10	0	0	14
8	1	46	47	0.009217042015573954	-2.9470465761901004	0	0	11	0	0	15
8	1	47	48	0.007532254160340285	-2.939514322029762	0	0	12	0	0	16
8	1	48	49	0.007343166489326624	-2.932171155540434	0	0	13	0	0	17
8	1	49	50	0.0018465011348484522	-2.930324654405588	0	0	14	0	0	18
8	1	50	51	0.0019927082397123153	-2.9283319461658763	0	0	15	0	0	19
8	1	51	52	0.0037594700480096943	-2.924572476117868	0	0	16	0	0	20
8	1	52	53	0.001888012431964084	-2.922684463685904	0	0	17	0	0	21
8	1	53	54	0.00013604543381942613	-2.9225484182520844	0	0	18	0	0	22
8	1	54	55	0.008856582970499446	-2.913691835281586	0	0	19	0	0	23
8	1	55	56	-0.015150491102226576	-2.9288423263838137	0	0	20	0	0	24
8	1	56	57	0.009044694958233596	-2.9197976314255794	0	0	21	0	0	25
8	1	57	58	0.014793773331880478	-2.9050038580937	0	0	22	0	0	26
8	1	58	59	-0.004843267492132652	-2.9098471255858325	0	0	23	0	0	27
8	1	59	60	0.010407666590843578	-2.899439458994989	0	0	24	0	0	28
8	1	60	61	0.009850292301434388	-2.8895891666935523	0	0	25	0	0	29
8	1	61	62	-0.004951612814479922	-2.8945407795080325	0	0	26	0	0	30
8	1	62	63	0.006973193312576731	-2.8875675861954555	0	0	27	0	0	31
8	1	63	64	0.014298297396004633	-2.873269288799449	0	0	28	0	0	32
8	2	1	2	0.11437743289055868	0.11437743289055868	0	1	0	0	0	null
8	2	2	3	0.04173195612673147	0.1561093890172902	1	0	1	0	0	null
8	2	3	4	0.10168974211158566	0.25779913112887565	0	0	2	0	1	0
8	2	4	5	-0.06263088422994789	0.19516824689892776	0	0	3	1	0	1
8	2	5	6	-0.06824175871698768	0.1269264881819403	0	1	0	0	0	2
8	2	6	7	0.07109051093400737	0.19801699911594728	1	0	1	0	1	0
8	2	7	8	-0.06383616758495236	0.13418083153099403	0	0	2	1	1	0
8	2	8	9	0.05899469654391454	0.19317552807490923	0	0	3	1	0	1
8	2	9	10	-0.03662944504050403	0.15654608303440565	0	1	0	0	1	0
8	2	10	11	0.008761960813837122	0.16530804384824282	1	0	1	1	0	1
8	2	11	12	-0.13189555605612546	0.03341248779211625	0	0	2	0	1	0
8	2	12	13	-0.02671892465155168	0.006693563140563796	0	0	3	1	0	1
8	2	13	14	0.005586426770027297	0.012279989910592093	0	1	0	0	1	0
8	2	14	15	0.021404345290003568	0.033684335200597104	1	0	1	1	0	1
8	2	15	16	0.0747929791551421	0.10847731435574026	0	0	2	0	0	2
8	2	16	17	-0.007850228602366505	0.10062708575337354	0	0	3	0	0	3
8	2	17	18	0.0165385274383425	0.11716561319171603	0	1	0	0	0	4
8	2	18	19	-0.04790216160594729	0.06926345158576908	1	0	1	0	0	5
8	2	19	20	0.07045696602865464	0.13972041761442355	0	1	0	0	0	6
8	2	20	21	-0.12762261952471549	0.012097798089707013	1	0	1	0	0	7
8	2	21	22	-0.06985014324570371	-0.05775234515599692	0	0	2	0	1	0
8	2	22	23	0.05889090275131869	0.0011385575953219984	0	0	3	1	0	1
8	2	23	24	-0.16895604585952942	-0.16781748826420717	0	0	4	0	0	2
8	2	24	25	-0.032714634278324994	-0.2005321225425316	0	0	5	0	0	3
8	2	25	26	0.013320473435645241	-0.18721164910688692	0	1	0	0	0	4
8	2	26	27	-0.08857808063372648	-0.27578972974061244	1	0	1	0	0	5
8	2	27	28	0.028337548689098435	-0.24745218105151423	0	0	2	0	0	6
8	2	28	29	0.06858286866477817	-0.17886931238673576	0	0	3	0	0	7
8	2	29	30	0.010450818621377561	-0.16841849376535833	0	0	4	0	0	8
8	2	30	31	0.01640527118110481	-0.15201322258425343	0	0	5	0	0	9
8	2	31	32	-0.008918692563548936	-0.16093191514780258	0	0	6	0	0	10
8	2	32	33	-0.22120293682422637	-0.3821348519720278	0	0	7	0	0	11
8	2	33	34	-0.19860522023222135	-0.5807400722042502	0	0	8	0	0	12
8	2	34	35	-0.17918123635961897	-0.7599213085638699	0	0	9	0	0	13
8	2	35	36	-0.2705068607474561	-1.0304281693113264	0	0	10	0	0	14
8	2	36	37	-0.10514644628023069	-1.1355746155915565	0	0	11	0	0	15
8	2	37	38	-0.00463561515510999	-1.140210230746666	0	0	12	0	0	16
8	2	38	39	0.04206372117802101	-1.098146509568645	0	0	13	0	0	17
8	2	39	40	-0.0560365631298414	-1.154183072698487	0	0	14	0	0	18
8	2	40	41	-0.04503739607699715	-1.1992204687754846	0	0	15	0	0	19
8	2	41	42	0.004955993515526447	-1.194264475259958	0	0	16	0	0	20
8	2	42	43	-0.002417057285896057	-1.1966815325458526	0	0	17	0	0	21
8	2	43	44	0.07206200999924138	-1.1246195225466113	0	0	18	0	0	22
8	2	44	45	-0.022091574472426795	-1.146711097019038	0	0	19	0	0	23
8	2	45	46	0.019578262712838662	-1.1271328343061988	0	0	20	0	0	24
8	2	46	47	0.006951229742766102	-1.1201816045634327	0	0	21	0	0	25
8	2	47	48	0.00777165404096003	-1.1124099505224727	0	0	22	0	0	26
8	2	48	49	0.014248602584418225	-1.0981613479380545	0	0	23	0	0	27
8	2	49	50	-0.04726973425065947	-1.1454310821887148	0	0	24	0	0	28
8	2	50	51	0.007646334507384167	-1.1377847476813319	0	0	25	0	0	29
8	2	51	52	0.044938504796914525	-1.0928462428844181	0	0	26	0	0	30
8	2	52	53	-0.01645580721970069	-1.1093020501041178	0	0	27	0	0	31
8	2	53	54	0.08323091868041715	-1.026071131423702	0	0	28	0	0	32
8	2	54	55	0.027151837168181703	-0.9989192942555203	0	0	29	0	0	33
8	2	55	56	-0.008530070739684481	-1.007449364995205	0	0	30	0	0	34
8	2	56	57	-0.009230256570821938	-1.016679621566027	0	0	31	0	0	35
8	2	57	58	-0.006498752971030641	-1.023178374537057	0	0	32	0	0	36
8	2	58	59	0.027538723055486658	-0.9956396514815706	0	0	33	0	0	37
8	2	59	60	-0.0654765741703397	-1.0611162256519107	0	0	34	0	0	38
8	2	60	61	0.00802325700127371	-1.0530929686506365	0	0	35	0	0	39
8	2	61	62	-0.028259079450998037	-1.0813520481016345	0	0	36	0	0	40
8	2	62	63	0.005820087735028956	-1.0755319603666056	0	0	37	0	0	41
8	2	63	64	0.030259667484297537	-1.0452722928823084	0	0	38	0	0	42
10	1	1	2	-0.04950477206063719	-0.04950477206063719	0	1	0	0	1	0
10	1	2	3	0.05789400593241567	0.00838923387177859	1	0	1	1	0	1
10	1	3	4	0.03532775358113116	0.04371698745290953	0	1	0	0	1	0
10	1	4	5	0.1587689351510641	0.20248592260397347	1	0	1	1	0	1
10	1	5	6	-0.08255054421048813	0.11993537839348534	0	1	0	0	1	0
10	1	6	7	-0.1478893431581904	-0.02795396476470513	1	0	1	1	0	1
10	1	7	8	0.035010503261429626	0.007056538496724052	0	0	2	0	0	2
10	1	8	9	0.02512575307369025	0.032182291570414634	0	0	3	0	0	3
10	1	9	10	-0.000347537930533548	0.031834753639881086	0	1	0	0	1	0
10	1	10	11	-0.019223106776581844	0.01261164686329952	1	0	1	1	1	0
10	1	11	12	-0.01967795245112325	-0.007066305587823507	0	0	2	1	0	1
10	1	12	13	0.06440809917437562	0.057341793586552114	0	0	3	0	0	2
10	1	13	14	0.07487862536041678	0.1322204189469689	0	1	0	0	0	3
10	1	14	15	-0.022255020914162427	0.10996539803280658	1	0	1	0	0	4
10	1	15	16	0.07440713405697075	0.18437253208977644	0	1	0	0	0	5
10	1	16	17	0.014364126713645287	0.19873665880342095	1	0	1	0	1	0
10	1	17	18	0.07127128638591373	0.27000794518933624	0	1	0	1	0	1
10	1	18	19	-0.0852873747975712	0.18472057039176448	1	0	1	0	0	2
10	1	19	20	0.03276942877603428	0.21748999916779788	0	1	0	0	1	0
10	1	20	21	-0.020104500815483928	0.19738549835231467	1	0	1	1	0	1
10	1	21	22	-0.06740642909658856	0.12997906925572522	0	0	2	0	1	0
10	1	22	23	0.027079870657787886	0.15705893991351338	0	0	3	1	0	1
10	1	23	24	-0.03489122144500878	0.1221677184685035	0	1	0	0	1	0
10	1	24	25	-0.06939638846680418	0.05277133000169876	1	0	1	1	0	1
10	1	25	26	0.07951349932352614	0.1322848293252239	0	0	2	0	1	0
10	1	26	27	0.044652463796133274	0.1769372931213571	0	0	3	1	0	1
10	1	27	28	0.07908377391825905	0.256021067039617	0	0	4	0	0	2
10	1	28	29	-0.0346174066704138	0.22140366036920334	0	0	5	0	0	3
10	1	29	30	-0.023403796296435964	0.19799986407276648	0	0	6	0	1	0
10	1	30	31	0.04176085920716488	0.2397607232799306	0	0	7	1	0	1
10	1	31	32	-0.06538378350901097	0.1743769397709194	0	1	0	0	0	2
10	1	32	33	0.0550839331052555	0.22946087287617445	1	0	1	0	0	3
10	1	33	34	-0.0956446741017668	0.13381619877440798	0	0	2	0	1	0
10	1	34	35	-0.15912514182939044	-0.025308943054982436	0	0	3	1	0	1
10	1	35	36	0.12239983253360931	0.09709088947862554	0	0	4	0	0	2
10	1	36	37	-0.03163259553069611	0.06545829394793046	0	0	5	0	0	3
10	1	37	38	0.04541316049063571	0.11087145443856627	0	0	6	0	0	4
10	1	38	39	-0.01796329791538745	0.09290815652317974	0	0	7	0	0	5
10	1	39	40	-0.10553827394947957	-0.012630117426297716	0	0	8	0	1	0
10	1	40	41	-0.04138765777760596	-0.05401777520390283	0	0	9	1	0	1
10	1	41	42	-0.02830604591820396	-0.08232382112210601	0	0	10	0	1	0
10	1	42	43	-0.007844169137383727	-0.09016799025948785	0	0	11	1	0	1
10	1	43	44	0.02118949386723279	-0.06897849639225484	0	1	0	0	1	0
10	1	44	45	0.007570794495936506	-0.061407701896317946	1	0	1	1	0	1
10	1	45	46	0.010919431964640736	-0.050488269931676655	0	0	2	0	1	0
10	1	46	47	0.021025181462032833	-0.02946308846964385	0	0	3	1	0	1
10	1	47	48	-0.029284135111739218	-0.058747223581384844	0	1	0	0	0	2
10	1	48	49	-0.0684145905237474	-0.12716181410513272	1	1	0	0	0	3
10	1	49	50	0.1108156007436083	-0.016346213361522643	1	0	1	0	0	4
10	1	50	51	-0.011076957821577922	-0.027423171183102113	0	0	2	0	0	5
10	1	51	52	0.1150522192171245	0.08762904803402094	0	1	0	0	0	6
10	1	52	53	0.03753678991570869	0.12516583794973002	1	0	1	0	0	7
10	1	53	54	-0.0182796595615059	0.10688617838822267	0	1	0	0	0	8
10	1	54	55	-0.2369469535872935	-0.13006077519906967	1	0	1	0	0	9
10	1	55	56	0.5997262747073754	0.46966549950830583	0	0	2	0	1	0
10	1	56	57	-0.015084572094280338	0.45458092741402467	0	0	3	1	0	1
10	1	57	58	0.5744497228590973	1.0290306502731212	0	0	4	0	0	2
10	1	58	59	-0.015437821434040752	1.0135928288390836	0	0	5	0	0	3
10	1	59	60	0.612394596140335	1.6259874249794173	0	0	6	0	1	0
10	1	60	61	0.06564868436946332	1.691636109348881	0	0	7	1	0	1
10	1	61	62	0.2931636054713037	1.9847997148201841	0	0	8	0	1	0
10	1	62	63	0.041462041409309355	2.026261756229495	0	0	9	1	0	1
10	1	63	64	0.13225447837935367	2.1585162346088467	0	0	10	0	0	2
10	1	64	65	-0.07535322509123604	2.083163009517609	0	0	11	0	0	3
10	1	65	66	0.3145091041036297	2.3976721136212404	0	0	12	0	0	4
10	1	66	67	0.008580112520384146	2.406252226141625	0	0	13	0	0	5
10	1	67	68	0.012344422622422115	2.4185966487640442	0	0	14	0	0	6
10	1	68	69	0.007666018827928729	2.4262626675919705	0	0	15	0	0	7
10	1	69	70	0.02085208822003612	2.447114755812006	0	0	16	0	0	8
10	1	70	71	0.02536918052893139	2.472483936340936	0	0	17	0	0	9
10	1	71	72	0.007179890764881132	2.479663827105817	0	0	18	0	0	10
10	1	72	73	0.0115434683786029	2.491207295484422	0	0	19	0	0	11
10	1	73	74	0.0024369379887152487	2.4936442334731375	0	0	20	0	0	12
10	1	74	75	0.00722944873731695	2.500873682210454	0	0	21	0	0	13
10	1	75	76	0.006312875632588345	2.507186557843042	0	0	22	0	0	14
10	1	76	77	0.005775162345662478	2.512961720188706	0	0	23	0	0	15
10	1	77	78	0.01891651410753574	2.53187823429624	0	0	24	0	0	16
10	1	78	79	0.001506835544837437	2.5333850698410743	0	0	25	0	0	17
10	1	79	80	0.03999868380042429	2.573383753641501	0	0	26	0	0	18
10	1	80	81	0.008966360891523622	2.5823501145330248	0	0	27	0	0	19
10	1	81	82	0.00358063169098706	2.5859307462240118	0	0	28	0	0	20
10	1	82	83	0.008581598639811783	2.5945123448638263	0	0	29	0	0	21
10	1	83	84	0.011050238839515836	2.6055625837033425	0	0	30	0	0	22
10	1	84	85	-0.0013557985737951833	2.604206785129545	0	0	31	0	0	23
10	1	85	86	0.026389037087910114	2.6305958222174546	0	0	32	0	0	24
10	1	86	87	0.000872894232346183	2.6314687164498025	0	0	33	0	0	25
10	1	87	88	-0.012960559227195717	2.6185081572226068	0	0	34	0	0	26
10	1	88	89	-0.004764928962819742	2.6137432282597857	0	0	35	0	0	27
10	1	89	90	0.01749929206516146	2.6312425203249497	0	0	36	0	0	28
10	1	90	91	-0.011753701416104878	2.619488818908845	0	0	37	0	0	29
10	1	91	92	0.0007368148241812256	2.6202256337330248	0	0	38	0	0	30
10	1	92	93	-0.010490042373373726	2.6097355913596516	0	0	39	0	0	31
10	1	93	94	0.029357963483243626	2.639093554842894	0	0	40	0	0	32
10	1	94	95	-0.0002975769222550717	2.6387959779206405	0	0	41	0	0	33
10	1	95	96	-0.02380125579910508	2.614994722121537	0	0	42	0	0	34
10	1	96	97	0.0032343383261684566	2.6182290604477068	0	0	43	0	0	35
10	1	97	98	0.01782777003371494	2.6360568304814223	0	0	44	0	0	36
10	1	98	99	0.008921868722236437	2.6449786992036586	0	0	45	0	0	37
10	1	99	100	-0.00047718060616697144	2.6445015185974903	0	0	46	0	0	38
10	2	1	2	0.026104748636015973	0.026104748636015973	0	1	0	0	1	0
10	2	2	3	-0.09981702499938519	-0.0737122763633693	1	0	1	1	0	1
10	2	3	4	-0.1519357942514037	-0.2256480706147732	0	1	0	0	0	2
10	2	4	5	-0.030356457319234476	-0.25600452793400796	1	0	1	0	0	3
10	2	5	6	0.03878178843110813	-0.2172227395028994	0	0	2	0	0	4
10	2	6	7	-0.10798277709760823	-0.32520551660050767	0	0	3	0	0	5
10	2	7	8	0.07318672041671115	-0.25201879618379674	0	0	4	0	0	6
10	2	8	9	-0.08583221413807224	-0.33785101032186926	0	0	5	0	0	7
10	2	9	10	0.11473536278596685	-0.22311564753590307	0	0	6	0	0	8
10	2	10	11	-0.0030666163469579844	-0.2261822638828601	0	0	7	0	0	9
10	2	11	12	-0.019383402140503825	-0.2455656660233636	0	1	0	0	1	0
10	2	12	13	0.014363283133597499	-0.2312023828897658	1	0	1	1	0	1
10	2	13	14	0.059928264298503064	-0.1712741185912634	0	0	2	0	0	2
10	2	14	15	-0.03158409217956326	-0.20285821077082744	0	0	3	0	0	3
10	2	15	16	-0.06472557280449975	-0.2675837835753274	0	0	4	0	0	4
10	2	16	17	0.042654169221529176	-0.22492961435379932	0	0	5	0	0	5
10	2	17	18	0.07358314002527433	-0.15134647432852333	0	1	0	0	0	6
10	2	18	19	0.0771156730001576	-0.07423080132836546	1	0	1	0	0	7
10	2	19	20	-0.08274764125421852	-0.15697844258258264	0	0	2	0	0	8
10	2	20	21	-0.0381468125038526	-0.19512525508643463	0	0	3	0	0	9
10	2	21	22	-0.014518248097881048	-0.20964350318431535	0	0	4	0	0	10
10	2	22	23	-0.08834589564736044	-0.2979893988316764	0	0	5	0	0	11
10	2	23	24	0.1238916428861414	-0.17409775594553523	0	0	6	0	0	12
10	2	24	25	0.06769662768091667	-0.10640112826461845	0	0	7	0	0	13
10	2	25	26	-0.045278282406603365	-0.15167941067122115	0	0	8	0	0	14
10	2	26	27	0.2511860336484849	0.09950662297726431	0	0	9	0	0	15
10	2	27	28	-0.152732038351803	-0.05322541537453773	0	1	0	0	0	16
10	2	28	29	-0.10507199972400348	-0.15829741509854145	1	0	1	0	0	17
10	2	29	30	-0.033494694037237746	-0.19179210913577904	0	0	2	0	0	18
10	2	30	31	0.04847595869962118	-0.14331615043615642	0	0	3	0	0	19
10	2	31	32	0.07941317093123645	-0.06390297950492041	0	0	4	0	0	20
10	2	32	33	-0.06888931751561611	-0.1327922970205364	0	0	5	0	0	21
10	2	33	34	0.03084802524363156	-0.10194427177690457	0	0	6	0	0	22
10	2	34	35	0.011772589612792934	-0.09017168216411164	0	0	7	0	0	23
10	2	35	36	0.16836253768809015	0.07819085552397809	0	0	8	0	0	24
10	2	36	37	-0.01900558133733074	0.05918527418664965	0	0	9	0	0	25
10	2	37	38	-0.11059663293181136	-0.05141135874516323	0	0	10	0	0	26
10	2	38	39	0.10288026547988358	0.051468906734719155	0	0	11	0	0	27
10	2	39	40	-0.5111567781877209	-0.4596878714530028	0	0	12	0	0	28
10	2	40	41	-0.032581153614445135	-0.4922690250674471	0	0	13	0	0	29
10	2	41	42	0.08311840943750642	-0.40915061562994026	0	0	14	0	0	30
10	2	42	43	0.058713102011629464	-0.35043751361831	0	0	15	0	0	31
10	2	43	44	0.010943200698417324	-0.33949431291989285	0	0	16	0	0	32
10	2	44	45	0.07262573767006167	-0.26686857524983054	0	0	17	0	0	33
10	2	45	46	0.004561167495823651	-0.2623074077540082	0	0	18	0	0	34
10	2	46	47	-0.08282803316735741	-0.3451354409213643	0	0	19	0	0	35
10	2	47	48	0.006851650433235101	-0.3382837904881306	0	0	20	0	0	36
10	2	48	49	0.04820228817270164	-0.2900815023154273	0	0	21	0	0	37
10	2	49	50	-0.06996745675318466	-0.3600489590686138	0	0	22	0	0	38
10	2	50	51	0.009658692594474272	-0.3503902664741396	0	0	23	0	0	39
10	2	51	52	0.011473998744977038	-0.33891626772916084	0	0	24	0	0	40
10	2	52	53	0.036798503531719665	-0.3021177641974404	0	0	25	0	0	41
10	2	53	54	0.02128907305670099	-0.2808286911407407	0	0	26	0	0	42
10	2	54	55	-0.03638126096334754	-0.3172099521040863	0	0	27	0	0	43
10	2	55	56	0.04983123501799323	-0.2673787170860926	0	0	28	0	0	44
10	2	56	57	0.01572001578039323	-0.25165870130570056	0	0	29	0	0	45
10	2	57	58	-0.015484136461708521	-0.267142837767409	0	0	30	0	0	46
10	2	58	59	-0.020253284377134764	-0.2873961221445427	0	0	31	0	0	47
10	2	59	60	0.001630990526917453	-0.2857651316176266	0	0	32	0	0	48
10	2	60	61	0.011030023670664357	-0.2747351079469631	0	0	33	0	0	49
10	2	61	62	-0.037062245633334184	-0.31179735358029603	0	0	34	0	0	50
10	2	62	63	0.046110378389587744	-0.26568697519071094	0	0	35	0	0	51
10	2	63	64	0.0522350215777737	-0.2134519536129389	0	0	36	0	0	52
10	2	64	65	0.1126708631334241	-0.100781090479515	0	0	37	0	0	53
10	2	65	66	0.07310007380720193	-0.027681016672314485	0	0	38	0	0	54
10	2	66	67	-0.0012199536131161232	-0.028900970285430816	0	0	39	0	0	55
10	2	67	68	0.02093941216308917	-0.007961558122342893	0	0	40	0	0	56
10	2	68	69	-0.006957795647220516	-0.01491935376956377	0	0	41	0	0	57
10	2	69	70	-0.02148594728359221	-0.036405301053154204	0	0	42	0	0	58
10	2	70	71	-0.039346999206642724	-0.07575230025979707	0	0	43	0	0	59
10	2	71	72	0.037472637849639515	-0.03827966241015801	0	0	44	0	0	60
10	2	72	73	0.007860147290758512	-0.030419515119398	0	0	45	0	0	61
10	2	73	74	0.014224568892904924	-0.016194946226494977	0	0	46	0	0	62
10	2	74	75	0.01603039471265144	-0.0001645515138442022	0	0	47	0	0	63
10	2	75	76	0.03793439380113352	0.03776984228728608	0	0	48	0	0	64
10	2	76	77	-0.016198002977936915	0.021571839309348917	0	0	49	0	0	65
10	2	77	78	-0.02628652667072104	-0.004714687361371261	0	0	50	0	0	66
10	2	78	79	0.01741390951329813	0.012699222151926648	0	0	51	0	0	67
10	2	79	80	0.02812925926212495	0.04082848141404938	0	0	52	0	0	68
10	2	80	81	-0.028194504946656193	0.012633976467391506	0	0	53	0	0	69
10	2	81	82	0.024605524510604604	0.03723950097799644	0	0	54	0	0	70
10	2	82	83	0.01703800322105231	0.05427750419904953	0	0	55	0	0	71
10	2	83	84	-0.015620141401698318	0.03865736279734833	0	0	56	0	0	72
10	2	84	85	0.004756640412083096	0.04341400320943123	0	0	57	0	0	73
10	2	85	86	-0.007379451449597951	0.03603455175983328	0	0	58	0	0	74
10	2	86	87	-0.03592130314586783	0.00011324861396566632	0	0	59	0	0	75
10	2	87	88	-0.056003068025572894	-0.05588981941160753	0	0	60	0	0	76
10	2	88	89	0.004653574923192683	-0.051236244488414684	0	0	61	0	0	77
10	2	89	90	0.025823106144786334	-0.02541313834362846	0	0	62	0	0	78
10	2	90	91	-0.020738023689131024	-0.04615116203275882	0	0	63	0	0	79
10	2	91	92	0.05920641926363246	0.013055257230872641	0	0	64	0	0	80
10	2	92	93	0.032128654515010124	0.0451839117458821	0	0	65	0	0	81
10	2	93	94	-0.03588909671143181	0.009294815034451176	0	0	66	0	0	82
10	2	94	95	0.009456960062038333	0.018751775096490064	0	0	67	0	0	83
10	2	95	96	-0.025962235340987183	-0.007210460244497341	0	0	68	0	0	84
10	2	96	97	0.025029478847779618	0.017819018603281833	0	0	69	0	0	85
10	2	97	98	-0.0009060292597898867	0.016912989343492058	0	0	70	0	0	86
10	2	98	99	0.010066018336855831	0.026979007680347777	0	0	71	0	0	87
10	2	99	100	-0.007261791592332423	0.019717216088016798	0	0	72	0	0	88
