L	k	n	chain0_forced	chain1_forced	difference_engineering
4	1	1	0	0	-0.09710102960111833
4	1	2	1	1	-0.11936682576115451
4	1	3	0	0	0.23207207066758762
4	1	4	1	1	0.08007185324446409
4	1	5	0	0	-0.11216732404762508
4	1	6	1	1	-0.14282579230090245
4	1	7	0	0	0.07245621321770043
4	1	8	1	1	0.11103109002496346
4	1	9	0	0	-0.24798181163958474
4	1	10	1	1	-0.0725205842050142
4	1	11	0	0	0.014076205260796726
4	1	12	0	0	-0.02169095913413699
4	1	13	0	0	0.015711267634527626
4	1	14	0	0	-0.0060371454378547185
4	1	15	0	0	0.0009394484048094176
4	1	16	0	0	-0.0021667483663425358
4	2	1	0	0	-0.03827118186654954
4	2	2	1	1	0.027401522996168937
4	2	3	0	0	-0.027582067867292337
4	2	4	0	1	0.030039209592637728
4	2	5	0	0	-0.09552272087602731
4	2	6	1	0	0.09903441549485137
4	2	7	0	0	0.05600674816173756
4	2	8	0	1	-0.052664528608631966
4	2	9	0	0	0.03048944364307843
4	2	10	0	0	0.10213178906365099
4	2	11	0	0	-0.13503393232976224
4	2	12	0	0	-0.017423928494693708
4	2	13	0	0	0.05097542929734156
4	2	14	0	0	-0.00774181399399565
4	2	15	0	0	-0.04721384971514475
4	2	16	0	0	0.0025690777965216016
6	1	1	0	0	-0.2687452685070686
6	1	2	1	1	0.05951855373405011
6	1	3	0	0	-0.20997714238870535
6	1	4	0	1	-0.04977266351455216
6	1	5	0	0	-0.1337338824413965
6	1	6	1	1	-0.0314203251569402
6	1	7	0	0	-0.06142843030195766
6	1	8	1	1	-0.028990028538080144
6	1	9	1	0	-0.00666931660826986
6	1	10	1	1	0.033574451441831285
6	1	11	0	0	-0.31457881135128674
6	1	12	0	1	0.026992187410958553
6	1	13	0	0	0.21003450035577687
6	1	14	1	0	-0.030529999579911267
6	1	15	0	0	0.08498210865186384
6	1	16	1	1	0.031379810505665705
6	1	17	1	0	0.7101937152463536
6	1	18	0	1	0.10493631511500445
6	1	19	0	0	-0.03405742425057166
6	1	20	0	0	0.022226327077862096
6	1	21	0	0	0.0028908000841225134
6	1	22	0	0	0.006534017205710813
6	1	23	0	0	0.001315487689207695
6	1	24	0	0	0.0229005509347604
6	1	25	0	0	0.010339571345037657
6	1	26	0	0	-0.0017254366810304511
6	1	27	0	0	0.011091702663732272
6	1	28	0	0	0.015333234258918332
6	1	29	0	0	-0.03806284951937386
6	1	30	0	0	0.0011369119281070816
6	1	31	0	0	-0.023699176223382162
6	1	32	0	0	-0.010743483134875526
6	1	33	0	0	0.007001497802469114
6	1	34	0	0	0.011894778422444241
6	1	35	0	0	-0.024401329096408908
6	1	36	0	0	-0.0007671344024923754
6	2	1	0	0	-0.06363896163465577
6	2	2	1	1	0.083795279015074
6	2	3	1	0	0.039416868877255595
6	2	4	0	1	0.033925903458807416
6	2	5	0	0	-0.03496490906758598
6	2	6	0	1	-0.06932758095743607
6	2	7	0	1	-0.20705087117998922
6	2	8	0	0	-0.024720485682662663
6	2	9	0	0	-0.08387974065452786
6	2	10	1	1	-0.08714614019366035
6	2	11	0	0	0.0004590424092653089
6	2	12	0	0	-0.030942891639084924
6	2	13	0	0	0.03952306273910566
6	2	14	1	0	-0.028827646123394113
6	2	15	0	0	0.027455507699304937
6	2	16	0	0	-0.3216636237229967
6	2	17	0	0	-0.2961362048978091
6	2	18	0	0	-0.2977184227469156
6	2	19	0	0	-0.3832230233231726
6	2	20	1	0	-0.13287449103031634
6	2	21	0	0	-0.18107115729471804
6	2	22	0	0	0.046392370877327366
6	2	23	0	0	-0.06540969641264499
6	2	24	0	0	0.038699269886074666
6	2	25	0	0	-0.002435211990273245
6	2	26	0	0	-0.04007678777421775
6	2	27	0	0	-0.02868243834305395
6	2	28	0	0	0.018345755447293166
6	2	29	0	0	-0.01713426756215486
6	2	30	0	0	-0.026939364962479728
6	2	31	0	0	-0.026127700066741477
6	2	32	0	0	0.02150525778153145
6	2	33	0	0	0.021670710176999175
6	2	34	0	0	0.0010333400944331217
6	2	35	0	0	-0.011834737563861886
6	2	36	0	0	0.002790299884594838
8	1	1	0	0	-0.045543450547300246
8	1	2	1	1	0.0428670920633341
8	1	3	1	0	-0.27615011423035507
8	1	4	1	1	0.03581149978517867
8	1	5	0	0	-0.0875837143160223
8	1	6	1	0	-0.005215852618556879
8	1	7	0	0	0.15739426827025516
8	1	8	1	0	0.05486233969219875
8	1	9	0	0	-0.034619862626570796
8	1	10	1	1	0.017440350359507507
8	1	11	0	0	-0.11531691632075758
8	1	12	0	1	0.038819873456543544
8	1	13	0	0	0.024732536137021643
8	1	14	1	1	0.0055385534661692055
8	1	15	0	0	0.010431431828918702
8	1	16	1	1	-0.016379497643133546
8	1	17	0	0	-0.10205044960568244
8	1	18	1	1	-0.0409022451522331
8	1	19	0	0	-0.1855047091266342
8	1	20	1	1	0.07049761368124112
8	1	21	0	0	-0.160793202684265
8	1	22	1	0	-0.05636099853535258
8	1	23	0	0	-0.0482599612675062
8	1	24	1	1	-0.032354292884982025
8	1	25	0	0	-0.12184148398836137
8	1	26	1	1	0.006696262279614028
8	1	27	0	1	0.11318449156648724
8	1	28	0	1	0.01030779640667416
8	1	29	0	0	-0.2042126032844348
8	1	30	1	1	0.018994970728142012
8	1	31	0	0	-0.0558830744736496
8	1	32	0	1	0.09177639948339923
8	1	33	0	0	-0.11249782614676407
8	1	34	1	0	-0.011957361231119772
8	1	35	0	0	-0.7355533839296098
8	1	36	1	0	-0.09373381748985934
8	1	37	0	0	-0.76503550127024
8	1	38	0	0	-0.06984994534557001
8	1	39	0	0	-0.22758584798018555
8	1	40	0	0	0.005248366789009765
8	1	41	0	0	-0.015086891143009293
8	1	42	0	0	-0.029774337727833708
8	1	43	0	0	0.0006952032828680538
8	1	44	0	0	-0.009207461848199108
8	1	45	0	0	-0.014333173895236043
8	1	46	0	0	0.008745046785848351
8	1	47	0	0	0.013541680745281434
8	1	48	0	0	0.012166305659162921
8	1	49	0	0	-0.0024989937243559274
8	1	50	0	0	0.004568932533374079
8	1	51	0	0	0.004411381338527781
8	1	52	0	0	0.00766956875517974
8	1	53	0	0	-0.015808141688206212
8	1	54	0	0	0.02336452050901909
8	1	55	0	0	-0.005284615766137313
8	1	56	0	0	-0.0056302434573588245
8	1	57	0	0	0.01182893414429595
8	1	58	0	0	0.016300333290411834
8	1	59	0	0	-0.01546666334009511
8	1	60	0	0	0.022391629199867896
8	1	61	0	0	-0.008014301479608438
8	1	62	0	0	0.004220646650180737
8	1	63	0	0	0.019405071820917497
8	1	64	0	0	-0.0008914527388945714
8	2	1	0	0	0.09144176802710202
8	2	2	1	0	0.03647312499257582
8	2	3	0	0	0.07874496714231594
8	2	4	0	1	0.0436515822377852
8	2	5	0	0	-0.09805100496617591
8	2	6	1	0	-0.008956523582497766
8	2	7	0	1	0.03920266753067758
8	2	8	0	1	-0.031041356411485976
8	2	9	0	0	0.026052690585407934
8	2	10	1	1	-0.023501960908606512
8	2	11	0	0	-0.10872464315027547
8	2	12	0	1	-0.03835417370715111
8	2	13	0	0	0.03620628114414759
8	2	14	1	1	-0.053510254550539926
8	2	15	0	0	0.11246471462704066
8	2	16	0	0	0.03580197049452194
8	2	17	0	0	-0.04292904042483703
8	2	18	1	0	0.04711941422106497
8	2	19	0	0	0.022229048754921155
8	2	20	1	0	-0.11279041411627241
8	2	21	0	0	-0.11810527072145655
8	2	22	0	1	0.0314759926188273
8	2	23	0	0	-0.017698287858620376
8	2	24	0	0	-0.15408908251232045
8	2	25	0	0	0.087805556691462
8	2	26	1	0	-0.14825788729681935
8	2	27	0	0	0.032538329665854515
8	2	28	0	0	0.05907784739003186
8	2	29	0	0	-0.0012877260349254682
8	2	30	0	0	0.035315378022454484
8	2	31	0	0	-0.015938499065293182
8	2	32	0	0	-0.019216080797484922
8	2	33	0	0	-0.3330366227040535
8	2	34	0	0	-0.09880699339840504
8	2	35	0	0	-0.26210939370967057
8	2	36	0	0	-0.2503468647567156
8	2	37	0	0	-0.020859771099223767
8	2	38	0	0	0.03488581296717527
8	2	39	0	0	-0.0014876884098396492
8	2	40	0	0	-0.06673849653735044
8	2	41	0	0	-0.04135352740832426
8	2	42	0	0	-0.0005997671658412584
8	2	43	0	0	0.058552277451096923
8	2	44	0	0	0.025808170719657186
8	2	45	0	0	0.013494415961400191
8	2	46	0	0	0.013604559630526758
8	2	47	0	0	-0.0018021429197505046
8	2	48	0	0	-0.028378313779234637
8	2	49	0	0	0.027983592812993063
8	2	50	0	0	-0.04593869886749555
8	2	51	0	0	0.05928305584552385
8	2	52	0	0	0.007734120710742642
8	2	53	0	0	0.007533037311030333
8	2	54	0	0	0.0706805669006369
8	2	55	0	0	0.01318970284952048
8	2	56	0	0	0.012936427262782324
8	2	57	0	0	-0.056624097113937066
8	2	58	0	0	0.03331139019201357
8	2	59	0	0	-0.016802919922400572
8	2	60	0	0	-0.0387260968610077
8	2	61	0	0	-0.00875895524333381
8	2	62	0	0	-0.017878253356652496
8	2	63	0	0	0.04639270925429606
8	2	64	0	0	-0.0035626575398953197
10	1	1	0	0	-0.17208341851762898
10	1	2	1	1	0.11379714153241813
10	1	3	0	0	0.12376317337123455
10	1	4	1	1	-0.0164861893161886
10	1	5	0	0	0.1139923435380612
10	1	6	1	1	-0.04461174338686612
10	1	7	0	0	-0.11272129449362389
10	1	8	0	0	-0.001069727742435772
10	1	9	0	0	0.028003768114492678
10	1	10	1	1	-0.022789231717252077
10	1	11	0	1	-0.0058147272012842866
10	1	12	0	0	-0.010537692946990126
10	1	13	0	0	0.1252510432526469
10	1	14	1	0	0.0038834240432630562
10	1	15	0	0	0.07296891513597548
10	1	16	1	0	0.0003227159474078166
10	1	17	0	1	0.04472307276937004
10	1	18	1	0	0.007719173224805323
10	1	19	0	0	-0.0518940235692511
10	1	20	1	1	-0.002477056564427274
10	1	21	0	0	-0.03386611655236682
10	1	22	0	1	-0.01537445244285875
10	1	23	0	0	-0.020363331350418234
10	1	24	1	1	-0.007863799670046748
10	1	25	0	0	0.019110742836402905
10	1	26	0	1	-0.0008662833607633522
10	1	27	0	0	0.1493783614717441
10	1	28	0	0	-0.019920100463366758
10	1	29	0	0	-0.012604434010140553
10	1	30	0	1	-0.042945097573112934
10	1	31	0	0	-0.027271644991789024
10	1	32	1	0	-0.003560464131106434
10	1	33	0	0	0.00012966805900027634
10	1	34	0	1	-0.03952733361236306
10	1	35	0	0	-0.07017727736799029
10	1	36	0	0	0.01325429623604386
10	1	37	0	0	0.010584705743428624
10	1	38	0	0	0.027313752411997735
10	1	39	0	0	-0.06814982689283366
10	1	40	0	1	-0.10273316283575465
10	1	41	0	0	-0.03854341504014325
10	1	42	0	1	-0.02501755116797814
10	1	43	0	0	0.033046774275434454
10	1	44	1	1	0.005683831546271976
10	1	45	0	0	-0.0455445739183018
10	1	46	0	1	0.08129533663939426
10	1	47	0	0	0.007336716570370494
10	1	48	1	0	-0.05293951534920944
10	1	49	1	0	0.10150790832055007
10	1	50	0	0	-0.021391242139198144
10	1	51	0	0	0.12957964784755793
10	1	52	1	0	-0.03276569978919773
10	1	53	0	0	-0.025917485521448014
10	1	54	1	0	0.02344022507204191
10	1	55	0	0	0.39184697159043086
10	1	56	0	1	0.06802494963956338
10	1	57	0	0	0.4952450492445826
10	1	58	0	0	0.06617940513981309
10	1	59	0	0	0.539922436973695
10	1	60	0	1	0.051105978932787205
10	1	61	0	0	0.29106055458652724
10	1	62	0	1	0.021474391779539557
10	1	63	0	0	0.13182985918207246
10	1	64	0	0	0.08903749735586959
10	1	65	0	0	0.16396001512620667
10	1	66	0	0	-0.006428106311587661
10	1	67	0	0	0.021399717997448227
10	1	68	0	0	0.003978952910122353
10	1	69	0	0	0.013990769832771394
10	1	70	0	0	0.029865914494672727
10	1	71	0	0	0.035156538213975165
10	1	72	0	0	-0.014473501189833267
10	1	73	0	0	0.01558626392951154
10	1	74	0	0	-0.0020234957894652364
10	1	75	0	0	0.005415177652921092
10	1	76	0	0	0.016928470134074766
10	1	77	0	0	0.0178511371149387
10	1	78	0	0	-0.00849369997049225
10	1	79	0	0	0.03425650357622537
10	1	80	0	0	0.019802725587176634
10	1	81	0	0	-0.005697593476662939
10	1	82	0	0	0.007146343304843802
10	1	83	0	0	0.021319892949422492
10	1	84	0	0	-0.0009331891573244044
10	1	85	0	0	0.01454591518125549
10	1	86	0	0	0.019151540279023146
10	1	87	0	0	-0.00553034004579335
10	1	88	0	0	-0.021513776393009623
10	1	89	0	0	0.02307461830727539
10	1	90	0	0	-0.010041199255965305
10	1	91	0	0	0.003925376257865931
10	1	92	0	0	-0.03056480854608193
10	1	93	0	0	0.024761343871251312
10	1	94	0	0	0.023542171490677333
10	1	95	0	0	-0.01718011291279961
10	1	96	0	0	-0.008721970040091814
10	1	97	0	0	0.00025351196039183344
10	1	98	0	0	0.02059681703630914
10	1	99	0	0	0.004756734733526946
10	1	100	0	0	0.0008509409962534908
10	2	1	0	0	0.014086344446258448
10	2	2	1	1	0.010292261526643087
10	2	3	0	0	-0.23917434233815538
10	2	4	1	0	-0.016477512577341646
10	2	5	0	0	0.006059809279055028
10	2	6	0	0	0.040935214639284845
10	2	7	0	0	-0.0651270116174848
10	2	8	0	0	-0.05487433485526516
10	2	9	0	0	0.05684470680070686
10	2	10	0	0	0.029469540827173013
10	2	11	0	0	0.025768530185594107
10	2	12	1	1	-0.07196820410849586
10	2	13	0	0	0.1184757813309818
10	2	14	0	0	-0.02661392030585391
10	2	15	0	0	-0.08627893049094038
10	2	16	0	0	-0.006436469294484937
10	2	17	0	0	0.08337541214982902
10	2	18	1	0	0.06231588260128684
10	2	19	0	0	-0.028141815097409095
10	2	20	0	0	-0.03254644363257653
10	2	21	0	0	-0.053454583301553504
10	2	22	0	0	0.018571460880413893
10	2	23	0	0	0.04817094923805815
10	2	24	0	0	-0.00595146957051057
10	2	25	0	0	-0.034062392977318445
10	2	26	0	0	0.1265887756950882
10	2	27	0	0	0.03320837460109535
10	2	28	1	0	-0.04647342385410497
10	2	29	0	0	-0.0324305841973828
10	2	30	0	0	-0.04737442909875689
10	2	31	0	0	0.06289525602712365
10	2	32	0	0	0.029761066059592556
10	2	33	0	0	0.032280685499992384
10	2	34	0	0	-0.0650452609667321
10	2	35	0	0	0.16149057997804006
10	2	36	0	0	0.040581752006441416
10	2	37	0	0	-0.11645605801142739
10	2	38	0	0	0.04802702091797011
10	2	39	0	0	-0.3664840710044257
10	2	40	0	0	-0.1194518352861365
10	2	41	0	0	0.0120402093674436
10	2	42	0	0	0.01470497438710211
10	2	43	0	0	0.11011495526675111
10	2	44	0	0	0.018640216126000406
10	2	45	0	0	0.051096617954460896
10	2	46	0	0	-0.01764325257334437
10	2	47	0	0	-0.0933278951769764
10	2	48	0	0	0.0761776540340344
10	2	49	0	0	-0.0366508786410043
10	2	50	0	0	-0.04147340139168861
10	2	51	0	0	0.027295208693420836
10	2	52	0	0	0.026813944150464467
10	2	53	0	0	0.038731907722059575
10	2	54	0	0	-0.0038768009847131163
10	2	55	0	0	-0.018667828316411055
10	2	56	0	0	0.04598396405097402
10	2	57	0	0	0.020268163637806556
10	2	58	0	0	-0.04572953332454093
10	2	59	0	0	0.020457982218593407
10	2	60	0	0	-0.010819765727142786
10	2	61	0	0	-0.04244117801193764
10	2	62	0	0	-0.018218858859060702
10	2	63	0	0	0.09605985269280654
10	2	64	0	0	0.07912465825010272
10	2	65	0	0	0.09364776226224597
10	2	66	0	0	0.06485958680747304
10	2	67	0	0	-0.01336261253564062
10	2	68	0	0	0.0244728633712806
10	2	69	0	0	-0.07559186576864402
10	2	70	0	0	-0.00798442983973191
10	2	71	0	0	-0.00868964535347392
10	2	72	0	0	0.07008305293505321
10	2	73	0	0	-0.01691712934489087
10	2	74	0	0	0.04327804832219592
10	2	75	0	0	-0.002331046540811718
10	2	76	0	0	0.003261433087447696
10	2	77	0	0	-0.008722451393686798
10	2	78	0	0	0.006387869978068755
10	2	79	0	0	0.009374627569564808
10	2	80	0	0	0.009742094042141075
10	2	81	0	0	-0.022991708040458407
10	2	82	0	0	0.04687373726083213
10	2	83	0	0	-0.0033187062387086685
10	2	84	0	0	-0.021423710017324044
10	2	85	0	0	0.019966356718068623
10	2	86	0	0	-0.03968171885659011
10	2	87	0	0	-0.047485811825566104
10	2	88	0	0	-0.033791752199671066
10	2	89	0	0	0.0423742785704706
10	2	90	0	0	0.0025691118322023754
10	2	91	0	0	-0.006351997103098417
10	2	92	0	0	0.08084141358569741
10	2	93	0	0	-0.010260965585282888
10	2	94	0	0	-0.04402306035356229
10	2	95	0	0	0.013013315250127833
10	2	96	0	0	-0.0185591724202675
10	2	97	0	0	0.03387170239608939
10	2	98	0	0	0.006618101716420299
10	2	99	0	0	-0.016897486982141996
10	2	100	0	0	0.003829903132724244
